"Código","Unidade Territorial","UF","Referência","Quantidade de pessoas em famílias beneficiárias do Programa Bolsa Família em situação de pobreza, segundo a faixa do Programa*","Quantidade de pessoas em famílias de baixa renda** beneficiárias do Programa Bolsa Família","Quantidade de pessoas em famílias com renda per capita mensal acima de meio salário-mínimo*** beneficiárias do Programa Bolsa Família"
"410010","ABATIÁ","PR","08/2026","811","352","0"
"410010","ABATIÁ","PR","06/2026","825","351","0"
"410010","ABATIÁ","PR","05/2026","828","332","0"
"410010","ABATIÁ","PR","04/2026","823","381","0"
"410010","ABATIÁ","PR","03/2026","837","383","0"
"410010","ABATIÁ","PR","02/2026","819","437","0"
"410010","ABATIÁ","PR","05/2025","970","414","0"
"410010","ABATIÁ","PR","08/2025","882","426","0"
"410010","ABATIÁ","PR","03/2025","973","449","0"
"410010","ABATIÁ","PR","09/2025","859","448","0"
"410010","ABATIÁ","PR","10/2025","836","446","0"
"410010","ABATIÁ","PR","11/2025","826","419","0"
"410010","ABATIÁ","PR","06/2025","979","413","0"
"410010","ABATIÁ","PR","12/2025","821","422","0"
"410010","ABATIÁ","PR","04/2025","969","432","0"
"410010","ABATIÁ","PR","01/2026","805","436","0"
"410010","ABATIÁ","PR","02/2025","1030","408","0"
"410010","ABATIÁ","PR","07/2025","934","420","0"
"410010","ABATIÁ","PR","10/2024","1019","399","0"
"410010","ABATIÁ","PR","08/2024","1041","391","0"
"410010","ABATIÁ","PR","10/2023","1068","382","0"
"410010","ABATIÁ","PR","06/2024","1138","359","0"
"410010","ABATIÁ","PR","01/2025","1007","413","0"
"410010","ABATIÁ","PR","05/2024","1132","382","0"
"410010","ABATIÁ","PR","12/2024","1062","362","0"
"410010","ABATIÁ","PR","09/2024","1062","371","0"
"410010","ABATIÁ","PR","07/2024","1040","428","0"
"410010","ABATIÁ","PR","11/2024","1057","379","0"
"410010","ABATIÁ","PR","03/2024","1051","395","0"
"410010","ABATIÁ","PR","02/2024","1056","374","0"
"410010","ABATIÁ","PR","04/2024","1109","393","0"
"410010","ABATIÁ","PR","05/2023","1081","333","0"
"410010","ABATIÁ","PR","09/2023","1055","383","0"
"410010","ABATIÁ","PR","02/2023","1172","271","0"
"410010","ABATIÁ","PR","03/2023","1138","277","0"
"410010","ABATIÁ","PR","08/2023","1046","383","0"
"410010","ABATIÁ","PR","07/2023","1018","438","0"
"410010","ABATIÁ","PR","06/2023","1091","334","0"
"410010","ABATIÁ","PR","12/2023","1049","404","0"
"410010","ABATIÁ","PR","01/2024","1049","397","0"
"410010","ABATIÁ","PR","11/2023","1032","421","0"
"410010","ABATIÁ","PR","04/2023","1123","304","0"
"410020","ADRIANÓPOLIS","PR","08/2024","1235","336","0"
"410020","ADRIANÓPOLIS","PR","08/2023","1195","367","0"
"410020","ADRIANÓPOLIS","PR","11/2023","1217","365","0"
"410020","ADRIANÓPOLIS","PR","05/2023","1220","291","0"
"410020","ADRIANÓPOLIS","PR","06/2023","1210","307","0"
"410020","ADRIANÓPOLIS","PR","02/2023","1227","239","0"
"410020","ADRIANÓPOLIS","PR","03/2023","1214","251","0"
"410020","ADRIANÓPOLIS","PR","10/2023","1232","355","0"
"410020","ADRIANÓPOLIS","PR","12/2023","1236","343","0"
"410020","ADRIANÓPOLIS","PR","01/2024","1231","355","0"
"410020","ADRIANÓPOLIS","PR","07/2023","1181","402","0"
"410020","ADRIANÓPOLIS","PR","04/2023","1234","271","0"
"410020","ADRIANÓPOLIS","PR","09/2023","1224","355","0"
"410020","ADRIANÓPOLIS","PR","04/2024","1264","332","0"
"410020","ADRIANÓPOLIS","PR","12/2024","1172","359","0"
"410020","ADRIANÓPOLIS","PR","02/2024","1238","347","0"
"410020","ADRIANÓPOLIS","PR","11/2024","1175","372","0"
"410020","ADRIANÓPOLIS","PR","06/2024","1277","299","0"
"410020","ADRIANÓPOLIS","PR","09/2024","1249","325","0"
"410020","ADRIANÓPOLIS","PR","03/2024","1237","325","0"
"410020","ADRIANÓPOLIS","PR","07/2024","1233","346","0"
"410020","ADRIANÓPOLIS","PR","01/2025","1136","359","0"
"410020","ADRIANÓPOLIS","PR","10/2024","1165","376","0"
"410020","ADRIANÓPOLIS","PR","05/2024","1267","306","0"
"410020","ADRIANÓPOLIS","PR","03/2025","1185","335","0"
"410020","ADRIANÓPOLIS","PR","09/2025","1080","281","0"
"410020","ADRIANÓPOLIS","PR","04/2025","1182","311","0"
"410020","ADRIANÓPOLIS","PR","10/2025","1049","309","0"
"410020","ADRIANÓPOLIS","PR","01/2026","1044","295","0"
"410020","ADRIANÓPOLIS","PR","06/2025","1186","300","0"
"410020","ADRIANÓPOLIS","PR","08/2025","1086","296","0"
"410020","ADRIANÓPOLIS","PR","02/2025","1130","338","0"
"410020","ADRIANÓPOLIS","PR","11/2025","1040","289","0"
"410020","ADRIANÓPOLIS","PR","07/2025","1147","288","0"
"410020","ADRIANÓPOLIS","PR","12/2025","1057","283","0"
"410020","ADRIANÓPOLIS","PR","05/2025","1181","300","0"
"410020","ADRIANÓPOLIS","PR","02/2026","1044","301","0"
"410020","ADRIANÓPOLIS","PR","03/2026","1047","273","0"
"410020","ADRIANÓPOLIS","PR","04/2026","1118","259","0"
"410020","ADRIANÓPOLIS","PR","05/2026","1091","278","0"
"410020","ADRIANÓPOLIS","PR","06/2026","1101","283","0"
"410020","ADRIANÓPOLIS","PR","08/2026","1083","285","0"
"410030","AGUDOS DO SUL","PR","10/2023","2722","350","0"
"410030","AGUDOS DO SUL","PR","05/2023","2620","187","0"
"410030","AGUDOS DO SUL","PR","12/2023","2643","459","0"
"410030","AGUDOS DO SUL","PR","06/2023","2633","188","0"
"410030","AGUDOS DO SUL","PR","01/2024","2639","462","0"
"410030","AGUDOS DO SUL","PR","02/2023","2622","207","0"
"410030","AGUDOS DO SUL","PR","03/2023","2556","193","0"
"410030","AGUDOS DO SUL","PR","07/2023","2370","428","0"
"410030","AGUDOS DO SUL","PR","09/2023","2625","366","0"
"410030","AGUDOS DO SUL","PR","04/2023","2564","175","0"
"410030","AGUDOS DO SUL","PR","08/2023","2549","391","0"
"410030","AGUDOS DO SUL","PR","11/2023","2608","469","0"
"410030","AGUDOS DO SUL","PR","02/2024","2661","444","0"
"410030","AGUDOS DO SUL","PR","06/2024","2599","493","0"
"410030","AGUDOS DO SUL","PR","12/2024","2488","547","0"
"410030","AGUDOS DO SUL","PR","07/2024","2453","602","0"
"410030","AGUDOS DO SUL","PR","05/2024","2549","512","0"
"410030","AGUDOS DO SUL","PR","04/2024","2567","524","0"
"410030","AGUDOS DO SUL","PR","09/2024","2474","564","0"
"410030","AGUDOS DO SUL","PR","10/2024","2489","584","0"
"410030","AGUDOS DO SUL","PR","01/2025","2356","628","0"
"410030","AGUDOS DO SUL","PR","11/2024","2495","562","0"
"410030","AGUDOS DO SUL","PR","03/2024","2558","551","0"
"410030","AGUDOS DO SUL","PR","08/2024","2449","584","0"
"410030","AGUDOS DO SUL","PR","09/2025","2137","613","0"
"410030","AGUDOS DO SUL","PR","08/2025","2146","640","0"
"410030","AGUDOS DO SUL","PR","03/2025","2329","686","0"
"410030","AGUDOS DO SUL","PR","12/2025","2169","562","0"
"410030","AGUDOS DO SUL","PR","06/2025","2333","663","0"
"410030","AGUDOS DO SUL","PR","07/2025","2200","643","0"
"410030","AGUDOS DO SUL","PR","10/2025","2092","636","0"
"410030","AGUDOS DO SUL","PR","11/2025","2075","583","0"
"410030","AGUDOS DO SUL","PR","02/2025","2362","615","0"
"410030","AGUDOS DO SUL","PR","04/2025","2357","665","0"
"410030","AGUDOS DO SUL","PR","05/2025","2351","658","0"
"410030","AGUDOS DO SUL","PR","01/2026","2183","546","0"
"410030","AGUDOS DO SUL","PR","02/2026","2158","569","0"
"410030","AGUDOS DO SUL","PR","03/2026","2159","526","0"
"410030","AGUDOS DO SUL","PR","04/2026","2124","542","0"
"410030","AGUDOS DO SUL","PR","05/2026","2243","522","0"
"410030","AGUDOS DO SUL","PR","06/2026","2284","519","0"
"410030","AGUDOS DO SUL","PR","08/2026","2296","494","0"
"410040","ALMIRANTE TAMANDARÉ","PR","03/2023","15692","2130","0"
"410040","ALMIRANTE TAMANDARÉ","PR","05/2023","15907","2149","0"
"410040","ALMIRANTE TAMANDARÉ","PR","04/2023","15686","2045","0"
"410040","ALMIRANTE TAMANDARÉ","PR","12/2023","14896","5017","0"
"410040","ALMIRANTE TAMANDARÉ","PR","01/2024","14958","4967","0"
"410040","ALMIRANTE TAMANDARÉ","PR","07/2023","13070","4725","0"
"410040","ALMIRANTE TAMANDARÉ","PR","08/2023","14711","4371","0"
"410040","ALMIRANTE TAMANDARÉ","PR","02/2023","16187","2246","0"
"410040","ALMIRANTE TAMANDARÉ","PR","11/2023","14611","5110","0"
"410040","ALMIRANTE TAMANDARÉ","PR","09/2023","15208","4266","0"
"410040","ALMIRANTE TAMANDARÉ","PR","10/2023","15581","4248","0"
"410040","ALMIRANTE TAMANDARÉ","PR","06/2023","15814","2260","0"
"410040","ALMIRANTE TAMANDARÉ","PR","04/2024","14380","5276","0"
"410040","ALMIRANTE TAMANDARÉ","PR","01/2025","13436","5694","0"
"410040","ALMIRANTE TAMANDARÉ","PR","02/2024","15135","4771","0"
"410040","ALMIRANTE TAMANDARÉ","PR","03/2024","14326","5310","0"
"410040","ALMIRANTE TAMANDARÉ","PR","07/2024","14139","5521","0"
"410040","ALMIRANTE TAMANDARÉ","PR","10/2024","14381","5569","0"
"410040","ALMIRANTE TAMANDARÉ","PR","12/2024","14376","5303","0"
"410040","ALMIRANTE TAMANDARÉ","PR","09/2024","14077","5281","0"
"410040","ALMIRANTE TAMANDARÉ","PR","05/2024","14242","5181","0"
"410040","ALMIRANTE TAMANDARÉ","PR","06/2024","14193","5080","0"
"410040","ALMIRANTE TAMANDARÉ","PR","11/2024","14455","5457","0"
"410040","ALMIRANTE TAMANDARÉ","PR","08/2024","14156","5445","0"
"410040","ALMIRANTE TAMANDARÉ","PR","02/2025","13838","5656","0"
"410040","ALMIRANTE TAMANDARÉ","PR","11/2025","12461","4410","0"
"410040","ALMIRANTE TAMANDARÉ","PR","06/2025","13895","5794","0"
"410040","ALMIRANTE TAMANDARÉ","PR","09/2025","12611","4763","0"
"410040","ALMIRANTE TAMANDARÉ","PR","10/2025","12470","4765","0"
"410040","ALMIRANTE TAMANDARÉ","PR","07/2025","13244","5018","0"
"410040","ALMIRANTE TAMANDARÉ","PR","01/2026","13632","4362","0"
"410040","ALMIRANTE TAMANDARÉ","PR","03/2025","13869","5953","0"
"410040","ALMIRANTE TAMANDARÉ","PR","08/2025","12696","4814","0"
"410040","ALMIRANTE TAMANDARÉ","PR","12/2025","13606","4253","0"
"410040","ALMIRANTE TAMANDARÉ","PR","05/2025","13836","5816","0"
"410040","ALMIRANTE TAMANDARÉ","PR","04/2025","13853","5897","0"
"410040","ALMIRANTE TAMANDARÉ","PR","02/2026","13537","4478","0"
"410040","ALMIRANTE TAMANDARÉ","PR","03/2026","13453","4245","0"
"410040","ALMIRANTE TAMANDARÉ","PR","04/2026","13369","4147","0"
"410040","ALMIRANTE TAMANDARÉ","PR","05/2026","14321","4071","0"
"410040","ALMIRANTE TAMANDARÉ","PR","06/2026","15248","4084","0"
"410040","ALMIRANTE TAMANDARÉ","PR","08/2026","15246","3857","0"
"410045","ALTAMIRA DO PARANÁ","PR","11/2023","633","201","0"
"410045","ALTAMIRA DO PARANÁ","PR","08/2023","610","199","0"
"410045","ALTAMIRA DO PARANÁ","PR","06/2023","619","139","0"
"410045","ALTAMIRA DO PARANÁ","PR","09/2023","627","195","0"
"410045","ALTAMIRA DO PARANÁ","PR","12/2023","650","192","0"
"410045","ALTAMIRA DO PARANÁ","PR","10/2023","654","182","0"
"410045","ALTAMIRA DO PARANÁ","PR","04/2023","639","126","0"
"410045","ALTAMIRA DO PARANÁ","PR","02/2023","688","140","0"
"410045","ALTAMIRA DO PARANÁ","PR","07/2023","586","212","0"
"410045","ALTAMIRA DO PARANÁ","PR","03/2023","636","132","0"
"410045","ALTAMIRA DO PARANÁ","PR","05/2023","625","136","0"
"410045","ALTAMIRA DO PARANÁ","PR","01/2024","667","188","0"
"410045","ALTAMIRA DO PARANÁ","PR","11/2024","582","191","0"
"410045","ALTAMIRA DO PARANÁ","PR","07/2024","610","201","0"
"410045","ALTAMIRA DO PARANÁ","PR","08/2024","605","180","0"
"410045","ALTAMIRA DO PARANÁ","PR","10/2024","583","190","0"
"410045","ALTAMIRA DO PARANÁ","PR","03/2024","646","198","0"
"410045","ALTAMIRA DO PARANÁ","PR","04/2024","660","180","0"
"410045","ALTAMIRA DO PARANÁ","PR","12/2024","559","197","0"
"410045","ALTAMIRA DO PARANÁ","PR","05/2024","666","178","0"
"410045","ALTAMIRA DO PARANÁ","PR","02/2024","670","185","0"
"410045","ALTAMIRA DO PARANÁ","PR","06/2024","663","179","0"
"410045","ALTAMIRA DO PARANÁ","PR","09/2024","613","179","0"
"410045","ALTAMIRA DO PARANÁ","PR","01/2025","558","183","0"
"410045","ALTAMIRA DO PARANÁ","PR","08/2025","507","184","0"
"410045","ALTAMIRA DO PARANÁ","PR","12/2025","521","168","0"
"410045","ALTAMIRA DO PARANÁ","PR","09/2025","500","173","0"
"410045","ALTAMIRA DO PARANÁ","PR","01/2026","513","170","0"
"410045","ALTAMIRA DO PARANÁ","PR","07/2025","515","180","0"
"410045","ALTAMIRA DO PARANÁ","PR","04/2025","552","193","0"
"410045","ALTAMIRA DO PARANÁ","PR","10/2025","492","169","0"
"410045","ALTAMIRA DO PARANÁ","PR","03/2025","549","203","0"
"410045","ALTAMIRA DO PARANÁ","PR","11/2025","488","167","0"
"410045","ALTAMIRA DO PARANÁ","PR","02/2025","574","176","0"
"410045","ALTAMIRA DO PARANÁ","PR","06/2025","552","173","0"
"410045","ALTAMIRA DO PARANÁ","PR","05/2025","552","176","0"
"410045","ALTAMIRA DO PARANÁ","PR","02/2026","504","170","0"
"410045","ALTAMIRA DO PARANÁ","PR","03/2026","502","163","0"
"410045","ALTAMIRA DO PARANÁ","PR","04/2026","494","172","0"
"410045","ALTAMIRA DO PARANÁ","PR","05/2026","512","176","0"
"410045","ALTAMIRA DO PARANÁ","PR","06/2026","533","158","0"
"410045","ALTAMIRA DO PARANÁ","PR","08/2026","525","170","0"
"410050","ALTÔNIA","PR","11/2023","1661","675","0"
"410050","ALTÔNIA","PR","12/2023","1673","671","0"
"410050","ALTÔNIA","PR","01/2024","1673","662","0"
"410050","ALTÔNIA","PR","02/2023","2087","196","0"
"410050","ALTÔNIA","PR","10/2023","1766","583","0"
"410050","ALTÔNIA","PR","04/2023","2007","165","0"
"410050","ALTÔNIA","PR","06/2023","2012","181","0"
"410050","ALTÔNIA","PR","03/2023","1987","156","0"
"410050","ALTÔNIA","PR","07/2023","1639","603","0"
"410050","ALTÔNIA","PR","09/2023","1733","586","0"
"410050","ALTÔNIA","PR","05/2023","2021","174","0"
"410050","ALTÔNIA","PR","08/2023","1659","606","0"
"410050","ALTÔNIA","PR","03/2024","1585","687","0"
"410050","ALTÔNIA","PR","12/2024","1455","569","0"
"410050","ALTÔNIA","PR","04/2024","1616","663","0"
"410050","ALTÔNIA","PR","05/2024","1630","637","0"
"410050","ALTÔNIA","PR","07/2024","1503","642","0"
"410050","ALTÔNIA","PR","09/2024","1500","563","0"
"410050","ALTÔNIA","PR","01/2025","1416","611","0"
"410050","ALTÔNIA","PR","10/2024","1432","611","0"
"410050","ALTÔNIA","PR","11/2024","1445","597","0"
"410050","ALTÔNIA","PR","02/2024","1679","630","0"
"410050","ALTÔNIA","PR","08/2024","1483","609","0"
"410050","ALTÔNIA","PR","06/2024","1622","607","0"
"410050","ALTÔNIA","PR","12/2025","1360","444","0"
"410050","ALTÔNIA","PR","09/2025","1273","460","0"
"410050","ALTÔNIA","PR","07/2025","1383","452","0"
"410050","ALTÔNIA","PR","02/2025","1429","611","0"
"410050","ALTÔNIA","PR","11/2025","1252","432","0"
"410050","ALTÔNIA","PR","01/2026","1326","491","0"
"410050","ALTÔNIA","PR","10/2025","1263","463","0"
"410050","ALTÔNIA","PR","04/2025","1440","608","0"
"410050","ALTÔNIA","PR","03/2025","1414","633","0"
"410050","ALTÔNIA","PR","08/2025","1318","445","0"
"410050","ALTÔNIA","PR","06/2025","1447","601","0"
"410050","ALTÔNIA","PR","05/2025","1440","593","0"
"410050","ALTÔNIA","PR","02/2026","1316","479","0"
"410050","ALTÔNIA","PR","03/2026","1299","434","0"
"410050","ALTÔNIA","PR","04/2026","1345","434","0"
"410050","ALTÔNIA","PR","05/2026","1370","407","0"
"410050","ALTÔNIA","PR","06/2026","1361","416","0"
"410050","ALTÔNIA","PR","08/2026","1377","385","0"
"410060","ALTO PARANÁ","PR","04/2023","2559","260","0"
"410060","ALTO PARANÁ","PR","08/2026","2214","523","0"
"410060","ALTO PARANÁ","PR","06/2026","2245","553","0"
"410060","ALTO PARANÁ","PR","05/2026","2254","549","0"
"410060","ALTO PARANÁ","PR","04/2026","2280","512","0"
"410060","ALTO PARANÁ","PR","03/2026","2148","523","0"
"410060","ALTO PARANÁ","PR","02/2026","2143","598","0"
"410060","ALTO PARANÁ","PR","05/2025","2380","758","0"
"410060","ALTO PARANÁ","PR","03/2025","2379","790","0"
"410060","ALTO PARANÁ","PR","11/2025","2100","543","0"
"410060","ALTO PARANÁ","PR","10/2025","2093","675","0"
"410060","ALTO PARANÁ","PR","12/2025","2240","520","0"
"410060","ALTO PARANÁ","PR","02/2025","2375","752","0"
"410060","ALTO PARANÁ","PR","07/2025","2287","695","0"
"410060","ALTO PARANÁ","PR","06/2025","2391","752","0"
"410060","ALTO PARANÁ","PR","01/2026","2172","574","0"
"410060","ALTO PARANÁ","PR","09/2025","2146","677","0"
"410060","ALTO PARANÁ","PR","08/2025","2188","681","0"
"410060","ALTO PARANÁ","PR","04/2025","2387","776","0"
"410060","ALTO PARANÁ","PR","08/2024","2549","711","0"
"410060","ALTO PARANÁ","PR","03/2024","2532","672","0"
"410060","ALTO PARANÁ","PR","10/2024","2508","770","0"
"410060","ALTO PARANÁ","PR","01/2025","2390","763","0"
"410060","ALTO PARANÁ","PR","06/2024","2753","595","0"
"410060","ALTO PARANÁ","PR","05/2024","2726","603","0"
"410060","ALTO PARANÁ","PR","12/2024","2528","711","0"
"410060","ALTO PARANÁ","PR","02/2024","2627","547","0"
"410060","ALTO PARANÁ","PR","09/2024","2522","702","0"
"410060","ALTO PARANÁ","PR","07/2024","2545","725","0"
"410060","ALTO PARANÁ","PR","11/2024","2535","732","0"
"410060","ALTO PARANÁ","PR","04/2024","2618","652","0"
"410060","ALTO PARANÁ","PR","08/2023","2415","492","0"
"410060","ALTO PARANÁ","PR","06/2023","2531","298","0"
"410060","ALTO PARANÁ","PR","10/2023","2612","462","0"
"410060","ALTO PARANÁ","PR","01/2024","2531","558","0"
"410060","ALTO PARANÁ","PR","07/2023","2362","566","0"
"410060","ALTO PARANÁ","PR","03/2023","2520","276","0"
"410060","ALTO PARANÁ","PR","11/2023","2487","594","0"
"410060","ALTO PARANÁ","PR","09/2023","2506","474","0"
"410060","ALTO PARANÁ","PR","12/2023","2514","577","0"
"410060","ALTO PARANÁ","PR","02/2023","2517","307","0"
"410060","ALTO PARANÁ","PR","05/2023","2567","272","0"
"410070","ALTO PIQUIRI","PR","08/2026","1518","296","0"
"410070","ALTO PIQUIRI","PR","12/2023","1501","687","0"
"410070","ALTO PIQUIRI","PR","02/2023","2035","223","0"
"410070","ALTO PIQUIRI","PR","04/2023","1943","217","0"
"410070","ALTO PIQUIRI","PR","01/2024","1510","685","0"
"410070","ALTO PIQUIRI","PR","08/2023","1563","605","0"
"410070","ALTO PIQUIRI","PR","09/2023","1616","587","0"
"410070","ALTO PIQUIRI","PR","07/2023","1556","628","0"
"410070","ALTO PIQUIRI","PR","05/2023","1928","240","0"
"410070","ALTO PIQUIRI","PR","11/2023","1495","706","0"
"410070","ALTO PIQUIRI","PR","10/2023","1625","584","0"
"410070","ALTO PIQUIRI","PR","06/2023","1888","271","0"
"410070","ALTO PIQUIRI","PR","03/2024","1468","705","0"
"410070","ALTO PIQUIRI","PR","12/2024","1342","717","0"
"410070","ALTO PIQUIRI","PR","02/2024","1550","676","0"
"410070","ALTO PIQUIRI","PR","05/2024","1551","683","0"
"410070","ALTO PIQUIRI","PR","09/2024","1443","674","0"
"410070","ALTO PIQUIRI","PR","07/2024","1424","720","0"
"410070","ALTO PIQUIRI","PR","04/2024","1488","699","0"
"410070","ALTO PIQUIRI","PR","06/2024","1563","675","0"
"410070","ALTO PIQUIRI","PR","01/2025","1278","731","0"
"410070","ALTO PIQUIRI","PR","10/2024","1360","728","0"
"410070","ALTO PIQUIRI","PR","11/2024","1337","734","0"
"410070","ALTO PIQUIRI","PR","08/2024","1432","702","0"
"410070","ALTO PIQUIRI","PR","03/2025","1265","749","0"
"410070","ALTO PIQUIRI","PR","02/2025","1279","714","0"
"410070","ALTO PIQUIRI","PR","06/2025","1267","696","0"
"410070","ALTO PIQUIRI","PR","10/2025","1167","448","0"
"410070","ALTO PIQUIRI","PR","07/2025","1225","515","0"
"410070","ALTO PIQUIRI","PR","12/2025","1343","408","0"
"410070","ALTO PIQUIRI","PR","09/2025","1147","481","0"
"410070","ALTO PIQUIRI","PR","11/2025","1178","412","0"
"410070","ALTO PIQUIRI","PR","08/2025","1185","486","0"
"410070","ALTO PIQUIRI","PR","01/2026","1330","422","0"
"410070","ALTO PIQUIRI","PR","05/2025","1266","708","0"
"410070","ALTO PIQUIRI","PR","04/2025","1266","721","0"
"410070","ALTO PIQUIRI","PR","02/2026","1319","417","0"
"410070","ALTO PIQUIRI","PR","03/2023","1924","199","0"
"410070","ALTO PIQUIRI","PR","03/2026","1339","363","0"
"410070","ALTO PIQUIRI","PR","04/2026","1463","348","0"
"410070","ALTO PIQUIRI","PR","05/2026","1465","339","0"
"410070","ALTO PIQUIRI","PR","06/2026","1488","344","0"
"410080","ALVORADA DO SUL","PR","10/2023","1383","329","0"
"410080","ALVORADA DO SUL","PR","08/2023","1248","383","0"
"410080","ALVORADA DO SUL","PR","12/2023","1382","332","0"
"410080","ALVORADA DO SUL","PR","06/2023","1210","385","0"
"410080","ALVORADA DO SUL","PR","04/2023","1209","361","0"
"410080","ALVORADA DO SUL","PR","01/2024","1418","304","0"
"410080","ALVORADA DO SUL","PR","03/2023","1186","357","0"
"410080","ALVORADA DO SUL","PR","09/2023","1327","345","0"
"410080","ALVORADA DO SUL","PR","07/2023","1198","478","0"
"410080","ALVORADA DO SUL","PR","02/2023","1219","403","0"
"410080","ALVORADA DO SUL","PR","05/2023","1218","372","0"
"410080","ALVORADA DO SUL","PR","11/2023","1367","362","0"
"410080","ALVORADA DO SUL","PR","11/2024","1529","296","0"
"410080","ALVORADA DO SUL","PR","03/2024","1458","295","0"
"410080","ALVORADA DO SUL","PR","05/2024","1556","283","0"
"410080","ALVORADA DO SUL","PR","10/2024","1531","313","0"
"410080","ALVORADA DO SUL","PR","07/2024","1522","310","0"
"410080","ALVORADA DO SUL","PR","12/2024","1587","288","0"
"410080","ALVORADA DO SUL","PR","02/2024","1473","284","0"
"410080","ALVORADA DO SUL","PR","06/2024","1586","266","0"
"410080","ALVORADA DO SUL","PR","01/2025","1560","318","0"
"410080","ALVORADA DO SUL","PR","09/2024","1545","284","0"
"410080","ALVORADA DO SUL","PR","08/2024","1532","300","0"
"410080","ALVORADA DO SUL","PR","04/2024","1505","285","0"
"410080","ALVORADA DO SUL","PR","12/2025","1603","270","0"
"410080","ALVORADA DO SUL","PR","08/2025","1502","291","0"
"410080","ALVORADA DO SUL","PR","01/2026","1591","279","0"
"410080","ALVORADA DO SUL","PR","06/2025","1585","298","0"
"410080","ALVORADA DO SUL","PR","07/2025","1517","289","0"
"410080","ALVORADA DO SUL","PR","10/2025","1512","263","0"
"410080","ALVORADA DO SUL","PR","04/2025","1583","314","0"
"410080","ALVORADA DO SUL","PR","11/2025","1485","273","0"
"410080","ALVORADA DO SUL","PR","02/2025","1592","313","0"
"410080","ALVORADA DO SUL","PR","03/2025","1580","332","0"
"410080","ALVORADA DO SUL","PR","09/2025","1493","280","0"
"410080","ALVORADA DO SUL","PR","05/2025","1585","308","0"
"410080","ALVORADA DO SUL","PR","02/2026","1582","283","0"
"410080","ALVORADA DO SUL","PR","03/2026","1559","273","0"
"410080","ALVORADA DO SUL","PR","04/2026","1542","281","0"
"410080","ALVORADA DO SUL","PR","05/2026","1589","282","0"
"410080","ALVORADA DO SUL","PR","06/2026","1671","288","0"
"410080","ALVORADA DO SUL","PR","08/2026","1625","297","0"
"410090","AMAPORÃ","PR","02/2026","924","263","0"
"410090","AMAPORÃ","PR","04/2023","1393","46","0"
"410090","AMAPORÃ","PR","11/2023","1253","209","0"
"410090","AMAPORÃ","PR","09/2023","1269","185","0"
"410090","AMAPORÃ","PR","03/2023","1393","44","0"
"410090","AMAPORÃ","PR","02/2023","1458","37","0"
"410090","AMAPORÃ","PR","05/2023","1395","61","0"
"410090","AMAPORÃ","PR","10/2023","1278","184","0"
"410090","AMAPORÃ","PR","06/2023","1371","82","0"
"410090","AMAPORÃ","PR","07/2023","1223","206","0"
"410090","AMAPORÃ","PR","12/2023","1257","220","0"
"410090","AMAPORÃ","PR","08/2023","1245","198","0"
"410090","AMAPORÃ","PR","01/2024","1267","201","0"
"410090","AMAPORÃ","PR","09/2024","1195","232","0"
"410090","AMAPORÃ","PR","04/2024","1223","231","0"
"410090","AMAPORÃ","PR","08/2024","1178","253","0"
"410090","AMAPORÃ","PR","06/2024","1264","213","0"
"410090","AMAPORÃ","PR","12/2024","1108","262","0"
"410090","AMAPORÃ","PR","02/2024","1272","190","0"
"410090","AMAPORÃ","PR","05/2024","1257","206","0"
"410090","AMAPORÃ","PR","10/2024","1120","279","0"
"410090","AMAPORÃ","PR","03/2024","1216","250","0"
"410090","AMAPORÃ","PR","07/2024","1168","263","0"
"410090","AMAPORÃ","PR","01/2025","1065","289","0"
"410090","AMAPORÃ","PR","11/2024","1120","272","0"
"410090","AMAPORÃ","PR","06/2025","1095","267","0"
"410090","AMAPORÃ","PR","07/2025","1055","273","0"
"410090","AMAPORÃ","PR","03/2025","1077","290","0"
"410090","AMAPORÃ","PR","09/2025","1020","238","0"
"410090","AMAPORÃ","PR","02/2025","1067","293","0"
"410090","AMAPORÃ","PR","11/2025","990","248","0"
"410090","AMAPORÃ","PR","05/2025","1089","278","0"
"410090","AMAPORÃ","PR","12/2025","952","246","0"
"410090","AMAPORÃ","PR","10/2025","993","256","0"
"410090","AMAPORÃ","PR","08/2025","1016","264","0"
"410090","AMAPORÃ","PR","04/2025","1084","284","0"
"410090","AMAPORÃ","PR","01/2026","943","246","0"
"410090","AMAPORÃ","PR","03/2026","906","235","0"
"410090","AMAPORÃ","PR","04/2026","995","234","0"
"410090","AMAPORÃ","PR","05/2026","996","238","0"
"410090","AMAPORÃ","PR","06/2026","1034","242","0"
"410090","AMAPORÃ","PR","08/2026","1021","219","0"
"410100","AMPÉRE","PR","08/2023","853","555","0"
"410100","AMPÉRE","PR","04/2023","1117","351","0"
"410100","AMPÉRE","PR","02/2023","1201","348","0"
"410100","AMPÉRE","PR","06/2023","994","464","0"
"410100","AMPÉRE","PR","05/2023","1017","444","0"
"410100","AMPÉRE","PR","12/2023","828","542","0"
"410100","AMPÉRE","PR","10/2023","880","524","0"
"410100","AMPÉRE","PR","11/2023","837","548","0"
"410100","AMPÉRE","PR","09/2023","875","550","0"
"410100","AMPÉRE","PR","01/2024","848","544","0"
"410100","AMPÉRE","PR","07/2023","905","634","0"
"410100","AMPÉRE","PR","03/2023","1127","342","0"
"410100","AMPÉRE","PR","11/2024","860","533","0"
"410100","AMPÉRE","PR","12/2024","875","498","0"
"410100","AMPÉRE","PR","04/2024","964","559","0"
"410100","AMPÉRE","PR","09/2024","924","524","0"
"410100","AMPÉRE","PR","08/2024","928","542","0"
"410100","AMPÉRE","PR","03/2024","890","558","0"
"410100","AMPÉRE","PR","07/2024","934","551","0"
"410100","AMPÉRE","PR","05/2024","980","543","0"
"410100","AMPÉRE","PR","02/2024","865","526","0"
"410100","AMPÉRE","PR","06/2024","1007","521","0"
"410100","AMPÉRE","PR","01/2025","802","538","0"
"410100","AMPÉRE","PR","10/2024","843","564","0"
"410100","AMPÉRE","PR","02/2025","777","509","0"
"410100","AMPÉRE","PR","11/2025","429","251","0"
"410100","AMPÉRE","PR","06/2025","707","460","0"
"410100","AMPÉRE","PR","12/2025","437","251","0"
"410100","AMPÉRE","PR","07/2025","572","430","0"
"410100","AMPÉRE","PR","03/2025","735","536","0"
"410100","AMPÉRE","PR","01/2026","386","291","0"
"410100","AMPÉRE","PR","10/2025","466","298","0"
"410100","AMPÉRE","PR","04/2025","712","506","0"
"410100","AMPÉRE","PR","08/2025","549","344","0"
"410100","AMPÉRE","PR","09/2025","493","313","0"
"410100","AMPÉRE","PR","05/2025","707","466","0"
"410100","AMPÉRE","PR","02/2026","378","284","0"
"410100","AMPÉRE","PR","03/2026","376","291","0"
"410100","AMPÉRE","PR","04/2026","361","213","0"
"410100","AMPÉRE","PR","05/2026","360","220","0"
"410100","AMPÉRE","PR","06/2026","343","237","0"
"410100","AMPÉRE","PR","08/2026","327","232","0"
"410105","ANAHY","PR","01/2024","440","124","0"
"410105","ANAHY","PR","08/2026","396","79","0"
"410105","ANAHY","PR","06/2026","382","75","0"
"410105","ANAHY","PR","05/2026","378","77","0"
"410105","ANAHY","PR","04/2026","380","92","0"
"410105","ANAHY","PR","03/2026","368","97","0"
"410105","ANAHY","PR","02/2026","358","105","0"
"410105","ANAHY","PR","05/2025","437","148","0"
"410105","ANAHY","PR","12/2025","382","97","0"
"410105","ANAHY","PR","08/2025","390","118","0"
"410105","ANAHY","PR","02/2025","449","149","0"
"410105","ANAHY","PR","11/2025","355","76","0"
"410105","ANAHY","PR","07/2025","400","109","0"
"410105","ANAHY","PR","10/2025","363","101","0"
"410105","ANAHY","PR","01/2026","369","98","0"
"410105","ANAHY","PR","06/2025","439","152","0"
"410105","ANAHY","PR","04/2025","437","148","0"
"410105","ANAHY","PR","03/2025","432","161","0"
"410105","ANAHY","PR","09/2025","396","98","0"
"410105","ANAHY","PR","08/2024","480","123","0"
"410105","ANAHY","PR","01/2025","446","149","0"
"410105","ANAHY","PR","06/2024","486","121","0"
"410105","ANAHY","PR","05/2024","475","132","0"
"410105","ANAHY","PR","03/2024","470","130","0"
"410105","ANAHY","PR","10/2024","469","132","0"
"410105","ANAHY","PR","07/2024","469","139","0"
"410105","ANAHY","PR","12/2024","479","124","0"
"410105","ANAHY","PR","02/2024","460","120","0"
"410105","ANAHY","PR","11/2024","470","128","0"
"410105","ANAHY","PR","04/2024","475","135","0"
"410105","ANAHY","PR","09/2024","485","117","0"
"410105","ANAHY","PR","06/2023","530","27","0"
"410105","ANAHY","PR","04/2023","517","31","0"
"410105","ANAHY","PR","11/2023","418","135","0"
"410105","ANAHY","PR","07/2023","415","126","0"
"410105","ANAHY","PR","03/2023","497","31","0"
"410105","ANAHY","PR","10/2023","446","106","0"
"410105","ANAHY","PR","12/2023","429","136","0"
"410105","ANAHY","PR","09/2023","422","110","0"
"410105","ANAHY","PR","05/2023","520","31","0"
"410105","ANAHY","PR","02/2023","509","38","0"
"410105","ANAHY","PR","08/2023","413","110","0"
"410110","ANDIRÁ","PR","01/2025","3515","335","0"
"410110","ANDIRÁ","PR","08/2026","3462","646","0"
"410110","ANDIRÁ","PR","06/2026","3423","661","0"
"410110","ANDIRÁ","PR","05/2026","3452","634","0"
"410110","ANDIRÁ","PR","04/2026","3458","638","0"
"410110","ANDIRÁ","PR","03/2026","3264","643","0"
"410110","ANDIRÁ","PR","02/2026","3293","625","0"
"410110","ANDIRÁ","PR","04/2025","3569","421","0"
"410110","ANDIRÁ","PR","03/2025","3550","431","0"
"410110","ANDIRÁ","PR","06/2025","3597","419","0"
"410110","ANDIRÁ","PR","10/2025","3224","581","0"
"410110","ANDIRÁ","PR","12/2025","3361","554","0"
"410110","ANDIRÁ","PR","11/2025","3159","586","0"
"410110","ANDIRÁ","PR","05/2025","3569","419","0"
"410110","ANDIRÁ","PR","07/2025","3381","511","0"
"410110","ANDIRÁ","PR","01/2026","3330","602","0"
"410110","ANDIRÁ","PR","09/2025","3263","567","0"
"410110","ANDIRÁ","PR","02/2025","3605","335","0"
"410110","ANDIRÁ","PR","08/2025","3299","556","0"
"410110","ANDIRÁ","PR","08/2024","3486","290","0"
"410110","ANDIRÁ","PR","11/2024","3559","194","0"
"410110","ANDIRÁ","PR","10/2023","3827","383","0"
"410110","ANDIRÁ","PR","09/2024","3538","116","0"
"410110","ANDIRÁ","PR","07/2024","3471","630","0"
"410110","ANDIRÁ","PR","10/2024","3597","270","0"
"410110","ANDIRÁ","PR","06/2024","3481","575","0"
"410110","ANDIRÁ","PR","05/2024","3499","602","0"
"410110","ANDIRÁ","PR","02/2024","3677","535","0"
"410110","ANDIRÁ","PR","12/2024","3579","190","0"
"410110","ANDIRÁ","PR","04/2024","3311","655","0"
"410110","ANDIRÁ","PR","03/2024","3458","689","0"
"410110","ANDIRÁ","PR","11/2023","3582","607","0"
"410110","ANDIRÁ","PR","09/2023","3806","441","0"
"410110","ANDIRÁ","PR","08/2023","3744","455","0"
"410110","ANDIRÁ","PR","06/2023","3823","141","0"
"410110","ANDIRÁ","PR","04/2023","3664","114","0"
"410110","ANDIRÁ","PR","02/2023","3790","103","0"
"410110","ANDIRÁ","PR","07/2023","3433","476","0"
"410110","ANDIRÁ","PR","05/2023","3870","131","0"
"410110","ANDIRÁ","PR","12/2023","3648","607","0"
"410110","ANDIRÁ","PR","01/2024","3609","542","0"
"410110","ANDIRÁ","PR","03/2023","3688","110","0"
"410115","ÂNGULO","PR","08/2026","345","79","0"
"410115","ÂNGULO","PR","06/2026","352","69","0"
"410115","ÂNGULO","PR","05/2026","336","67","0"
"410115","ÂNGULO","PR","04/2026","291","76","0"
"410115","ÂNGULO","PR","03/2026","291","93","0"
"410115","ÂNGULO","PR","02/2026","305","81","0"
"410115","ÂNGULO","PR","08/2025","271","115","0"
"410115","ÂNGULO","PR","02/2025","276","141","0"
"410115","ÂNGULO","PR","03/2025","294","147","0"
"410115","ÂNGULO","PR","05/2025","308","147","0"
"410115","ÂNGULO","PR","11/2025","243","109","0"
"410115","ÂNGULO","PR","10/2025","255","105","0"
"410115","ÂNGULO","PR","06/2025","305","139","0"
"410115","ÂNGULO","PR","04/2025","310","147","0"
"410115","ÂNGULO","PR","01/2026","311","87","0"
"410115","ÂNGULO","PR","12/2025","311","97","0"
"410115","ÂNGULO","PR","09/2025","261","113","0"
"410115","ÂNGULO","PR","07/2025","283","108","0"
"410115","ÂNGULO","PR","08/2024","245","172","0"
"410115","ÂNGULO","PR","01/2025","251","150","0"
"410115","ÂNGULO","PR","09/2024","242","170","0"
"410115","ÂNGULO","PR","06/2024","265","175","0"
"410115","ÂNGULO","PR","05/2024","278","152","0"
"410115","ÂNGULO","PR","12/2024","255","159","0"
"410115","ÂNGULO","PR","10/2024","273","173","0"
"410115","ÂNGULO","PR","07/2024","243","182","0"
"410115","ÂNGULO","PR","02/2024","330","185","0"
"410115","ÂNGULO","PR","04/2024","276","166","0"
"410115","ÂNGULO","PR","03/2024","298","168","0"
"410115","ÂNGULO","PR","11/2024","270","165","0"
"410115","ÂNGULO","PR","08/2023","401","162","0"
"410115","ÂNGULO","PR","05/2023","476","114","0"
"410115","ÂNGULO","PR","04/2023","493","125","0"
"410115","ÂNGULO","PR","07/2023","413","173","0"
"410115","ÂNGULO","PR","09/2023","393","157","0"
"410115","ÂNGULO","PR","01/2024","317","185","0"
"410115","ÂNGULO","PR","02/2023","535","123","0"
"410115","ÂNGULO","PR","03/2023","505","117","0"
"410115","ÂNGULO","PR","06/2023","463","125","0"
"410115","ÂNGULO","PR","12/2023","325","196","0"
"410115","ÂNGULO","PR","11/2023","358","183","0"
"410115","ÂNGULO","PR","10/2023","379","167","0"
"410120","ANTONINA","PR","08/2026","4792","772","0"
"410120","ANTONINA","PR","02/2023","6001","216","0"
"410120","ANTONINA","PR","06/2023","5866","221","0"
"410120","ANTONINA","PR","11/2023","5299","984","0"
"410120","ANTONINA","PR","03/2023","5849","186","0"
"410120","ANTONINA","PR","08/2023","5299","873","0"
"410120","ANTONINA","PR","04/2023","5836","198","0"
"410120","ANTONINA","PR","09/2023","5425","845","0"
"410120","ANTONINA","PR","05/2023","5883","222","0"
"410120","ANTONINA","PR","01/2024","5326","927","0"
"410120","ANTONINA","PR","07/2023","5267","921","0"
"410120","ANTONINA","PR","12/2023","5324","963","0"
"410120","ANTONINA","PR","10/2023","5510","825","0"
"410120","ANTONINA","PR","12/2024","5086","973","0"
"410120","ANTONINA","PR","03/2024","5127","1034","0"
"410120","ANTONINA","PR","02/2024","5331","890","0"
"410120","ANTONINA","PR","05/2024","5138","980","0"
"410120","ANTONINA","PR","04/2024","5135","1011","0"
"410120","ANTONINA","PR","06/2024","5190","949","0"
"410120","ANTONINA","PR","09/2024","5107","979","0"
"410120","ANTONINA","PR","01/2025","4961","1012","0"
"410120","ANTONINA","PR","10/2024","5024","1074","0"
"410120","ANTONINA","PR","11/2024","5083","1029","0"
"410120","ANTONINA","PR","08/2024","5108","1037","0"
"410120","ANTONINA","PR","07/2024","5078","1091","0"
"410120","ANTONINA","PR","08/2025","4697","850","0"
"410120","ANTONINA","PR","01/2026","4535","757","0"
"410120","ANTONINA","PR","06/2025","4806","1017","0"
"410120","ANTONINA","PR","09/2025","4615","851","0"
"410120","ANTONINA","PR","07/2025","4711","839","0"
"410120","ANTONINA","PR","10/2025","4504","822","0"
"410120","ANTONINA","PR","05/2025","4781","1008","0"
"410120","ANTONINA","PR","02/2025","4947","1006","0"
"410120","ANTONINA","PR","11/2025","4457","734","0"
"410120","ANTONINA","PR","04/2025","4804","1035","0"
"410120","ANTONINA","PR","03/2025","4798","1080","0"
"410120","ANTONINA","PR","12/2025","4583","747","0"
"410120","ANTONINA","PR","02/2026","4442","757","0"
"410120","ANTONINA","PR","03/2026","4454","715","0"
"410120","ANTONINA","PR","04/2026","4414","707","0"
"410120","ANTONINA","PR","05/2026","4603","725","0"
"410120","ANTONINA","PR","06/2026","4809","770","0"
"410130","ANTÔNIO OLINTO","PR","08/2026","2047","262","0"
"410130","ANTÔNIO OLINTO","PR","06/2026","2041","262","0"
"410130","ANTÔNIO OLINTO","PR","05/2026","2043","243","0"
"410130","ANTÔNIO OLINTO","PR","04/2026","2037","263","0"
"410130","ANTÔNIO OLINTO","PR","03/2026","1933","278","0"
"410130","ANTÔNIO OLINTO","PR","02/2026","1939","303","0"
"410130","ANTÔNIO OLINTO","PR","03/2025","2045","282","0"
"410130","ANTÔNIO OLINTO","PR","07/2025","1983","269","0"
"410130","ANTÔNIO OLINTO","PR","06/2025","2069","275","0"
"410130","ANTÔNIO OLINTO","PR","08/2025","1929","268","0"
"410130","ANTÔNIO OLINTO","PR","11/2025","1830","305","0"
"410130","ANTÔNIO OLINTO","PR","05/2025","2057","278","0"
"410130","ANTÔNIO OLINTO","PR","10/2025","1866","294","0"
"410130","ANTÔNIO OLINTO","PR","12/2025","1959","281","0"
"410130","ANTÔNIO OLINTO","PR","02/2025","2078","251","0"
"410130","ANTÔNIO OLINTO","PR","01/2026","1951","290","0"
"410130","ANTÔNIO OLINTO","PR","04/2025","2055","286","0"
"410130","ANTÔNIO OLINTO","PR","09/2025","1908","261","0"
"410130","ANTÔNIO OLINTO","PR","08/2024","2114","330","0"
"410130","ANTÔNIO OLINTO","PR","02/2024","2208","274","0"
"410130","ANTÔNIO OLINTO","PR","11/2024","2118","284","0"
"410130","ANTÔNIO OLINTO","PR","01/2025","2109","255","0"
"410130","ANTÔNIO OLINTO","PR","03/2024","2152","304","0"
"410130","ANTÔNIO OLINTO","PR","06/2024","2222","261","0"
"410130","ANTÔNIO OLINTO","PR","05/2024","2198","278","0"
"410130","ANTÔNIO OLINTO","PR","10/2024","2136","304","0"
"410130","ANTÔNIO OLINTO","PR","09/2024","2125","288","0"
"410130","ANTÔNIO OLINTO","PR","07/2024","2121","334","0"
"410130","ANTÔNIO OLINTO","PR","12/2024","2157","252","0"
"410130","ANTÔNIO OLINTO","PR","04/2024","2181","291","0"
"410130","ANTÔNIO OLINTO","PR","08/2023","2103","286","0"
"410130","ANTÔNIO OLINTO","PR","10/2023","2192","256","0"
"410130","ANTÔNIO OLINTO","PR","07/2023","2095","299","0"
"410130","ANTÔNIO OLINTO","PR","04/2023","2218","55","0"
"410130","ANTÔNIO OLINTO","PR","01/2024","2166","292","0"
"410130","ANTÔNIO OLINTO","PR","05/2023","2266","64","0"
"410130","ANTÔNIO OLINTO","PR","09/2023","2159","280","0"
"410130","ANTÔNIO OLINTO","PR","11/2023","2113","327","0"
"410130","ANTÔNIO OLINTO","PR","06/2023","2255","70","0"
"410130","ANTÔNIO OLINTO","PR","02/2023","2293","69","0"
"410130","ANTÔNIO OLINTO","PR","12/2023","2158","305","0"
"410130","ANTÔNIO OLINTO","PR","03/2023","2206","55","0"
"410140","APUCARANA","PR","04/2023","14630","1327","0"
"410140","APUCARANA","PR","03/2023","14711","1318","0"
"410140","APUCARANA","PR","01/2024","14120","3595","0"
"410140","APUCARANA","PR","12/2023","14155","3628","0"
"410140","APUCARANA","PR","02/2023","15030","1474","0"
"410140","APUCARANA","PR","06/2023","14334","1495","0"
"410140","APUCARANA","PR","07/2023","12226","3333","0"
"410140","APUCARANA","PR","08/2023","12329","3100","0"
"410140","APUCARANA","PR","10/2023","14681","2972","0"
"410140","APUCARANA","PR","09/2023","14399","3012","0"
"410140","APUCARANA","PR","05/2023","14447","1387","0"
"410140","APUCARANA","PR","11/2023","13851","3696","0"
"410140","APUCARANA","PR","11/2024","12946","4075","0"
"410140","APUCARANA","PR","02/2024","13955","3439","0"
"410140","APUCARANA","PR","12/2024","13280","3961","0"
"410140","APUCARANA","PR","04/2024","13199","3890","0"
"410140","APUCARANA","PR","06/2024","13100","3713","0"
"410140","APUCARANA","PR","03/2024","13128","3994","0"
"410140","APUCARANA","PR","09/2024","13077","3829","0"
"410140","APUCARANA","PR","07/2024","13183","4005","0"
"410140","APUCARANA","PR","10/2024","12885","4161","0"
"410140","APUCARANA","PR","01/2025","13003","4164","0"
"410140","APUCARANA","PR","08/2024","13114","3916","0"
"410140","APUCARANA","PR","05/2024","13115","3795","0"
"410140","APUCARANA","PR","01/2026","12223","3439","0"
"410140","APUCARANA","PR","02/2025","13417","4143","0"
"410140","APUCARANA","PR","12/2025","12336","3274","0"
"410140","APUCARANA","PR","06/2025","13221","4173","0"
"410140","APUCARANA","PR","09/2025","12603","3740","0"
"410140","APUCARANA","PR","10/2025","12431","3731","0"
"410140","APUCARANA","PR","07/2025","12611","3743","0"
"410140","APUCARANA","PR","05/2025","13217","4206","0"
"410140","APUCARANA","PR","11/2025","12301","3471","0"
"410140","APUCARANA","PR","03/2025","13193","4323","0"
"410140","APUCARANA","PR","08/2025","12567","3750","0"
"410140","APUCARANA","PR","04/2025","13241","4260","0"
"410140","APUCARANA","PR","02/2026","12097","3564","0"
"410140","APUCARANA","PR","03/2026","12569","3390","0"
"410140","APUCARANA","PR","04/2026","12583","3387","0"
"410140","APUCARANA","PR","05/2026","12629","3353","0"
"410140","APUCARANA","PR","06/2026","12580","3407","0"
"410140","APUCARANA","PR","08/2026","12620","3198","0"
"410150","ARAPONGAS","PR","10/2023","10311","2314","0"
"410150","ARAPONGAS","PR","08/2026","8561","2908","0"
"410150","ARAPONGAS","PR","06/2026","8587","2937","0"
"410150","ARAPONGAS","PR","05/2026","8617","2875","0"
"410150","ARAPONGAS","PR","04/2026","8623","2895","0"
"410150","ARAPONGAS","PR","03/2026","8664","2863","0"
"410150","ARAPONGAS","PR","02/2026","8280","3076","0"
"410150","ARAPONGAS","PR","12/2025","8328","2831","0"
"410150","ARAPONGAS","PR","11/2025","8284","2987","0"
"410150","ARAPONGAS","PR","05/2025","8777","3645","0"
"410150","ARAPONGAS","PR","08/2025","8385","3139","0"
"410150","ARAPONGAS","PR","07/2025","8474","3286","0"
"410150","ARAPONGAS","PR","10/2025","8342","3166","0"
"410150","ARAPONGAS","PR","09/2025","8472","3180","0"
"410150","ARAPONGAS","PR","04/2025","8771","3676","0"
"410150","ARAPONGAS","PR","03/2025","8750","3685","0"
"410150","ARAPONGAS","PR","06/2025","8800","3655","0"
"410150","ARAPONGAS","PR","02/2025","9019","3479","0"
"410150","ARAPONGAS","PR","01/2026","8352","2924","0"
"410150","ARAPONGAS","PR","08/2024","9039","3258","0"
"410150","ARAPONGAS","PR","01/2025","8926","3503","0"
"410150","ARAPONGAS","PR","07/2024","9083","3348","0"
"410150","ARAPONGAS","PR","06/2024","8886","3110","0"
"410150","ARAPONGAS","PR","09/2024","9088","3197","0"
"410150","ARAPONGAS","PR","05/2024","8876","3141","0"
"410150","ARAPONGAS","PR","10/2024","8980","3441","0"
"410150","ARAPONGAS","PR","02/2024","9734","2684","0"
"410150","ARAPONGAS","PR","11/2024","9002","3380","0"
"410150","ARAPONGAS","PR","12/2024","9310","3233","0"
"410150","ARAPONGAS","PR","04/2024","8936","3246","0"
"410150","ARAPONGAS","PR","03/2024","8864","3306","0"
"410150","ARAPONGAS","PR","06/2023","9970","1197","0"
"410150","ARAPONGAS","PR","01/2024","9602","2806","0"
"410150","ARAPONGAS","PR","09/2023","10117","2302","0"
"410150","ARAPONGAS","PR","02/2023","10774","1240","0"
"410150","ARAPONGAS","PR","07/2023","8269","2581","0"
"410150","ARAPONGAS","PR","04/2023","10085","1137","0"
"410150","ARAPONGAS","PR","08/2023","9353","2374","0"
"410150","ARAPONGAS","PR","03/2023","10143","1127","0"
"410150","ARAPONGAS","PR","05/2023","10007","1162","0"
"410150","ARAPONGAS","PR","11/2023","9483","2951","0"
"410150","ARAPONGAS","PR","12/2023","9504","2877","0"
"410160","ARAPOTI","PR","10/2023","3959","820","0"
"410160","ARAPOTI","PR","03/2023","4126","257","0"
"410160","ARAPOTI","PR","11/2023","3746","1015","0"
"410160","ARAPOTI","PR","02/2023","4368","299","0"
"410160","ARAPOTI","PR","12/2023","3780","993","0"
"410160","ARAPOTI","PR","01/2024","3771","1004","0"
"410160","ARAPOTI","PR","09/2023","3855","843","0"
"410160","ARAPOTI","PR","06/2023","4228","271","0"
"410160","ARAPOTI","PR","07/2023","3734","900","0"
"410160","ARAPOTI","PR","04/2023","4173","253","0"
"410160","ARAPOTI","PR","08/2023","3789","862","0"
"410160","ARAPOTI","PR","05/2023","4252","256","0"
"410160","ARAPOTI","PR","02/2024","3744","963","0"
"410160","ARAPOTI","PR","03/2024","3519","1151","0"
"410160","ARAPOTI","PR","07/2024","3290","1224","0"
"410160","ARAPOTI","PR","10/2024","3048","1264","0"
"410160","ARAPOTI","PR","12/2024","3066","1233","0"
"410160","ARAPOTI","PR","05/2024","3496","1129","0"
"410160","ARAPOTI","PR","06/2024","3497","1154","0"
"410160","ARAPOTI","PR","09/2024","3194","1179","0"
"410160","ARAPOTI","PR","01/2025","2986","1268","0"
"410160","ARAPOTI","PR","04/2024","3510","1179","0"
"410160","ARAPOTI","PR","11/2024","3105","1251","0"
"410160","ARAPOTI","PR","08/2024","3231","1222","0"
"410160","ARAPOTI","PR","12/2025","2516","1029","0"
"410160","ARAPOTI","PR","05/2025","2817","1359","0"
"410160","ARAPOTI","PR","03/2025","2872","1346","0"
"410160","ARAPOTI","PR","09/2025","2496","1205","0"
"410160","ARAPOTI","PR","04/2025","2820","1359","0"
"410160","ARAPOTI","PR","06/2025","2822","1365","0"
"410160","ARAPOTI","PR","01/2026","2500","1031","0"
"410160","ARAPOTI","PR","07/2025","2623","1282","0"
"410160","ARAPOTI","PR","02/2025","2985","1250","0"
"410160","ARAPOTI","PR","10/2025","2435","1218","0"
"410160","ARAPOTI","PR","11/2025","2456","1091","0"
"410160","ARAPOTI","PR","08/2025","2495","1277","0"
"410160","ARAPOTI","PR","02/2026","2544","1030","0"
"410160","ARAPOTI","PR","03/2026","2559","940","0"
"410160","ARAPOTI","PR","04/2026","2557","875","0"
"410160","ARAPOTI","PR","05/2026","2570","869","0"
"410160","ARAPOTI","PR","06/2026","2571","860","0"
"410160","ARAPOTI","PR","08/2026","2580","794","0"
"410165","ARAPUÃ","PR","02/2023","919","128","0"
"410165","ARAPUÃ","PR","06/2023","875","146","0"
"410165","ARAPUÃ","PR","05/2023","887","125","0"
"410165","ARAPUÃ","PR","10/2023","812","208","0"
"410165","ARAPUÃ","PR","08/2023","802","225","0"
"410165","ARAPUÃ","PR","11/2023","817","188","0"
"410165","ARAPUÃ","PR","07/2023","791","239","0"
"410165","ARAPUÃ","PR","03/2023","884","122","0"
"410165","ARAPUÃ","PR","04/2023","876","127","0"
"410165","ARAPUÃ","PR","12/2023","817","176","0"
"410165","ARAPUÃ","PR","09/2023","800","221","0"
"410165","ARAPUÃ","PR","01/2024","810","186","0"
"410165","ARAPUÃ","PR","03/2024","788","208","0"
"410165","ARAPUÃ","PR","12/2024","699","222","0"
"410165","ARAPUÃ","PR","02/2024","827","185","0"
"410165","ARAPUÃ","PR","10/2024","700","218","0"
"410165","ARAPUÃ","PR","05/2024","781","207","0"
"410165","ARAPUÃ","PR","07/2024","724","229","0"
"410165","ARAPUÃ","PR","09/2024","718","203","0"
"410165","ARAPUÃ","PR","01/2025","691","224","0"
"410165","ARAPUÃ","PR","11/2024","698","218","0"
"410165","ARAPUÃ","PR","08/2024","723","232","0"
"410165","ARAPUÃ","PR","04/2024","797","215","0"
"410165","ARAPUÃ","PR","06/2024","764","202","0"
"410165","ARAPUÃ","PR","07/2025","633","204","0"
"410165","ARAPUÃ","PR","12/2025","618","184","0"
"410165","ARAPUÃ","PR","10/2025","626","192","0"
"410165","ARAPUÃ","PR","05/2025","697","223","0"
"410165","ARAPUÃ","PR","11/2025","630","172","0"
"410165","ARAPUÃ","PR","02/2025","697","219","0"
"410165","ARAPUÃ","PR","09/2025","642","200","0"
"410165","ARAPUÃ","PR","06/2025","697","214","0"
"410165","ARAPUÃ","PR","08/2025","660","199","0"
"410165","ARAPUÃ","PR","03/2025","697","222","0"
"410165","ARAPUÃ","PR","04/2025","697","223","0"
"410165","ARAPUÃ","PR","01/2026","601","192","0"
"410165","ARAPUÃ","PR","02/2026","619","204","0"
"410165","ARAPUÃ","PR","03/2026","605","188","0"
"410165","ARAPUÃ","PR","04/2026","585","186","0"
"410165","ARAPUÃ","PR","05/2026","580","170","0"
"410165","ARAPUÃ","PR","06/2026","576","162","0"
"410165","ARAPUÃ","PR","08/2026","550","164","0"
"410170","ARARUNA","PR","08/2023","1657","493","0"
"410170","ARARUNA","PR","08/2026","1668","227","0"
"410170","ARARUNA","PR","06/2026","1676","238","0"
"410170","ARARUNA","PR","05/2026","1544","256","0"
"410170","ARARUNA","PR","04/2026","1414","255","0"
"410170","ARARUNA","PR","03/2026","1448","283","0"
"410170","ARARUNA","PR","02/2026","1457","333","0"
"410170","ARARUNA","PR","10/2025","1364","368","0"
"410170","ARARUNA","PR","02/2025","1366","503","0"
"410170","ARARUNA","PR","04/2025","1485","457","0"
"410170","ARARUNA","PR","11/2025","1371","329","0"
"410170","ARARUNA","PR","05/2025","1485","450","0"
"410170","ARARUNA","PR","07/2025","1410","414","0"
"410170","ARARUNA","PR","12/2025","1427","343","0"
"410170","ARARUNA","PR","06/2025","1483","440","0"
"410170","ARARUNA","PR","09/2025","1357","367","0"
"410170","ARARUNA","PR","01/2026","1434","347","0"
"410170","ARARUNA","PR","08/2025","1376","412","0"
"410170","ARARUNA","PR","03/2025","1484","465","0"
"410170","ARARUNA","PR","10/2024","1479","579","0"
"410170","ARARUNA","PR","01/2025","1390","510","0"
"410170","ARARUNA","PR","02/2024","1662","491","0"
"410170","ARARUNA","PR","06/2024","1700","560","0"
"410170","ARARUNA","PR","03/2024","1549","602","0"
"410170","ARARUNA","PR","09/2024","1573","544","0"
"410170","ARARUNA","PR","08/2024","1569","589","0"
"410170","ARARUNA","PR","07/2024","1590","608","0"
"410170","ARARUNA","PR","05/2024","1642","570","0"
"410170","ARARUNA","PR","12/2024","1443","513","0"
"410170","ARARUNA","PR","04/2024","1573","581","0"
"410170","ARARUNA","PR","11/2024","1459","524","0"
"410170","ARARUNA","PR","09/2023","1702","477","0"
"410170","ARARUNA","PR","12/2023","1666","519","0"
"410170","ARARUNA","PR","10/2023","1711","457","0"
"410170","ARARUNA","PR","11/2023","1621","531","0"
"410170","ARARUNA","PR","07/2023","1616","576","0"
"410170","ARARUNA","PR","02/2023","1536","517","0"
"410170","ARARUNA","PR","03/2023","1532","501","0"
"410170","ARARUNA","PR","01/2024","1655","505","0"
"410170","ARARUNA","PR","04/2023","1563","487","0"
"410170","ARARUNA","PR","06/2023","1586","513","0"
"410170","ARARUNA","PR","05/2023","1630","487","0"
"410180","ARAUCÁRIA","PR","02/2026","15438","5059","0"
"410180","ARAUCÁRIA","PR","10/2023","17112","4392","0"
"410180","ARAUCÁRIA","PR","03/2023","21929","1526","0"
"410180","ARAUCÁRIA","PR","11/2023","15658","5095","0"
"410180","ARAUCÁRIA","PR","12/2023","15679","4982","0"
"410180","ARAUCÁRIA","PR","01/2024","15755","4870","0"
"410180","ARAUCÁRIA","PR","05/2023","21533","1637","0"
"410180","ARAUCÁRIA","PR","07/2023","17573","4979","0"
"410180","ARAUCÁRIA","PR","08/2023","17546","4800","0"
"410180","ARAUCÁRIA","PR","04/2023","21783","1514","0"
"410180","ARAUCÁRIA","PR","09/2023","17152","4466","0"
"410180","ARAUCÁRIA","PR","06/2023","21374","1735","0"
"410180","ARAUCÁRIA","PR","02/2024","15685","4760","0"
"410180","ARAUCÁRIA","PR","11/2024","16909","5488","0"
"410180","ARAUCÁRIA","PR","12/2024","17292","5302","0"
"410180","ARAUCÁRIA","PR","06/2024","14492","5029","0"
"410180","ARAUCÁRIA","PR","05/2024","14493","5101","0"
"410180","ARAUCÁRIA","PR","07/2024","17406","5396","0"
"410180","ARAUCÁRIA","PR","04/2024","14668","5282","0"
"410180","ARAUCÁRIA","PR","03/2024","14684","5384","0"
"410180","ARAUCÁRIA","PR","09/2024","17139","5036","0"
"410180","ARAUCÁRIA","PR","01/2025","16282","5870","0"
"410180","ARAUCÁRIA","PR","10/2024","16886","5574","0"
"410180","ARAUCÁRIA","PR","08/2024","17223","5236","0"
"410180","ARAUCÁRIA","PR","02/2025","17021","5804","0"
"410180","ARAUCÁRIA","PR","12/2025","15549","4602","0"
"410180","ARAUCÁRIA","PR","09/2025","14537","5011","0"
"410180","ARAUCÁRIA","PR","01/2026","15580","4821","0"
"410180","ARAUCÁRIA","PR","06/2025","16775","5936","0"
"410180","ARAUCÁRIA","PR","07/2025","15887","5108","0"
"410180","ARAUCÁRIA","PR","08/2025","14913","5002","0"
"410180","ARAUCÁRIA","PR","10/2025","14333","4918","0"
"410180","ARAUCÁRIA","PR","11/2025","14184","4732","0"
"410180","ARAUCÁRIA","PR","03/2025","16762","6025","0"
"410180","ARAUCÁRIA","PR","05/2025","16712","5918","0"
"410180","ARAUCÁRIA","PR","04/2025","16719","5986","0"
"410180","ARAUCÁRIA","PR","02/2023","23150","1770","0"
"410180","ARAUCÁRIA","PR","03/2026","15183","4828","0"
"410180","ARAUCÁRIA","PR","04/2026","16167","4874","0"
"410180","ARAUCÁRIA","PR","05/2026","15990","4885","0"
"410180","ARAUCÁRIA","PR","06/2026","15855","5011","0"
"410180","ARAUCÁRIA","PR","08/2026","15859","4900","0"
"410185","ARIRANHA DO IVAÍ","PR","12/2023","461","132","0"
"410185","ARIRANHA DO IVAÍ","PR","02/2023","490","47","0"
"410185","ARIRANHA DO IVAÍ","PR","06/2023","555","45","0"
"410185","ARIRANHA DO IVAÍ","PR","09/2023","506","100","0"
"410185","ARIRANHA DO IVAÍ","PR","03/2023","512","52","0"
"410185","ARIRANHA DO IVAÍ","PR","07/2023","513","110","0"
"410185","ARIRANHA DO IVAÍ","PR","10/2023","507","121","0"
"410185","ARIRANHA DO IVAÍ","PR","01/2024","468","126","0"
"410185","ARIRANHA DO IVAÍ","PR","05/2023","548","52","0"
"410185","ARIRANHA DO IVAÍ","PR","04/2023","527","52","0"
"410185","ARIRANHA DO IVAÍ","PR","08/2023","511","108","0"
"410185","ARIRANHA DO IVAÍ","PR","11/2023","466","128","0"
"410185","ARIRANHA DO IVAÍ","PR","04/2024","423","153","0"
"410185","ARIRANHA DO IVAÍ","PR","06/2024","409","152","0"
"410185","ARIRANHA DO IVAÍ","PR","07/2024","373","177","0"
"410185","ARIRANHA DO IVAÍ","PR","05/2024","411","153","0"
"410185","ARIRANHA DO IVAÍ","PR","09/2024","354","167","0"
"410185","ARIRANHA DO IVAÍ","PR","12/2024","334","162","0"
"410185","ARIRANHA DO IVAÍ","PR","01/2025","310","191","0"
"410185","ARIRANHA DO IVAÍ","PR","10/2024","358","152","0"
"410185","ARIRANHA DO IVAÍ","PR","11/2024","349","152","0"
"410185","ARIRANHA DO IVAÍ","PR","02/2024","469","126","0"
"410185","ARIRANHA DO IVAÍ","PR","03/2024","435","151","0"
"410185","ARIRANHA DO IVAÍ","PR","08/2024","358","172","0"
"410185","ARIRANHA DO IVAÍ","PR","12/2025","288","144","0"
"410185","ARIRANHA DO IVAÍ","PR","09/2025","292","183","0"
"410185","ARIRANHA DO IVAÍ","PR","06/2025","308","190","0"
"410185","ARIRANHA DO IVAÍ","PR","01/2026","294","140","0"
"410185","ARIRANHA DO IVAÍ","PR","11/2025","270","155","0"
"410185","ARIRANHA DO IVAÍ","PR","07/2025","298","200","0"
"410185","ARIRANHA DO IVAÍ","PR","04/2025","306","190","0"
"410185","ARIRANHA DO IVAÍ","PR","02/2025","309","191","0"
"410185","ARIRANHA DO IVAÍ","PR","08/2025","290","196","0"
"410185","ARIRANHA DO IVAÍ","PR","03/2025","313","190","0"
"410185","ARIRANHA DO IVAÍ","PR","10/2025","275","177","0"
"410185","ARIRANHA DO IVAÍ","PR","05/2025","306","190","0"
"410185","ARIRANHA DO IVAÍ","PR","02/2026","303","149","0"
"410185","ARIRANHA DO IVAÍ","PR","03/2026","301","123","0"
"410185","ARIRANHA DO IVAÍ","PR","04/2026","329","113","0"
"410185","ARIRANHA DO IVAÍ","PR","05/2026","343","95","0"
"410185","ARIRANHA DO IVAÍ","PR","06/2026","333","104","0"
"410185","ARIRANHA DO IVAÍ","PR","08/2026","303","103","0"
"410190","ASSAÍ","PR","09/2023","1415","722","0"
"410190","ASSAÍ","PR","06/2023","1590","547","0"
"410190","ASSAÍ","PR","12/2023","1272","800","0"
"410190","ASSAÍ","PR","11/2023","1307","797","0"
"410190","ASSAÍ","PR","03/2023","1742","419","0"
"410190","ASSAÍ","PR","04/2023","1724","437","0"
"410190","ASSAÍ","PR","02/2023","1787","443","0"
"410190","ASSAÍ","PR","07/2023","1406","761","0"
"410190","ASSAÍ","PR","05/2023","1659","468","0"
"410190","ASSAÍ","PR","10/2023","1384","756","0"
"410190","ASSAÍ","PR","08/2023","1403","699","0"
"410190","ASSAÍ","PR","01/2024","1307","784","0"
"410190","ASSAÍ","PR","11/2024","1096","777","0"
"410190","ASSAÍ","PR","08/2024","1147","822","0"
"410190","ASSAÍ","PR","02/2024","1301","758","0"
"410190","ASSAÍ","PR","03/2024","1247","810","0"
"410190","ASSAÍ","PR","10/2024","1102","803","0"
"410190","ASSAÍ","PR","07/2024","1183","828","0"
"410190","ASSAÍ","PR","04/2024","1247","826","0"
"410190","ASSAÍ","PR","12/2024","1112","760","0"
"410190","ASSAÍ","PR","09/2024","1135","799","0"
"410190","ASSAÍ","PR","05/2024","1259","810","0"
"410190","ASSAÍ","PR","06/2024","1274","786","0"
"410190","ASSAÍ","PR","01/2025","1060","795","0"
"410190","ASSAÍ","PR","08/2025","1151","523","0"
"410190","ASSAÍ","PR","02/2025","1059","785","0"
"410190","ASSAÍ","PR","09/2025","1160","514","0"
"410190","ASSAÍ","PR","07/2025","1149","550","0"
"410190","ASSAÍ","PR","12/2025","1256","401","0"
"410190","ASSAÍ","PR","10/2025","1171","462","0"
"410190","ASSAÍ","PR","05/2025","1062","731","0"
"410190","ASSAÍ","PR","11/2025","1181","434","0"
"410190","ASSAÍ","PR","01/2026","1277","378","0"
"410190","ASSAÍ","PR","06/2025","1065","679","0"
"410190","ASSAÍ","PR","03/2025","1042","783","0"
"410190","ASSAÍ","PR","04/2025","1063","741","0"
"410190","ASSAÍ","PR","02/2026","1253","382","0"
"410190","ASSAÍ","PR","03/2026","1356","343","0"
"410190","ASSAÍ","PR","04/2026","1360","326","0"
"410190","ASSAÍ","PR","05/2026","1367","327","0"
"410190","ASSAÍ","PR","06/2026","1391","313","0"
"410190","ASSAÍ","PR","08/2026","1426","287","0"
"410200","ASSIS CHATEAUBRIAND","PR","01/2025","2647","1250","0"
"410200","ASSIS CHATEAUBRIAND","PR","11/2023","2862","1137","0"
"410200","ASSIS CHATEAUBRIAND","PR","06/2023","3137","584","0"
"410200","ASSIS CHATEAUBRIAND","PR","01/2024","2938","1066","0"
"410200","ASSIS CHATEAUBRIAND","PR","10/2023","3169","885","0"
"410200","ASSIS CHATEAUBRIAND","PR","05/2023","3190","541","0"
"410200","ASSIS CHATEAUBRIAND","PR","08/2023","2978","926","0"
"410200","ASSIS CHATEAUBRIAND","PR","09/2023","3121","888","0"
"410200","ASSIS CHATEAUBRIAND","PR","07/2023","2834","1032","0"
"410200","ASSIS CHATEAUBRIAND","PR","03/2023","3119","510","0"
"410200","ASSIS CHATEAUBRIAND","PR","02/2023","3165","530","0"
"410200","ASSIS CHATEAUBRIAND","PR","04/2023","3137","529","0"
"410200","ASSIS CHATEAUBRIAND","PR","12/2023","2907","1098","0"
"410200","ASSIS CHATEAUBRIAND","PR","03/2024","2866","1137","0"
"410200","ASSIS CHATEAUBRIAND","PR","10/2024","2642","1218","0"
"410200","ASSIS CHATEAUBRIAND","PR","02/2024","3015","1036","0"
"410200","ASSIS CHATEAUBRIAND","PR","05/2024","2924","1065","0"
"410200","ASSIS CHATEAUBRIAND","PR","09/2024","2677","1135","0"
"410200","ASSIS CHATEAUBRIAND","PR","12/2024","2765","1139","0"
"410200","ASSIS CHATEAUBRIAND","PR","04/2024","2947","1094","0"
"410200","ASSIS CHATEAUBRIAND","PR","11/2024","2669","1182","0"
"410200","ASSIS CHATEAUBRIAND","PR","08/2024","2657","1212","0"
"410200","ASSIS CHATEAUBRIAND","PR","06/2024","2962","1078","0"
"410200","ASSIS CHATEAUBRIAND","PR","07/2024","2648","1264","0"
"410200","ASSIS CHATEAUBRIAND","PR","05/2025","2819","1166","0"
"410200","ASSIS CHATEAUBRIAND","PR","12/2025","2782","1017","0"
"410200","ASSIS CHATEAUBRIAND","PR","06/2025","2827","1176","0"
"410200","ASSIS CHATEAUBRIAND","PR","01/2026","2763","1045","0"
"410200","ASSIS CHATEAUBRIAND","PR","09/2025","2491","1054","0"
"410200","ASSIS CHATEAUBRIAND","PR","07/2025","2670","1101","0"
"410200","ASSIS CHATEAUBRIAND","PR","10/2025","2440","1059","0"
"410200","ASSIS CHATEAUBRIAND","PR","11/2025","2421","1003","0"
"410200","ASSIS CHATEAUBRIAND","PR","04/2025","2819","1187","0"
"410200","ASSIS CHATEAUBRIAND","PR","02/2025","2722","1226","0"
"410200","ASSIS CHATEAUBRIAND","PR","03/2025","2782","1223","0"
"410200","ASSIS CHATEAUBRIAND","PR","08/2025","2542","1078","0"
"410200","ASSIS CHATEAUBRIAND","PR","02/2026","2729","1086","0"
"410200","ASSIS CHATEAUBRIAND","PR","03/2026","2689","1049","0"
"410200","ASSIS CHATEAUBRIAND","PR","04/2026","2909","1032","0"
"410200","ASSIS CHATEAUBRIAND","PR","05/2026","2963","1003","0"
"410200","ASSIS CHATEAUBRIAND","PR","06/2026","3012","1017","0"
"410200","ASSIS CHATEAUBRIAND","PR","08/2026","3002","963","0"
"410210","ASTORGA","PR","06/2026","1762","712","0"
"410210","ASTORGA","PR","11/2023","2220","818","0"
"410210","ASTORGA","PR","04/2023","2359","464","0"
"410210","ASTORGA","PR","06/2023","2371","520","0"
"410210","ASTORGA","PR","01/2024","2218","775","0"
"410210","ASTORGA","PR","12/2023","2231","782","0"
"410210","ASTORGA","PR","02/2023","2535","473","0"
"410210","ASTORGA","PR","03/2023","2397","464","0"
"410210","ASTORGA","PR","08/2023","2253","700","0"
"410210","ASTORGA","PR","07/2023","2100","765","0"
"410210","ASTORGA","PR","09/2023","2314","694","0"
"410210","ASTORGA","PR","10/2023","2340","692","0"
"410210","ASTORGA","PR","05/2023","2400","493","0"
"410210","ASTORGA","PR","03/2024","2176","832","0"
"410210","ASTORGA","PR","02/2024","2278","735","0"
"410210","ASTORGA","PR","07/2024","2185","887","0"
"410210","ASTORGA","PR","10/2024","2061","940","0"
"410210","ASTORGA","PR","12/2024","2021","885","0"
"410210","ASTORGA","PR","09/2024","2154","848","0"
"410210","ASTORGA","PR","05/2024","2236","818","0"
"410210","ASTORGA","PR","08/2026","1763","689","0"
"410210","ASTORGA","PR","06/2024","2318","822","0"
"410210","ASTORGA","PR","04/2024","2171","807","0"
"410210","ASTORGA","PR","01/2025","1914","963","0"
"410210","ASTORGA","PR","11/2024","2031","912","0"
"410210","ASTORGA","PR","08/2024","2159","876","0"
"410210","ASTORGA","PR","09/2025","1670","890","0"
"410210","ASTORGA","PR","10/2025","1652","865","0"
"410210","ASTORGA","PR","06/2025","1912","940","0"
"410210","ASTORGA","PR","12/2025","1727","856","0"
"410210","ASTORGA","PR","01/2026","1705","859","0"
"410210","ASTORGA","PR","02/2025","1923","942","0"
"410210","ASTORGA","PR","05/2025","1909","951","0"
"410210","ASTORGA","PR","11/2025","1622","845","0"
"410210","ASTORGA","PR","04/2025","1910","964","0"
"410210","ASTORGA","PR","08/2025","1709","901","0"
"410210","ASTORGA","PR","03/2025","1906","972","0"
"410210","ASTORGA","PR","07/2025","1751","930","0"
"410210","ASTORGA","PR","02/2026","1667","864","0"
"410210","ASTORGA","PR","03/2026","1639","820","0"
"410210","ASTORGA","PR","04/2026","1751","772","0"
"410210","ASTORGA","PR","05/2026","1781","711","0"
"410220","ATALAIA","PR","09/2023","450","107","0"
"410220","ATALAIA","PR","08/2026","455","80","0"
"410220","ATALAIA","PR","06/2026","430","106","0"
"410220","ATALAIA","PR","05/2026","421","104","0"
"410220","ATALAIA","PR","04/2026","392","103","0"
"410220","ATALAIA","PR","03/2026","407","93","0"
"410220","ATALAIA","PR","02/2026","418","79","0"
"410220","ATALAIA","PR","04/2025","404","163","0"
"410220","ATALAIA","PR","03/2025","389","177","0"
"410220","ATALAIA","PR","07/2025","396","107","0"
"410220","ATALAIA","PR","01/2026","425","84","0"
"410220","ATALAIA","PR","11/2025","389","94","0"
"410220","ATALAIA","PR","10/2025","386","105","0"
"410220","ATALAIA","PR","06/2025","406","163","0"
"410220","ATALAIA","PR","02/2025","403","166","0"
"410220","ATALAIA","PR","09/2025","391","108","0"
"410220","ATALAIA","PR","08/2025","388","107","0"
"410220","ATALAIA","PR","12/2025","423","89","0"
"410220","ATALAIA","PR","05/2025","404","163","0"
"410220","ATALAIA","PR","08/2024","435","133","0"
"410220","ATALAIA","PR","03/2024","433","136","0"
"410220","ATALAIA","PR","10/2024","426","156","0"
"410220","ATALAIA","PR","01/2025","402","166","0"
"410220","ATALAIA","PR","09/2024","432","139","0"
"410220","ATALAIA","PR","04/2024","452","134","0"
"410220","ATALAIA","PR","05/2024","451","122","0"
"410220","ATALAIA","PR","12/2024","432","148","0"
"410220","ATALAIA","PR","02/2024","437","121","0"
"410220","ATALAIA","PR","07/2024","443","134","0"
"410220","ATALAIA","PR","06/2024","460","118","0"
"410220","ATALAIA","PR","11/2024","433","152","0"
"410220","ATALAIA","PR","10/2023","457","100","0"
"410220","ATALAIA","PR","06/2023","486","39","0"
"410220","ATALAIA","PR","12/2023","412","124","0"
"410220","ATALAIA","PR","01/2024","429","128","0"
"410220","ATALAIA","PR","03/2023","453","37","0"
"410220","ATALAIA","PR","02/2023","485","40","0"
"410220","ATALAIA","PR","08/2023","429","111","0"
"410220","ATALAIA","PR","07/2023","407","104","0"
"410220","ATALAIA","PR","05/2023","492","41","0"
"410220","ATALAIA","PR","11/2023","410","123","0"
"410220","ATALAIA","PR","04/2023","455","41","0"
"410230","BALSA NOVA","PR","01/2024","1942","521","0"
"410230","BALSA NOVA","PR","03/2023","2086","301","0"
"410230","BALSA NOVA","PR","11/2023","1896","566","0"
"410230","BALSA NOVA","PR","05/2023","2173","306","0"
"410230","BALSA NOVA","PR","06/2023","2142","324","0"
"410230","BALSA NOVA","PR","02/2023","2211","350","0"
"410230","BALSA NOVA","PR","08/2023","1933","540","0"
"410230","BALSA NOVA","PR","04/2023","2110","297","0"
"410230","BALSA NOVA","PR","07/2023","1892","608","0"
"410230","BALSA NOVA","PR","10/2023","2032","509","0"
"410230","BALSA NOVA","PR","12/2023","1934","562","0"
"410230","BALSA NOVA","PR","09/2023","1991","511","0"
"410230","BALSA NOVA","PR","08/2024","1890","520","0"
"410230","BALSA NOVA","PR","03/2024","1866","595","0"
"410230","BALSA NOVA","PR","11/2024","1772","554","0"
"410230","BALSA NOVA","PR","05/2024","1964","528","0"
"410230","BALSA NOVA","PR","02/2024","1968","496","0"
"410230","BALSA NOVA","PR","04/2024","1898","584","0"
"410230","BALSA NOVA","PR","10/2024","1757","562","0"
"410230","BALSA NOVA","PR","12/2024","1783","510","0"
"410230","BALSA NOVA","PR","06/2024","2007","483","0"
"410230","BALSA NOVA","PR","07/2024","1895","536","0"
"410230","BALSA NOVA","PR","09/2024","1889","485","0"
"410230","BALSA NOVA","PR","01/2025","1688","554","0"
"410230","BALSA NOVA","PR","12/2025","1665","426","0"
"410230","BALSA NOVA","PR","05/2025","1722","567","0"
"410230","BALSA NOVA","PR","02/2025","1709","522","0"
"410230","BALSA NOVA","PR","03/2025","1727","578","0"
"410230","BALSA NOVA","PR","08/2025","1593","540","0"
"410230","BALSA NOVA","PR","09/2025","1587","535","0"
"410230","BALSA NOVA","PR","04/2025","1720","575","0"
"410230","BALSA NOVA","PR","08/2026","1849","372","0"
"410230","BALSA NOVA","PR","06/2025","1744","564","0"
"410230","BALSA NOVA","PR","10/2025","1554","494","0"
"410230","BALSA NOVA","PR","01/2026","1660","437","0"
"410230","BALSA NOVA","PR","07/2025","1613","547","0"
"410230","BALSA NOVA","PR","11/2025","1543","417","0"
"410230","BALSA NOVA","PR","02/2026","1614","442","0"
"410230","BALSA NOVA","PR","03/2026","1607","430","0"
"410230","BALSA NOVA","PR","04/2026","1574","405","0"
"410230","BALSA NOVA","PR","05/2026","1721","393","0"
"410230","BALSA NOVA","PR","06/2026","1723","423","0"
"410240","BANDEIRANTES","PR","07/2024","3416","1082","0"
"410240","BANDEIRANTES","PR","08/2023","3684","825","0"
"410240","BANDEIRANTES","PR","08/2026","3066","821","0"
"410240","BANDEIRANTES","PR","06/2026","3054","887","0"
"410240","BANDEIRANTES","PR","05/2026","3021","896","0"
"410240","BANDEIRANTES","PR","04/2026","2978","931","0"
"410240","BANDEIRANTES","PR","03/2026","2966","937","0"
"410240","BANDEIRANTES","PR","02/2026","2969","1015","0"
"410240","BANDEIRANTES","PR","07/2025","3105","1114","0"
"410240","BANDEIRANTES","PR","04/2025","3220","1229","0"
"410240","BANDEIRANTES","PR","11/2025","2900","1026","0"
"410240","BANDEIRANTES","PR","10/2025","2963","1070","0"
"410240","BANDEIRANTES","PR","02/2025","3303","1165","0"
"410240","BANDEIRANTES","PR","01/2026","2965","999","0"
"410240","BANDEIRANTES","PR","12/2025","2938","1001","0"
"410240","BANDEIRANTES","PR","06/2025","3214","1194","0"
"410240","BANDEIRANTES","PR","09/2025","2961","1115","0"
"410240","BANDEIRANTES","PR","08/2025","3009","1129","0"
"410240","BANDEIRANTES","PR","03/2025","3208","1245","0"
"410240","BANDEIRANTES","PR","05/2025","3214","1202","0"
"410240","BANDEIRANTES","PR","11/2024","3354","1089","0"
"410240","BANDEIRANTES","PR","01/2025","3283","1186","0"
"410240","BANDEIRANTES","PR","03/2024","3491","1049","0"
"410240","BANDEIRANTES","PR","06/2024","3634","927","0"
"410240","BANDEIRANTES","PR","02/2024","3766","862","0"
"410240","BANDEIRANTES","PR","05/2024","3610","989","0"
"410240","BANDEIRANTES","PR","10/2024","3313","1132","0"
"410240","BANDEIRANTES","PR","09/2024","3448","992","0"
"410240","BANDEIRANTES","PR","12/2024","3444","1052","0"
"410240","BANDEIRANTES","PR","04/2024","3588","1029","0"
"410240","BANDEIRANTES","PR","08/2024","3413","1039","0"
"410240","BANDEIRANTES","PR","01/2024","3763","895","0"
"410240","BANDEIRANTES","PR","09/2023","3764","805","0"
"410240","BANDEIRANTES","PR","12/2023","3705","936","0"
"410240","BANDEIRANTES","PR","10/2023","3845","793","0"
"410240","BANDEIRANTES","PR","07/2023","3562","933","0"
"410240","BANDEIRANTES","PR","05/2023","3887","567","0"
"410240","BANDEIRANTES","PR","11/2023","3642","990","0"
"410240","BANDEIRANTES","PR","06/2023","3888","575","0"
"410240","BANDEIRANTES","PR","02/2023","3775","653","0"
"410240","BANDEIRANTES","PR","04/2023","3793","568","0"
"410240","BANDEIRANTES","PR","03/2023","3733","575","0"
"410250","BARBOSA FERRAZ","PR","09/2023","2227","414","0"
"410250","BARBOSA FERRAZ","PR","08/2026","1747","288","0"
"410250","BARBOSA FERRAZ","PR","06/2026","1741","315","0"
"410250","BARBOSA FERRAZ","PR","05/2026","1711","321","0"
"410250","BARBOSA FERRAZ","PR","04/2026","1561","333","0"
"410250","BARBOSA FERRAZ","PR","03/2026","1575","357","0"
"410250","BARBOSA FERRAZ","PR","02/2026","1580","391","0"
"410250","BARBOSA FERRAZ","PR","04/2025","1722","539","0"
"410250","BARBOSA FERRAZ","PR","08/2025","1665","421","0"
"410250","BARBOSA FERRAZ","PR","10/2025","1619","400","0"
"410250","BARBOSA FERRAZ","PR","09/2025","1647","399","0"
"410250","BARBOSA FERRAZ","PR","08/2023","2196","420","0"
"410250","BARBOSA FERRAZ","PR","11/2025","1607","353","0"
"410250","BARBOSA FERRAZ","PR","01/2026","1602","392","0"
"410250","BARBOSA FERRAZ","PR","02/2025","1628","587","0"
"410250","BARBOSA FERRAZ","PR","07/2025","1718","411","0"
"410250","BARBOSA FERRAZ","PR","06/2025","1734","535","0"
"410250","BARBOSA FERRAZ","PR","03/2025","1709","552","0"
"410250","BARBOSA FERRAZ","PR","12/2025","1643","356","0"
"410250","BARBOSA FERRAZ","PR","05/2025","1721","539","0"
"410250","BARBOSA FERRAZ","PR","08/2024","1792","579","0"
"410250","BARBOSA FERRAZ","PR","10/2024","1728","587","0"
"410250","BARBOSA FERRAZ","PR","01/2025","1616","589","0"
"410250","BARBOSA FERRAZ","PR","04/2024","1957","532","0"
"410250","BARBOSA FERRAZ","PR","09/2024","1797","557","0"
"410250","BARBOSA FERRAZ","PR","07/2024","1788","599","0"
"410250","BARBOSA FERRAZ","PR","06/2024","1964","510","0"
"410250","BARBOSA FERRAZ","PR","02/2024","2121","456","0"
"410250","BARBOSA FERRAZ","PR","11/2024","1744","553","0"
"410250","BARBOSA FERRAZ","PR","05/2024","1968","500","0"
"410250","BARBOSA FERRAZ","PR","03/2024","2026","527","0"
"410250","BARBOSA FERRAZ","PR","12/2024","1746","507","0"
"410250","BARBOSA FERRAZ","PR","05/2023","2406","159","0"
"410250","BARBOSA FERRAZ","PR","04/2023","2351","159","0"
"410250","BARBOSA FERRAZ","PR","07/2023","2151","440","0"
"410250","BARBOSA FERRAZ","PR","10/2023","2263","398","0"
"410250","BARBOSA FERRAZ","PR","03/2023","2305","153","0"
"410250","BARBOSA FERRAZ","PR","01/2024","2116","460","0"
"410250","BARBOSA FERRAZ","PR","11/2023","2121","474","0"
"410250","BARBOSA FERRAZ","PR","02/2023","2462","192","0"
"410250","BARBOSA FERRAZ","PR","12/2023","2107","475","0"
"410250","BARBOSA FERRAZ","PR","06/2023","2376","183","0"
"410260","BARRACÃO","PR","10/2025","1352","478","0"
"410260","BARRACÃO","PR","10/2023","2013","289","0"
"410260","BARRACÃO","PR","11/2023","1909","408","0"
"410260","BARRACÃO","PR","06/2023","2035","103","0"
"410260","BARRACÃO","PR","02/2023","1971","166","0"
"410260","BARRACÃO","PR","03/2023","1992","118","0"
"410260","BARRACÃO","PR","08/2023","1885","320","0"
"410260","BARRACÃO","PR","07/2023","1830","346","0"
"410260","BARRACÃO","PR","04/2023","2049","108","0"
"410260","BARRACÃO","PR","05/2023","2059","103","0"
"410260","BARRACÃO","PR","09/2023","1967","298","0"
"410260","BARRACÃO","PR","12/2023","1945","411","0"
"410260","BARRACÃO","PR","01/2024","1936","381","0"
"410260","BARRACÃO","PR","02/2024","1984","371","0"
"410260","BARRACÃO","PR","03/2024","1913","451","0"
"410260","BARRACÃO","PR","12/2024","1715","522","0"
"410260","BARRACÃO","PR","07/2024","1834","517","0"
"410260","BARRACÃO","PR","04/2024","1950","433","0"
"410260","BARRACÃO","PR","10/2024","1761","545","0"
"410260","BARRACÃO","PR","05/2024","1991","416","0"
"410260","BARRACÃO","PR","09/2024","1823","481","0"
"410260","BARRACÃO","PR","06/2024","1997","405","0"
"410260","BARRACÃO","PR","01/2025","1629","544","0"
"410260","BARRACÃO","PR","11/2024","1735","548","0"
"410260","BARRACÃO","PR","08/2024","1852","496","0"
"410260","BARRACÃO","PR","05/2025","1588","553","0"
"410260","BARRACÃO","PR","08/2025","1426","456","0"
"410260","BARRACÃO","PR","06/2025","1598","552","0"
"410260","BARRACÃO","PR","04/2025","1605","561","0"
"410260","BARRACÃO","PR","09/2025","1438","473","0"
"410260","BARRACÃO","PR","01/2026","1432","443","0"
"410260","BARRACÃO","PR","07/2025","1503","480","0"
"410260","BARRACÃO","PR","11/2025","1329","443","0"
"410260","BARRACÃO","PR","03/2025","1600","566","0"
"410260","BARRACÃO","PR","12/2025","1466","439","0"
"410260","BARRACÃO","PR","02/2025","1640","522","0"
"410260","BARRACÃO","PR","02/2026","1366","351","0"
"410260","BARRACÃO","PR","03/2026","1401","353","0"
"410260","BARRACÃO","PR","04/2026","1429","343","0"
"410260","BARRACÃO","PR","05/2026","1437","343","0"
"410260","BARRACÃO","PR","06/2026","1449","357","0"
"410260","BARRACÃO","PR","08/2026","1487","326","0"
"410270","BARRA DO JACARÉ","PR","08/2026","434","127","0"
"410270","BARRA DO JACARÉ","PR","12/2023","458","127","0"
"410270","BARRA DO JACARÉ","PR","09/2023","476","98","0"
"410270","BARRA DO JACARÉ","PR","03/2023","482","49","0"
"410270","BARRA DO JACARÉ","PR","04/2023","495","47","0"
"410270","BARRA DO JACARÉ","PR","08/2023","469","98","0"
"410270","BARRA DO JACARÉ","PR","05/2023","512","47","0"
"410270","BARRA DO JACARÉ","PR","01/2024","460","117","0"
"410270","BARRA DO JACARÉ","PR","10/2023","478","97","0"
"410270","BARRA DO JACARÉ","PR","06/2023","513","50","0"
"410270","BARRA DO JACARÉ","PR","07/2023","462","104","0"
"410270","BARRA DO JACARÉ","PR","11/2023","449","127","0"
"410270","BARRA DO JACARÉ","PR","08/2024","508","113","0"
"410270","BARRA DO JACARÉ","PR","11/2024","498","126","0"
"410270","BARRA DO JACARÉ","PR","12/2024","525","120","0"
"410270","BARRA DO JACARÉ","PR","06/2024","501","122","0"
"410270","BARRA DO JACARÉ","PR","02/2024","472","117","0"
"410270","BARRA DO JACARÉ","PR","04/2024","447","141","0"
"410270","BARRA DO JACARÉ","PR","07/2024","509","116","0"
"410270","BARRA DO JACARÉ","PR","05/2024","494","127","0"
"410270","BARRA DO JACARÉ","PR","03/2024","446","139","0"
"410270","BARRA DO JACARÉ","PR","02/2023","488","50","0"
"410270","BARRA DO JACARÉ","PR","09/2024","513","107","0"
"410270","BARRA DO JACARÉ","PR","01/2025","500","144","0"
"410270","BARRA DO JACARÉ","PR","10/2024","491","131","0"
"410270","BARRA DO JACARÉ","PR","05/2025","509","141","0"
"410270","BARRA DO JACARÉ","PR","04/2025","509","141","0"
"410270","BARRA DO JACARÉ","PR","08/2025","477","124","0"
"410270","BARRA DO JACARÉ","PR","02/2025","515","138","0"
"410270","BARRA DO JACARÉ","PR","06/2025","509","138","0"
"410270","BARRA DO JACARÉ","PR","12/2025","453","147","0"
"410270","BARRA DO JACARÉ","PR","09/2025","460","122","0"
"410270","BARRA DO JACARÉ","PR","10/2025","441","138","0"
"410270","BARRA DO JACARÉ","PR","01/2026","451","151","0"
"410270","BARRA DO JACARÉ","PR","07/2025","487","124","0"
"410270","BARRA DO JACARÉ","PR","11/2025","432","135","0"
"410270","BARRA DO JACARÉ","PR","03/2025","509","146","0"
"410270","BARRA DO JACARÉ","PR","02/2026","448","156","0"
"410270","BARRA DO JACARÉ","PR","03/2026","448","141","0"
"410270","BARRA DO JACARÉ","PR","04/2026","478","134","0"
"410270","BARRA DO JACARÉ","PR","05/2026","451","132","0"
"410270","BARRA DO JACARÉ","PR","06/2026","449","131","0"
"410275","BELA VISTA DA CAROBA","PR","08/2025","521","141","0"
"410275","BELA VISTA DA CAROBA","PR","11/2023","609","140","0"
"410275","BELA VISTA DA CAROBA","PR","06/2023","663","75","0"
"410275","BELA VISTA DA CAROBA","PR","08/2023","634","107","0"
"410275","BELA VISTA DA CAROBA","PR","05/2023","671","77","0"
"410275","BELA VISTA DA CAROBA","PR","10/2023","660","102","0"
"410275","BELA VISTA DA CAROBA","PR","02/2023","665","88","0"
"410275","BELA VISTA DA CAROBA","PR","09/2023","655","100","0"
"410275","BELA VISTA DA CAROBA","PR","03/2023","642","80","0"
"410275","BELA VISTA DA CAROBA","PR","07/2023","613","121","0"
"410275","BELA VISTA DA CAROBA","PR","04/2023","666","74","0"
"410275","BELA VISTA DA CAROBA","PR","12/2023","613","141","0"
"410275","BELA VISTA DA CAROBA","PR","01/2024","635","135","0"
"410275","BELA VISTA DA CAROBA","PR","06/2024","640","112","0"
"410275","BELA VISTA DA CAROBA","PR","05/2024","630","112","0"
"410275","BELA VISTA DA CAROBA","PR","12/2024","606","127","0"
"410275","BELA VISTA DA CAROBA","PR","07/2024","602","138","0"
"410275","BELA VISTA DA CAROBA","PR","09/2024","616","121","0"
"410275","BELA VISTA DA CAROBA","PR","04/2024","618","115","0"
"410275","BELA VISTA DA CAROBA","PR","01/2025","573","144","0"
"410275","BELA VISTA DA CAROBA","PR","02/2024","637","135","0"
"410275","BELA VISTA DA CAROBA","PR","10/2024","589","146","0"
"410275","BELA VISTA DA CAROBA","PR","11/2024","587","141","0"
"410275","BELA VISTA DA CAROBA","PR","03/2024","603","166","0"
"410275","BELA VISTA DA CAROBA","PR","08/2024","616","121","0"
"410275","BELA VISTA DA CAROBA","PR","07/2025","532","139","0"
"410275","BELA VISTA DA CAROBA","PR","04/2025","568","143","0"
"410275","BELA VISTA DA CAROBA","PR","06/2025","565","139","0"
"410275","BELA VISTA DA CAROBA","PR","12/2025","515","118","0"
"410275","BELA VISTA DA CAROBA","PR","09/2025","503","140","0"
"410275","BELA VISTA DA CAROBA","PR","02/2025","573","144","0"
"410275","BELA VISTA DA CAROBA","PR","10/2025","477","158","0"
"410275","BELA VISTA DA CAROBA","PR","05/2025","567","143","0"
"410275","BELA VISTA DA CAROBA","PR","11/2025","457","132","0"
"410275","BELA VISTA DA CAROBA","PR","01/2026","505","123","0"
"410275","BELA VISTA DA CAROBA","PR","03/2025","550","159","0"
"410275","BELA VISTA DA CAROBA","PR","02/2026","497","127","0"
"410275","BELA VISTA DA CAROBA","PR","03/2026","493","118","0"
"410275","BELA VISTA DA CAROBA","PR","04/2026","496","117","0"
"410275","BELA VISTA DA CAROBA","PR","05/2026","504","117","0"
"410275","BELA VISTA DA CAROBA","PR","06/2026","504","117","0"
"410275","BELA VISTA DA CAROBA","PR","08/2026","517","118","0"
"410280","BELA VISTA DO PARAÍSO","PR","06/2026","1734","621","0"
"410280","BELA VISTA DO PARAÍSO","PR","03/2023","2389","230","0"
"410280","BELA VISTA DO PARAÍSO","PR","11/2023","2051","587","0"
"410280","BELA VISTA DO PARAÍSO","PR","04/2023","2369","243","0"
"410280","BELA VISTA DO PARAÍSO","PR","06/2023","2389","237","0"
"410280","BELA VISTA DO PARAÍSO","PR","02/2023","2532","264","0"
"410280","BELA VISTA DO PARAÍSO","PR","07/2023","2003","582","0"
"410280","BELA VISTA DO PARAÍSO","PR","08/2023","2123","522","0"
"410280","BELA VISTA DO PARAÍSO","PR","10/2023","2173","475","0"
"410280","BELA VISTA DO PARAÍSO","PR","05/2023","2391","239","0"
"410280","BELA VISTA DO PARAÍSO","PR","01/2024","2107","562","0"
"410280","BELA VISTA DO PARAÍSO","PR","09/2023","2146","486","0"
"410280","BELA VISTA DO PARAÍSO","PR","12/2023","2084","574","0"
"410280","BELA VISTA DO PARAÍSO","PR","03/2024","2047","596","0"
"410280","BELA VISTA DO PARAÍSO","PR","04/2024","2038","582","0"
"410280","BELA VISTA DO PARAÍSO","PR","02/2024","2148","531","0"
"410280","BELA VISTA DO PARAÍSO","PR","07/2024","2037","629","0"
"410280","BELA VISTA DO PARAÍSO","PR","12/2024","2134","545","0"
"410280","BELA VISTA DO PARAÍSO","PR","10/2024","2048","594","0"
"410280","BELA VISTA DO PARAÍSO","PR","06/2024","2173","512","0"
"410280","BELA VISTA DO PARAÍSO","PR","09/2024","2082","540","0"
"410280","BELA VISTA DO PARAÍSO","PR","01/2025","2084","597","0"
"410280","BELA VISTA DO PARAÍSO","PR","05/2024","2103","539","0"
"410280","BELA VISTA DO PARAÍSO","PR","11/2024","2078","564","0"
"410280","BELA VISTA DO PARAÍSO","PR","08/2024","2051","596","0"
"410280","BELA VISTA DO PARAÍSO","PR","08/2025","1837","584","0"
"410280","BELA VISTA DO PARAÍSO","PR","12/2025","1812","535","0"
"410280","BELA VISTA DO PARAÍSO","PR","04/2025","2065","627","0"
"410280","BELA VISTA DO PARAÍSO","PR","09/2025","1808","549","0"
"410280","BELA VISTA DO PARAÍSO","PR","06/2025","2067","627","0"
"410280","BELA VISTA DO PARAÍSO","PR","10/2025","1761","561","0"
"410280","BELA VISTA DO PARAÍSO","PR","07/2025","1912","593","0"
"410280","BELA VISTA DO PARAÍSO","PR","11/2025","1754","505","0"
"410280","BELA VISTA DO PARAÍSO","PR","02/2025","2089","584","0"
"410280","BELA VISTA DO PARAÍSO","PR","03/2025","2051","636","0"
"410280","BELA VISTA DO PARAÍSO","PR","05/2025","2065","627","0"
"410280","BELA VISTA DO PARAÍSO","PR","08/2026","1740","559","0"
"410280","BELA VISTA DO PARAÍSO","PR","01/2026","1755","569","0"
"410280","BELA VISTA DO PARAÍSO","PR","02/2026","1734","592","0"
"410280","BELA VISTA DO PARAÍSO","PR","03/2026","1783","591","0"
"410280","BELA VISTA DO PARAÍSO","PR","04/2026","1780","600","0"
"410280","BELA VISTA DO PARAÍSO","PR","05/2026","1757","612","0"
"410290","BITURUNA","PR","02/2024","3774","932","0"
"410290","BITURUNA","PR","08/2026","3247","809","0"
"410290","BITURUNA","PR","06/2026","3178","927","0"
"410290","BITURUNA","PR","05/2026","3127","954","0"
"410290","BITURUNA","PR","04/2026","3120","997","0"
"410290","BITURUNA","PR","03/2026","3097","1038","0"
"410290","BITURUNA","PR","02/2026","2971","1107","0"
"410290","BITURUNA","PR","04/2025","3190","1280","0"
"410290","BITURUNA","PR","08/2025","3008","1234","0"
"410290","BITURUNA","PR","05/2025","3186","1265","0"
"410290","BITURUNA","PR","12/2025","3058","1035","0"
"410290","BITURUNA","PR","03/2025","3167","1308","0"
"410290","BITURUNA","PR","11/2025","2957","1074","0"
"410290","BITURUNA","PR","10/2025","2990","1142","0"
"410290","BITURUNA","PR","02/2025","3275","1243","0"
"410290","BITURUNA","PR","07/2025","2942","1236","0"
"410290","BITURUNA","PR","01/2026","3025","1046","0"
"410290","BITURUNA","PR","06/2025","3215","1243","0"
"410290","BITURUNA","PR","09/2025","2986","1187","0"
"410290","BITURUNA","PR","01/2025","3320","1250","0"
"410290","BITURUNA","PR","06/2024","3772","1001","0"
"410290","BITURUNA","PR","12/2024","3508","1118","0"
"410290","BITURUNA","PR","03/2024","3575","1090","0"
"410290","BITURUNA","PR","10/2024","3488","1126","0"
"410290","BITURUNA","PR","05/2024","3768","1023","0"
"410290","BITURUNA","PR","08/2024","3580","1082","0"
"410290","BITURUNA","PR","07/2024","3591","1138","0"
"410290","BITURUNA","PR","04/2024","3678","1044","0"
"410290","BITURUNA","PR","09/2024","3578","998","0"
"410290","BITURUNA","PR","11/2024","3477","1115","0"
"410290","BITURUNA","PR","01/2024","3747","946","0"
"410290","BITURUNA","PR","05/2023","3860","337","0"
"410290","BITURUNA","PR","09/2023","3883","742","0"
"410290","BITURUNA","PR","07/2023","3728","783","0"
"410290","BITURUNA","PR","02/2023","3693","347","0"
"410290","BITURUNA","PR","10/2023","3941","732","0"
"410290","BITURUNA","PR","03/2023","3737","348","0"
"410290","BITURUNA","PR","12/2023","3775","921","0"
"410290","BITURUNA","PR","06/2023","3831","366","0"
"410290","BITURUNA","PR","08/2023","3767","763","0"
"410290","BITURUNA","PR","11/2023","3764","909","0"
"410290","BITURUNA","PR","04/2023","3804","328","0"
"410300","BOA ESPERANÇA","PR","08/2026","643","136","0"
"410300","BOA ESPERANÇA","PR","04/2023","806","67","0"
"410300","BOA ESPERANÇA","PR","08/2023","723","162","0"
"410300","BOA ESPERANÇA","PR","05/2023","800","76","0"
"410300","BOA ESPERANÇA","PR","07/2023","714","173","0"
"410300","BOA ESPERANÇA","PR","12/2023","698","190","0"
"410300","BOA ESPERANÇA","PR","10/2023","754","160","0"
"410300","BOA ESPERANÇA","PR","11/2023","701","193","0"
"410300","BOA ESPERANÇA","PR","02/2023","857","80","0"
"410300","BOA ESPERANÇA","PR","03/2023","790","80","0"
"410300","BOA ESPERANÇA","PR","06/2023","799","77","0"
"410300","BOA ESPERANÇA","PR","09/2023","738","160","0"
"410300","BOA ESPERANÇA","PR","01/2024","719","174","0"
"410300","BOA ESPERANÇA","PR","03/2024","692","196","0"
"410300","BOA ESPERANÇA","PR","10/2024","636","199","0"
"410300","BOA ESPERANÇA","PR","02/2024","725","171","0"
"410300","BOA ESPERANÇA","PR","04/2024","705","199","0"
"410300","BOA ESPERANÇA","PR","09/2024","686","178","0"
"410300","BOA ESPERANÇA","PR","06/2024","746","172","0"
"410300","BOA ESPERANÇA","PR","05/2024","731","175","0"
"410300","BOA ESPERANÇA","PR","07/2024","692","194","0"
"410300","BOA ESPERANÇA","PR","12/2024","641","174","0"
"410300","BOA ESPERANÇA","PR","01/2025","609","190","0"
"410300","BOA ESPERANÇA","PR","11/2024","639","193","0"
"410300","BOA ESPERANÇA","PR","08/2024","686","191","0"
"410300","BOA ESPERANÇA","PR","09/2025","542","154","0"
"410300","BOA ESPERANÇA","PR","04/2025","622","190","0"
"410300","BOA ESPERANÇA","PR","01/2026","590","138","0"
"410300","BOA ESPERANÇA","PR","10/2025","546","145","0"
"410300","BOA ESPERANÇA","PR","12/2025","593","121","0"
"410300","BOA ESPERANÇA","PR","11/2025","544","128","0"
"410300","BOA ESPERANÇA","PR","06/2025","627","186","0"
"410300","BOA ESPERANÇA","PR","07/2025","587","167","0"
"410300","BOA ESPERANÇA","PR","08/2025","554","165","0"
"410300","BOA ESPERANÇA","PR","02/2025","614","188","0"
"410300","BOA ESPERANÇA","PR","03/2025","610","194","0"
"410300","BOA ESPERANÇA","PR","05/2025","622","186","0"
"410300","BOA ESPERANÇA","PR","02/2026","591","146","0"
"410300","BOA ESPERANÇA","PR","03/2026","594","141","0"
"410300","BOA ESPERANÇA","PR","04/2026","579","157","0"
"410300","BOA ESPERANÇA","PR","05/2026","597","154","0"
"410300","BOA ESPERANÇA","PR","06/2026","618","163","0"
"410302","BOA ESPERANÇA DO IGUAÇU","PR","11/2023","287","66","0"
"410302","BOA ESPERANÇA DO IGUAÇU","PR","08/2026","171","50","0"
"410302","BOA ESPERANÇA DO IGUAÇU","PR","06/2026","173","72","0"
"410302","BOA ESPERANÇA DO IGUAÇU","PR","05/2026","172","82","0"
"410302","BOA ESPERANÇA DO IGUAÇU","PR","04/2026","169","82","0"
"410302","BOA ESPERANÇA DO IGUAÇU","PR","03/2026","155","90","0"
"410302","BOA ESPERANÇA DO IGUAÇU","PR","02/2026","156","101","0"
"410302","BOA ESPERANÇA DO IGUAÇU","PR","04/2025","195","166","0"
"410302","BOA ESPERANÇA DO IGUAÇU","PR","05/2025","180","118","0"
"410302","BOA ESPERANÇA DO IGUAÇU","PR","10/2025","181","87","0"
"410302","BOA ESPERANÇA DO IGUAÇU","PR","03/2025","193","167","0"
"410302","BOA ESPERANÇA DO IGUAÇU","PR","08/2025","176","91","0"
"410302","BOA ESPERANÇA DO IGUAÇU","PR","12/2025","166","81","0"
"410302","BOA ESPERANÇA DO IGUAÇU","PR","07/2025","160","101","0"
"410302","BOA ESPERANÇA DO IGUAÇU","PR","01/2026","152","101","0"
"410302","BOA ESPERANÇA DO IGUAÇU","PR","09/2025","179","92","0"
"410302","BOA ESPERANÇA DO IGUAÇU","PR","11/2025","168","93","0"
"410302","BOA ESPERANÇA DO IGUAÇU","PR","06/2025","177","118","0"
"410302","BOA ESPERANÇA DO IGUAÇU","PR","02/2025","207","161","0"
"410302","BOA ESPERANÇA DO IGUAÇU","PR","08/2024","207","144","0"
"410302","BOA ESPERANÇA DO IGUAÇU","PR","01/2025","203","166","0"
"410302","BOA ESPERANÇA DO IGUAÇU","PR","04/2024","288","88","0"
"410302","BOA ESPERANÇA DO IGUAÇU","PR","09/2024","211","147","0"
"410302","BOA ESPERANÇA DO IGUAÇU","PR","03/2024","288","77","0"
"410302","BOA ESPERANÇA DO IGUAÇU","PR","05/2024","309","87","0"
"410302","BOA ESPERANÇA DO IGUAÇU","PR","10/2024","193","161","0"
"410302","BOA ESPERANÇA DO IGUAÇU","PR","07/2024","278","89","0"
"410302","BOA ESPERANÇA DO IGUAÇU","PR","12/2024","197","158","0"
"410302","BOA ESPERANÇA DO IGUAÇU","PR","02/2024","288","66","0"
"410302","BOA ESPERANÇA DO IGUAÇU","PR","06/2024","313","82","0"
"410302","BOA ESPERANÇA DO IGUAÇU","PR","11/2024","194","158","0"
"410302","BOA ESPERANÇA DO IGUAÇU","PR","09/2023","302","56","0"
"410302","BOA ESPERANÇA DO IGUAÇU","PR","07/2023","269","53","0"
"410302","BOA ESPERANÇA DO IGUAÇU","PR","01/2024","283","66","0"
"410302","BOA ESPERANÇA DO IGUAÇU","PR","08/2023","293","56","0"
"410302","BOA ESPERANÇA DO IGUAÇU","PR","10/2023","309","61","0"
"410302","BOA ESPERANÇA DO IGUAÇU","PR","04/2023","299","30","0"
"410302","BOA ESPERANÇA DO IGUAÇU","PR","05/2023","291","30","0"
"410302","BOA ESPERANÇA DO IGUAÇU","PR","03/2023","305","30","0"
"410302","BOA ESPERANÇA DO IGUAÇU","PR","12/2023","277","66","0"
"410302","BOA ESPERANÇA DO IGUAÇU","PR","02/2023","310","41","0"
"410302","BOA ESPERANÇA DO IGUAÇU","PR","06/2023","297","26","0"
"410304","BOA VENTURA DE SÃO ROQUE","PR","05/2023","2119","126","0"
"410304","BOA VENTURA DE SÃO ROQUE","PR","08/2026","1680","231","0"
"410304","BOA VENTURA DE SÃO ROQUE","PR","06/2026","1698","212","0"
"410304","BOA VENTURA DE SÃO ROQUE","PR","05/2026","1671","230","0"
"410304","BOA VENTURA DE SÃO ROQUE","PR","04/2026","1562","263","0"
"410304","BOA VENTURA DE SÃO ROQUE","PR","03/2026","1563","296","0"
"410304","BOA VENTURA DE SÃO ROQUE","PR","02/2026","1564","334","0"
"410304","BOA VENTURA DE SÃO ROQUE","PR","01/2026","1582","332","0"
"410304","BOA VENTURA DE SÃO ROQUE","PR","05/2025","1623","493","0"
"410304","BOA VENTURA DE SÃO ROQUE","PR","11/2025","1461","342","0"
"410304","BOA VENTURA DE SÃO ROQUE","PR","08/2025","1539","435","0"
"410304","BOA VENTURA DE SÃO ROQUE","PR","04/2025","1623","493","0"
"410304","BOA VENTURA DE SÃO ROQUE","PR","10/2025","1502","392","0"
"410304","BOA VENTURA DE SÃO ROQUE","PR","07/2025","1555","441","0"
"410304","BOA VENTURA DE SÃO ROQUE","PR","06/2025","1621","482","0"
"410304","BOA VENTURA DE SÃO ROQUE","PR","02/2025","1623","473","0"
"410304","BOA VENTURA DE SÃO ROQUE","PR","12/2025","1594","339","0"
"410304","BOA VENTURA DE SÃO ROQUE","PR","09/2025","1511","418","0"
"410304","BOA VENTURA DE SÃO ROQUE","PR","03/2025","1661","478","0"
"410304","BOA VENTURA DE SÃO ROQUE","PR","06/2024","1812","535","0"
"410304","BOA VENTURA DE SÃO ROQUE","PR","11/2024","1666","530","0"
"410304","BOA VENTURA DE SÃO ROQUE","PR","10/2024","1675","530","0"
"410304","BOA VENTURA DE SÃO ROQUE","PR","01/2025","1630","479","0"
"410304","BOA VENTURA DE SÃO ROQUE","PR","09/2024","1745","528","0"
"410304","BOA VENTURA DE SÃO ROQUE","PR","05/2024","1801","546","0"
"410304","BOA VENTURA DE SÃO ROQUE","PR","07/2024","1742","547","0"
"410304","BOA VENTURA DE SÃO ROQUE","PR","03/2024","1826","466","0"
"410304","BOA VENTURA DE SÃO ROQUE","PR","08/2024","1745","537","0"
"410304","BOA VENTURA DE SÃO ROQUE","PR","12/2024","1664","496","0"
"410304","BOA VENTURA DE SÃO ROQUE","PR","02/2024","1882","435","0"
"410304","BOA VENTURA DE SÃO ROQUE","PR","04/2024","1783","524","0"
"410304","BOA VENTURA DE SÃO ROQUE","PR","12/2023","1851","426","0"
"410304","BOA VENTURA DE SÃO ROQUE","PR","04/2023","2087","134","0"
"410304","BOA VENTURA DE SÃO ROQUE","PR","02/2023","2258","123","0"
"410304","BOA VENTURA DE SÃO ROQUE","PR","01/2024","1844","439","0"
"410304","BOA VENTURA DE SÃO ROQUE","PR","11/2023","1856","416","0"
"410304","BOA VENTURA DE SÃO ROQUE","PR","03/2023","2060","135","0"
"410304","BOA VENTURA DE SÃO ROQUE","PR","07/2023","1942","327","0"
"410304","BOA VENTURA DE SÃO ROQUE","PR","10/2023","2001","294","0"
"410304","BOA VENTURA DE SÃO ROQUE","PR","06/2023","2113","139","0"
"410304","BOA VENTURA DE SÃO ROQUE","PR","09/2023","1983","293","0"
"410304","BOA VENTURA DE SÃO ROQUE","PR","08/2023","1958","295","0"
"410305","BOA VISTA DA APARECIDA","PR","08/2026","2069","394","0"
"410305","BOA VISTA DA APARECIDA","PR","08/2023","2212","330","0"
"410305","BOA VISTA DA APARECIDA","PR","12/2023","2123","452","0"
"410305","BOA VISTA DA APARECIDA","PR","11/2023","2085","480","0"
"410305","BOA VISTA DA APARECIDA","PR","09/2023","2262","304","0"
"410305","BOA VISTA DA APARECIDA","PR","02/2023","2433","117","0"
"410305","BOA VISTA DA APARECIDA","PR","03/2023","2321","106","0"
"410305","BOA VISTA DA APARECIDA","PR","07/2023","2130","336","0"
"410305","BOA VISTA DA APARECIDA","PR","01/2024","2154","422","0"
"410305","BOA VISTA DA APARECIDA","PR","04/2023","2343","100","0"
"410305","BOA VISTA DA APARECIDA","PR","05/2023","2382","93","0"
"410305","BOA VISTA DA APARECIDA","PR","10/2023","2283","289","0"
"410305","BOA VISTA DA APARECIDA","PR","06/2023","2388","103","0"
"410305","BOA VISTA DA APARECIDA","PR","10/2024","1995","569","0"
"410305","BOA VISTA DA APARECIDA","PR","03/2024","2054","529","0"
"410305","BOA VISTA DA APARECIDA","PR","11/2024","2011","565","0"
"410305","BOA VISTA DA APARECIDA","PR","04/2024","2093","513","0"
"410305","BOA VISTA DA APARECIDA","PR","07/2024","2022","543","0"
"410305","BOA VISTA DA APARECIDA","PR","02/2024","2185","418","0"
"410305","BOA VISTA DA APARECIDA","PR","12/2024","2023","546","0"
"410305","BOA VISTA DA APARECIDA","PR","09/2024","2024","503","0"
"410305","BOA VISTA DA APARECIDA","PR","05/2024","2126","493","0"
"410305","BOA VISTA DA APARECIDA","PR","06/2024","2176","478","0"
"410305","BOA VISTA DA APARECIDA","PR","01/2025","1957","568","0"
"410305","BOA VISTA DA APARECIDA","PR","08/2024","2043","532","0"
"410305","BOA VISTA DA APARECIDA","PR","03/2025","1922","598","0"
"410305","BOA VISTA DA APARECIDA","PR","09/2025","1876","476","0"
"410305","BOA VISTA DA APARECIDA","PR","06/2025","1954","564","0"
"410305","BOA VISTA DA APARECIDA","PR","10/2025","1860","482","0"
"410305","BOA VISTA DA APARECIDA","PR","01/2026","1961","440","0"
"410305","BOA VISTA DA APARECIDA","PR","02/2025","1964","565","0"
"410305","BOA VISTA DA APARECIDA","PR","12/2025","1982","422","0"
"410305","BOA VISTA DA APARECIDA","PR","05/2025","1951","570","0"
"410305","BOA VISTA DA APARECIDA","PR","11/2025","1839","429","0"
"410305","BOA VISTA DA APARECIDA","PR","07/2025","1845","522","0"
"410305","BOA VISTA DA APARECIDA","PR","08/2025","1884","481","0"
"410305","BOA VISTA DA APARECIDA","PR","04/2025","1947","570","0"
"410305","BOA VISTA DA APARECIDA","PR","02/2026","1905","471","0"
"410305","BOA VISTA DA APARECIDA","PR","03/2026","1928","409","0"
"410305","BOA VISTA DA APARECIDA","PR","04/2026","2033","420","0"
"410305","BOA VISTA DA APARECIDA","PR","05/2026","2027","432","0"
"410305","BOA VISTA DA APARECIDA","PR","06/2026","2060","421","0"
"410310","BOCAIÚVA DO SUL","PR","11/2023","3827","785","0"
"410310","BOCAIÚVA DO SUL","PR","10/2023","4039","611","0"
"410310","BOCAIÚVA DO SUL","PR","08/2026","3704","620","0"
"410310","BOCAIÚVA DO SUL","PR","06/2026","3630","684","0"
"410310","BOCAIÚVA DO SUL","PR","05/2026","3593","708","0"
"410310","BOCAIÚVA DO SUL","PR","04/2026","3587","727","0"
"410310","BOCAIÚVA DO SUL","PR","03/2026","3413","714","0"
"410310","BOCAIÚVA DO SUL","PR","02/2026","3368","767","0"
"410310","BOCAIÚVA DO SUL","PR","08/2025","3371","761","0"
"410310","BOCAIÚVA DO SUL","PR","01/2026","3373","762","0"
"410310","BOCAIÚVA DO SUL","PR","11/2025","3233","728","0"
"410310","BOCAIÚVA DO SUL","PR","10/2025","3276","773","0"
"410310","BOCAIÚVA DO SUL","PR","02/2025","3691","869","0"
"410310","BOCAIÚVA DO SUL","PR","07/2025","3504","763","0"
"410310","BOCAIÚVA DO SUL","PR","06/2025","3629","934","0"
"410310","BOCAIÚVA DO SUL","PR","12/2025","3369","743","0"
"410310","BOCAIÚVA DO SUL","PR","04/2025","3597","944","0"
"410310","BOCAIÚVA DO SUL","PR","09/2025","3315","763","0"
"410310","BOCAIÚVA DO SUL","PR","03/2025","3602","958","0"
"410310","BOCAIÚVA DO SUL","PR","05/2025","3588","935","0"
"410310","BOCAIÚVA DO SUL","PR","08/2024","3851","772","0"
"410310","BOCAIÚVA DO SUL","PR","11/2024","3790","845","0"
"410310","BOCAIÚVA DO SUL","PR","01/2025","3648","866","0"
"410310","BOCAIÚVA DO SUL","PR","09/2024","3867","763","0"
"410310","BOCAIÚVA DO SUL","PR","05/2024","3641","798","0"
"410310","BOCAIÚVA DO SUL","PR","12/2024","3763","816","0"
"410310","BOCAIÚVA DO SUL","PR","10/2024","3772","852","0"
"410310","BOCAIÚVA DO SUL","PR","07/2024","3864","788","0"
"410310","BOCAIÚVA DO SUL","PR","06/2024","3669","761","0"
"410310","BOCAIÚVA DO SUL","PR","03/2024","3662","864","0"
"410310","BOCAIÚVA DO SUL","PR","04/2024","3660","823","0"
"410310","BOCAIÚVA DO SUL","PR","02/2024","3796","725","0"
"410310","BOCAIÚVA DO SUL","PR","04/2023","4647","143","0"
"410310","BOCAIÚVA DO SUL","PR","03/2023","4648","152","0"
"410310","BOCAIÚVA DO SUL","PR","08/2023","3969","670","0"
"410310","BOCAIÚVA DO SUL","PR","07/2023","3947","690","0"
"410310","BOCAIÚVA DO SUL","PR","09/2023","4005","646","0"
"410310","BOCAIÚVA DO SUL","PR","06/2023","4580","172","0"
"410310","BOCAIÚVA DO SUL","PR","05/2023","4606","158","0"
"410310","BOCAIÚVA DO SUL","PR","01/2024","3833","751","0"
"410310","BOCAIÚVA DO SUL","PR","12/2023","3821","779","0"
"410310","BOCAIÚVA DO SUL","PR","02/2023","4804","163","0"
"410315","BOM JESUS DO SUL","PR","08/2023","590","136","0"
"410315","BOM JESUS DO SUL","PR","08/2026","485","131","0"
"410315","BOM JESUS DO SUL","PR","06/2026","499","138","0"
"410315","BOM JESUS DO SUL","PR","05/2026","504","143","0"
"410315","BOM JESUS DO SUL","PR","04/2026","491","142","0"
"410315","BOM JESUS DO SUL","PR","03/2026","478","144","0"
"410315","BOM JESUS DO SUL","PR","02/2026","449","130","0"
"410315","BOM JESUS DO SUL","PR","10/2025","470","147","0"
"410315","BOM JESUS DO SUL","PR","01/2026","446","133","0"
"410315","BOM JESUS DO SUL","PR","11/2025","454","122","0"
"410315","BOM JESUS DO SUL","PR","07/2025","495","149","0"
"410315","BOM JESUS DO SUL","PR","12/2025","444","132","0"
"410315","BOM JESUS DO SUL","PR","02/2025","523","204","0"
"410315","BOM JESUS DO SUL","PR","06/2025","522","181","0"
"410315","BOM JESUS DO SUL","PR","03/2025","524","202","0"
"410315","BOM JESUS DO SUL","PR","08/2025","470","147","0"
"410315","BOM JESUS DO SUL","PR","04/2025","520","197","0"
"410315","BOM JESUS DO SUL","PR","09/2025","480","134","0"
"410315","BOM JESUS DO SUL","PR","05/2025","517","192","0"
"410315","BOM JESUS DO SUL","PR","11/2024","569","203","0"
"410315","BOM JESUS DO SUL","PR","10/2024","582","195","0"
"410315","BOM JESUS DO SUL","PR","01/2025","529","204","0"
"410315","BOM JESUS DO SUL","PR","06/2024","646","158","0"
"410315","BOM JESUS DO SUL","PR","07/2024","582","192","0"
"410315","BOM JESUS DO SUL","PR","12/2024","560","207","0"
"410315","BOM JESUS DO SUL","PR","09/2024","588","187","0"
"410315","BOM JESUS DO SUL","PR","05/2024","657","168","0"
"410315","BOM JESUS DO SUL","PR","02/2024","635","153","0"
"410315","BOM JESUS DO SUL","PR","04/2024","626","170","0"
"410315","BOM JESUS DO SUL","PR","08/2024","578","200","0"
"410315","BOM JESUS DO SUL","PR","03/2024","609","177","0"
"410315","BOM JESUS DO SUL","PR","11/2023","598","170","0"
"410315","BOM JESUS DO SUL","PR","04/2023","668","42","0"
"410315","BOM JESUS DO SUL","PR","02/2023","664","44","0"
"410315","BOM JESUS DO SUL","PR","10/2023","608","135","0"
"410315","BOM JESUS DO SUL","PR","07/2023","584","135","0"
"410315","BOM JESUS DO SUL","PR","03/2023","648","37","0"
"410315","BOM JESUS DO SUL","PR","01/2024","623","157","0"
"410315","BOM JESUS DO SUL","PR","09/2023","607","137","0"
"410315","BOM JESUS DO SUL","PR","05/2023","674","45","0"
"410315","BOM JESUS DO SUL","PR","12/2023","619","166","0"
"410315","BOM JESUS DO SUL","PR","06/2023","651","59","0"
"410320","BOM SUCESSO","PR","04/2023","571","192","0"
"410320","BOM SUCESSO","PR","08/2026","422","155","0"
"410320","BOM SUCESSO","PR","06/2026","425","148","0"
"410320","BOM SUCESSO","PR","05/2026","426","125","0"
"410320","BOM SUCESSO","PR","04/2026","406","130","0"
"410320","BOM SUCESSO","PR","03/2026","376","152","0"
"410320","BOM SUCESSO","PR","02/2026","384","175","0"
"410320","BOM SUCESSO","PR","04/2025","393","277","0"
"410320","BOM SUCESSO","PR","07/2025","363","202","0"
"410320","BOM SUCESSO","PR","08/2025","366","189","0"
"410320","BOM SUCESSO","PR","06/2025","393","237","0"
"410320","BOM SUCESSO","PR","03/2025","390","297","0"
"410320","BOM SUCESSO","PR","10/2025","375","158","0"
"410320","BOM SUCESSO","PR","11/2025","376","148","0"
"410320","BOM SUCESSO","PR","01/2026","390","168","0"
"410320","BOM SUCESSO","PR","02/2025","416","290","0"
"410320","BOM SUCESSO","PR","12/2025","392","163","0"
"410320","BOM SUCESSO","PR","09/2025","381","164","0"
"410320","BOM SUCESSO","PR","05/2025","393","252","0"
"410320","BOM SUCESSO","PR","08/2024","408","302","0"
"410320","BOM SUCESSO","PR","10/2024","398","309","0"
"410320","BOM SUCESSO","PR","09/2024","415","309","0"
"410320","BOM SUCESSO","PR","01/2025","418","287","0"
"410320","BOM SUCESSO","PR","12/2024","436","284","0"
"410320","BOM SUCESSO","PR","03/2024","439","281","0"
"410320","BOM SUCESSO","PR","07/2024","403","301","0"
"410320","BOM SUCESSO","PR","05/2024","448","277","0"
"410320","BOM SUCESSO","PR","11/2024","428","300","0"
"410320","BOM SUCESSO","PR","04/2024","451","294","0"
"410320","BOM SUCESSO","PR","06/2024","454","267","0"
"410320","BOM SUCESSO","PR","02/2024","464","268","0"
"410320","BOM SUCESSO","PR","08/2023","465","291","0"
"410320","BOM SUCESSO","PR","11/2023","447","277","0"
"410320","BOM SUCESSO","PR","10/2023","479","282","0"
"410320","BOM SUCESSO","PR","07/2023","474","287","0"
"410320","BOM SUCESSO","PR","03/2023","555","172","0"
"410320","BOM SUCESSO","PR","02/2023","547","203","0"
"410320","BOM SUCESSO","PR","01/2024","446","269","0"
"410320","BOM SUCESSO","PR","06/2023","516","241","0"
"410320","BOM SUCESSO","PR","09/2023","450","291","0"
"410320","BOM SUCESSO","PR","12/2023","447","276","0"
"410320","BOM SUCESSO","PR","05/2023","544","224","0"
"410322","BOM SUCESSO DO SUL","PR","08/2026","238","56","0"
"410322","BOM SUCESSO DO SUL","PR","06/2026","212","85","0"
"410322","BOM SUCESSO DO SUL","PR","05/2026","210","84","0"
"410322","BOM SUCESSO DO SUL","PR","04/2026","214","87","0"
"410322","BOM SUCESSO DO SUL","PR","03/2026","217","94","0"
"410322","BOM SUCESSO DO SUL","PR","02/2026","217","110","0"
"410322","BOM SUCESSO DO SUL","PR","06/2025","175","202","0"
"410322","BOM SUCESSO DO SUL","PR","12/2025","202","103","0"
"410322","BOM SUCESSO DO SUL","PR","09/2025","183","127","0"
"410322","BOM SUCESSO DO SUL","PR","04/2025","177","215","0"
"410322","BOM SUCESSO DO SUL","PR","11/2025","170","92","0"
"410322","BOM SUCESSO DO SUL","PR","10/2025","172","116","0"
"410322","BOM SUCESSO DO SUL","PR","01/2026","197","104","0"
"410322","BOM SUCESSO DO SUL","PR","02/2025","200","209","0"
"410322","BOM SUCESSO DO SUL","PR","07/2025","175","159","0"
"410322","BOM SUCESSO DO SUL","PR","03/2025","175","229","0"
"410322","BOM SUCESSO DO SUL","PR","08/2025","176","143","0"
"410322","BOM SUCESSO DO SUL","PR","05/2025","177","208","0"
"410322","BOM SUCESSO DO SUL","PR","08/2024","224","254","0"
"410322","BOM SUCESSO DO SUL","PR","06/2024","260","216","0"
"410322","BOM SUCESSO DO SUL","PR","02/2024","265","190","0"
"410322","BOM SUCESSO DO SUL","PR","01/2025","198","207","0"
"410322","BOM SUCESSO DO SUL","PR","07/2024","232","241","0"
"410322","BOM SUCESSO DO SUL","PR","05/2024","262","215","0"
"410322","BOM SUCESSO DO SUL","PR","03/2024","262","204","0"
"410322","BOM SUCESSO DO SUL","PR","10/2024","231","249","0"
"410322","BOM SUCESSO DO SUL","PR","11/2024","227","227","0"
"410322","BOM SUCESSO DO SUL","PR","09/2024","232","255","0"
"410322","BOM SUCESSO DO SUL","PR","12/2024","217","209","0"
"410322","BOM SUCESSO DO SUL","PR","04/2024","271","196","0"
"410322","BOM SUCESSO DO SUL","PR","04/2023","335","91","0"
"410322","BOM SUCESSO DO SUL","PR","05/2023","311","100","0"
"410322","BOM SUCESSO DO SUL","PR","07/2023","275","154","0"
"410322","BOM SUCESSO DO SUL","PR","01/2024","265","189","0"
"410322","BOM SUCESSO DO SUL","PR","03/2023","333","87","0"
"410322","BOM SUCESSO DO SUL","PR","11/2023","246","184","0"
"410322","BOM SUCESSO DO SUL","PR","10/2023","283","156","0"
"410322","BOM SUCESSO DO SUL","PR","02/2023","372","102","0"
"410322","BOM SUCESSO DO SUL","PR","12/2023","258","177","0"
"410322","BOM SUCESSO DO SUL","PR","09/2023","277","146","0"
"410322","BOM SUCESSO DO SUL","PR","06/2023","297","111","0"
"410322","BOM SUCESSO DO SUL","PR","08/2023","270","150","0"
"410330","BORRAZÓPOLIS","PR","08/2026","921","183","0"
"410330","BORRAZÓPOLIS","PR","06/2026","922","193","0"
"410330","BORRAZÓPOLIS","PR","05/2026","920","188","0"
"410330","BORRAZÓPOLIS","PR","04/2026","922","174","0"
"410330","BORRAZÓPOLIS","PR","03/2026","873","181","0"
"410330","BORRAZÓPOLIS","PR","02/2026","801","199","0"
"410330","BORRAZÓPOLIS","PR","08/2025","854","251","0"
"410330","BORRAZÓPOLIS","PR","10/2025","802","181","0"
"410330","BORRAZÓPOLIS","PR","07/2025","835","263","0"
"410330","BORRAZÓPOLIS","PR","04/2025","884","286","0"
"410330","BORRAZÓPOLIS","PR","03/2025","882","301","0"
"410330","BORRAZÓPOLIS","PR","11/2025","799","177","0"
"410330","BORRAZÓPOLIS","PR","12/2025","825","172","0"
"410330","BORRAZÓPOLIS","PR","01/2026","816","192","0"
"410330","BORRAZÓPOLIS","PR","06/2025","884","290","0"
"410330","BORRAZÓPOLIS","PR","09/2025","877","227","0"
"410330","BORRAZÓPOLIS","PR","02/2025","898","304","0"
"410330","BORRAZÓPOLIS","PR","05/2025","879","286","0"
"410330","BORRAZÓPOLIS","PR","08/2024","886","373","0"
"410330","BORRAZÓPOLIS","PR","11/2024","910","308","0"
"410330","BORRAZÓPOLIS","PR","05/2024","931","390","0"
"410330","BORRAZÓPOLIS","PR","10/2024","889","327","0"
"410330","BORRAZÓPOLIS","PR","01/2025","875","304","0"
"410330","BORRAZÓPOLIS","PR","09/2024","896","348","0"
"410330","BORRAZÓPOLIS","PR","03/2024","951","373","0"
"410330","BORRAZÓPOLIS","PR","06/2024","941","366","0"
"410330","BORRAZÓPOLIS","PR","12/2024","899","298","0"
"410330","BORRAZÓPOLIS","PR","07/2024","885","395","0"
"410330","BORRAZÓPOLIS","PR","02/2024","1010","332","0"
"410330","BORRAZÓPOLIS","PR","04/2024","936","380","0"
"410330","BORRAZÓPOLIS","PR","01/2024","992","343","0"
"410330","BORRAZÓPOLIS","PR","07/2023","1133","304","0"
"410330","BORRAZÓPOLIS","PR","04/2023","1219","186","0"
"410330","BORRAZÓPOLIS","PR","03/2023","1243","169","0"
"410330","BORRAZÓPOLIS","PR","10/2023","1080","335","0"
"410330","BORRAZÓPOLIS","PR","06/2023","1215","186","0"
"410330","BORRAZÓPOLIS","PR","11/2023","1012","342","0"
"410330","BORRAZÓPOLIS","PR","02/2023","1272","157","0"
"410330","BORRAZÓPOLIS","PR","05/2023","1223","182","0"
"410330","BORRAZÓPOLIS","PR","12/2023","1003","349","0"
"410330","BORRAZÓPOLIS","PR","09/2023","1096","318","0"
"410330","BORRAZÓPOLIS","PR","08/2023","1106","316","0"
"410335","BRAGANEY","PR","10/2024","562","338","0"
"410335","BRAGANEY","PR","06/2026","511","195","0"
"410335","BRAGANEY","PR","05/2026","503","197","0"
"410335","BRAGANEY","PR","04/2026","522","189","0"
"410335","BRAGANEY","PR","03/2026","533","178","0"
"410335","BRAGANEY","PR","02/2026","524","190","0"
"410335","BRAGANEY","PR","04/2025","528","316","0"
"410335","BRAGANEY","PR","03/2025","529","316","0"
"410335","BRAGANEY","PR","01/2026","506","187","0"
"410335","BRAGANEY","PR","07/2025","504","271","0"
"410335","BRAGANEY","PR","10/2025","484","274","0"
"410335","BRAGANEY","PR","12/2025","492","231","0"
"410335","BRAGANEY","PR","11/2025","484","249","0"
"410335","BRAGANEY","PR","06/2025","528","303","0"
"410335","BRAGANEY","PR","09/2025","491","268","0"
"410335","BRAGANEY","PR","08/2025","503","265","0"
"410335","BRAGANEY","PR","02/2025","545","330","0"
"410335","BRAGANEY","PR","05/2025","528","309","0"
"410335","BRAGANEY","PR","01/2025","541","337","0"
"410335","BRAGANEY","PR","05/2024","651","313","0"
"410335","BRAGANEY","PR","12/2024","568","318","0"
"410335","BRAGANEY","PR","08/2026","519","184","0"
"410335","BRAGANEY","PR","07/2024","589","339","0"
"410335","BRAGANEY","PR","09/2024","600","338","0"
"410335","BRAGANEY","PR","11/2024","554","336","0"
"410335","BRAGANEY","PR","06/2024","652","298","0"
"410335","BRAGANEY","PR","02/2024","666","308","0"
"410335","BRAGANEY","PR","08/2024","596","344","0"
"410335","BRAGANEY","PR","03/2024","636","344","0"
"410335","BRAGANEY","PR","04/2024","653","339","0"
"410335","BRAGANEY","PR","11/2023","694","271","0"
"410335","BRAGANEY","PR","05/2023","827","125","0"
"410335","BRAGANEY","PR","10/2023","750","250","0"
"410335","BRAGANEY","PR","04/2023","819","115","0"
"410335","BRAGANEY","PR","12/2023","700","277","0"
"410335","BRAGANEY","PR","07/2023","705","256","0"
"410335","BRAGANEY","PR","03/2023","827","112","0"
"410335","BRAGANEY","PR","09/2023","736","250","0"
"410335","BRAGANEY","PR","08/2023","706","258","0"
"410335","BRAGANEY","PR","06/2023","798","141","0"
"410335","BRAGANEY","PR","02/2023","880","123","0"
"410335","BRAGANEY","PR","01/2024","677","318","0"
"410337","BRASILÂNDIA DO SUL","PR","08/2026","394","163","0"
"410337","BRASILÂNDIA DO SUL","PR","08/2023","486","128","0"
"410337","BRASILÂNDIA DO SUL","PR","05/2023","524","90","0"
"410337","BRASILÂNDIA DO SUL","PR","07/2023","496","147","0"
"410337","BRASILÂNDIA DO SUL","PR","02/2023","584","122","0"
"410337","BRASILÂNDIA DO SUL","PR","12/2023","513","175","0"
"410337","BRASILÂNDIA DO SUL","PR","09/2023","526","119","0"
"410337","BRASILÂNDIA DO SUL","PR","11/2023","512","174","0"
"410337","BRASILÂNDIA DO SUL","PR","03/2023","521","94","0"
"410337","BRASILÂNDIA DO SUL","PR","10/2023","549","111","0"
"410337","BRASILÂNDIA DO SUL","PR","04/2023","531","92","0"
"410337","BRASILÂNDIA DO SUL","PR","06/2023","526","96","0"
"410337","BRASILÂNDIA DO SUL","PR","11/2024","437","184","0"
"410337","BRASILÂNDIA DO SUL","PR","12/2024","452","158","0"
"410337","BRASILÂNDIA DO SUL","PR","02/2024","548","162","0"
"410337","BRASILÂNDIA DO SUL","PR","05/2024","491","177","0"
"410337","BRASILÂNDIA DO SUL","PR","09/2024","463","145","0"
"410337","BRASILÂNDIA DO SUL","PR","07/2024","467","172","0"
"410337","BRASILÂNDIA DO SUL","PR","04/2024","518","176","0"
"410337","BRASILÂNDIA DO SUL","PR","06/2024","497","165","0"
"410337","BRASILÂNDIA DO SUL","PR","03/2024","513","185","0"
"410337","BRASILÂNDIA DO SUL","PR","01/2025","442","150","0"
"410337","BRASILÂNDIA DO SUL","PR","10/2024","418","206","0"
"410337","BRASILÂNDIA DO SUL","PR","08/2024","463","151","0"
"410337","BRASILÂNDIA DO SUL","PR","05/2025","449","144","0"
"410337","BRASILÂNDIA DO SUL","PR","04/2025","449","148","0"
"410337","BRASILÂNDIA DO SUL","PR","09/2025","386","151","0"
"410337","BRASILÂNDIA DO SUL","PR","10/2025","368","152","0"
"410337","BRASILÂNDIA DO SUL","PR","12/2025","401","156","0"
"410337","BRASILÂNDIA DO SUL","PR","01/2026","383","172","0"
"410337","BRASILÂNDIA DO SUL","PR","07/2025","408","172","0"
"410337","BRASILÂNDIA DO SUL","PR","11/2025","353","161","0"
"410337","BRASILÂNDIA DO SUL","PR","03/2025","452","150","0"
"410337","BRASILÂNDIA DO SUL","PR","02/2025","450","139","0"
"410337","BRASILÂNDIA DO SUL","PR","06/2025","461","146","0"
"410337","BRASILÂNDIA DO SUL","PR","08/2025","389","160","0"
"410337","BRASILÂNDIA DO SUL","PR","02/2026","375","176","0"
"410337","BRASILÂNDIA DO SUL","PR","03/2026","379","155","0"
"410337","BRASILÂNDIA DO SUL","PR","04/2026","409","145","0"
"410337","BRASILÂNDIA DO SUL","PR","05/2026","416","138","0"
"410337","BRASILÂNDIA DO SUL","PR","06/2026","406","159","0"
"410337","BRASILÂNDIA DO SUL","PR","01/2024","519","166","0"
"410340","CAFEARA","PR","12/2023","313","105","0"
"410340","CAFEARA","PR","08/2026","191","107","0"
"410340","CAFEARA","PR","06/2026","193","116","0"
"410340","CAFEARA","PR","05/2026","202","118","0"
"410340","CAFEARA","PR","04/2026","207","120","0"
"410340","CAFEARA","PR","03/2026","211","120","0"
"410340","CAFEARA","PR","02/2026","185","127","0"
"410340","CAFEARA","PR","08/2025","196","123","0"
"410340","CAFEARA","PR","03/2025","234","149","0"
"410340","CAFEARA","PR","07/2025","185","113","0"
"410340","CAFEARA","PR","11/2025","174","136","0"
"410340","CAFEARA","PR","10/2025","186","127","0"
"410340","CAFEARA","PR","06/2025","215","145","0"
"410340","CAFEARA","PR","02/2025","256","139","0"
"410340","CAFEARA","PR","01/2026","174","140","0"
"410340","CAFEARA","PR","12/2025","183","133","0"
"410340","CAFEARA","PR","09/2025","187","128","0"
"410340","CAFEARA","PR","04/2025","217","153","0"
"410340","CAFEARA","PR","05/2025","215","145","0"
"410340","CAFEARA","PR","08/2024","296","128","0"
"410340","CAFEARA","PR","11/2024","248","146","0"
"410340","CAFEARA","PR","01/2025","248","134","0"
"410340","CAFEARA","PR","06/2024","329","102","0"
"410340","CAFEARA","PR","02/2024","327","101","0"
"410340","CAFEARA","PR","05/2024","328","100","0"
"410340","CAFEARA","PR","12/2024","266","136","0"
"410340","CAFEARA","PR","03/2024","289","120","0"
"410340","CAFEARA","PR","10/2024","280","146","0"
"410340","CAFEARA","PR","07/2024","290","130","0"
"410340","CAFEARA","PR","09/2024","298","125","0"
"410340","CAFEARA","PR","04/2024","302","111","0"
"410340","CAFEARA","PR","08/2023","320","88","0"
"410340","CAFEARA","PR","04/2023","320","68","0"
"410340","CAFEARA","PR","01/2024","310","105","0"
"410340","CAFEARA","PR","03/2023","355","58","0"
"410340","CAFEARA","PR","07/2023","289","98","0"
"410340","CAFEARA","PR","02/2023","369","52","0"
"410340","CAFEARA","PR","10/2023","339","83","0"
"410340","CAFEARA","PR","06/2023","322","69","0"
"410340","CAFEARA","PR","05/2023","312","74","0"
"410340","CAFEARA","PR","09/2023","333","85","0"
"410340","CAFEARA","PR","11/2023","329","92","0"
"410345","CAFELÂNDIA","PR","03/2023","2307","134","0"
"410345","CAFELÂNDIA","PR","02/2023","2413","187","0"
"410345","CAFELÂNDIA","PR","12/2023","2215","606","0"
"410345","CAFELÂNDIA","PR","04/2023","2295","132","0"
"410345","CAFELÂNDIA","PR","05/2023","2256","129","0"
"410345","CAFELÂNDIA","PR","06/2023","2247","136","0"
"410345","CAFELÂNDIA","PR","01/2024","2239","596","0"
"410345","CAFELÂNDIA","PR","07/2023","1795","529","0"
"410345","CAFELÂNDIA","PR","08/2023","1797","512","0"
"410345","CAFELÂNDIA","PR","09/2023","2137","501","0"
"410345","CAFELÂNDIA","PR","10/2023","2148","491","0"
"410345","CAFELÂNDIA","PR","11/2024","2342","768","0"
"410345","CAFELÂNDIA","PR","02/2024","2237","582","0"
"410345","CAFELÂNDIA","PR","03/2024","1940","800","0"
"410345","CAFELÂNDIA","PR","09/2024","2399","674","0"
"410345","CAFELÂNDIA","PR","05/2024","1994","716","0"
"410345","CAFELÂNDIA","PR","04/2024","1997","767","0"
"410345","CAFELÂNDIA","PR","07/2024","2292","754","0"
"410345","CAFELÂNDIA","PR","08/2024","2341","722","0"
"410345","CAFELÂNDIA","PR","12/2024","2515","744","0"
"410345","CAFELÂNDIA","PR","06/2024","2017","683","0"
"410345","CAFELÂNDIA","PR","11/2023","2209","633","0"
"410345","CAFELÂNDIA","PR","01/2025","2258","908","0"
"410345","CAFELÂNDIA","PR","10/2024","2334","813","0"
"410345","CAFELÂNDIA","PR","05/2025","2138","907","0"
"410345","CAFELÂNDIA","PR","08/2025","1791","889","0"
"410345","CAFELÂNDIA","PR","09/2025","1920","880","0"
"410345","CAFELÂNDIA","PR","12/2025","1838","874","0"
"410345","CAFELÂNDIA","PR","06/2025","2150","909","0"
"410345","CAFELÂNDIA","PR","10/2025","1837","895","0"
"410345","CAFELÂNDIA","PR","07/2025","1916","896","0"
"410345","CAFELÂNDIA","PR","01/2026","1829","887","0"
"410345","CAFELÂNDIA","PR","11/2025","1770","920","0"
"410345","CAFELÂNDIA","PR","02/2025","2294","891","0"
"410345","CAFELÂNDIA","PR","04/2025","2188","967","0"
"410345","CAFELÂNDIA","PR","03/2025","2203","965","0"
"410345","CAFELÂNDIA","PR","02/2026","1841","917","0"
"410345","CAFELÂNDIA","PR","03/2026","1989","852","0"
"410345","CAFELÂNDIA","PR","04/2026","1987","866","0"
"410345","CAFELÂNDIA","PR","05/2026","1985","852","0"
"410345","CAFELÂNDIA","PR","06/2026","1929","901","0"
"410345","CAFELÂNDIA","PR","08/2026","1788","945","0"
"410347","CAFEZAL DO SUL","PR","08/2026","352","196","0"
"410347","CAFEZAL DO SUL","PR","06/2026","347","219","0"
"410347","CAFEZAL DO SUL","PR","05/2026","365","220","0"
"410347","CAFEZAL DO SUL","PR","04/2026","380","222","0"
"410347","CAFEZAL DO SUL","PR","03/2026","374","214","0"
"410347","CAFEZAL DO SUL","PR","02/2026","357","227","0"
"410347","CAFEZAL DO SUL","PR","01/2026","376","237","0"
"410347","CAFEZAL DO SUL","PR","04/2025","431","269","0"
"410347","CAFEZAL DO SUL","PR","12/2025","394","241","0"
"410347","CAFEZAL DO SUL","PR","03/2025","423","272","0"
"410347","CAFEZAL DO SUL","PR","10/2025","373","255","0"
"410347","CAFEZAL DO SUL","PR","11/2025","359","231","0"
"410347","CAFEZAL DO SUL","PR","02/2025","427","249","0"
"410347","CAFEZAL DO SUL","PR","06/2025","433","256","0"
"410347","CAFEZAL DO SUL","PR","07/2025","402","223","0"
"410347","CAFEZAL DO SUL","PR","08/2025","392","232","0"
"410347","CAFEZAL DO SUL","PR","09/2025","388","247","0"
"410347","CAFEZAL DO SUL","PR","05/2025","431","264","0"
"410347","CAFEZAL DO SUL","PR","07/2024","488","231","0"
"410347","CAFEZAL DO SUL","PR","08/2024","480","225","0"
"410347","CAFEZAL DO SUL","PR","11/2024","484","227","0"
"410347","CAFEZAL DO SUL","PR","10/2024","486","227","0"
"410347","CAFEZAL DO SUL","PR","01/2025","430","244","0"
"410347","CAFEZAL DO SUL","PR","02/2024","563","206","0"
"410347","CAFEZAL DO SUL","PR","09/2024","483","225","0"
"410347","CAFEZAL DO SUL","PR","03/2024","544","236","0"
"410347","CAFEZAL DO SUL","PR","04/2024","555","228","0"
"410347","CAFEZAL DO SUL","PR","06/2024","521","217","0"
"410347","CAFEZAL DO SUL","PR","05/2024","502","224","0"
"410347","CAFEZAL DO SUL","PR","12/2024","477","227","0"
"410347","CAFEZAL DO SUL","PR","04/2023","566","140","0"
"410347","CAFEZAL DO SUL","PR","05/2023","595","130","0"
"410347","CAFEZAL DO SUL","PR","02/2023","601","151","0"
"410347","CAFEZAL DO SUL","PR","09/2023","559","204","0"
"410347","CAFEZAL DO SUL","PR","07/2023","525","242","0"
"410347","CAFEZAL DO SUL","PR","10/2023","590","192","0"
"410347","CAFEZAL DO SUL","PR","11/2023","550","217","0"
"410347","CAFEZAL DO SUL","PR","01/2024","560","205","0"
"410347","CAFEZAL DO SUL","PR","12/2023","560","208","0"
"410347","CAFEZAL DO SUL","PR","08/2023","528","210","0"
"410347","CAFEZAL DO SUL","PR","06/2023","583","143","0"
"410347","CAFEZAL DO SUL","PR","03/2023","533","145","0"
"410350","CALIFÓRNIA","PR","06/2024","1434","434","0"
"410350","CALIFÓRNIA","PR","08/2026","1269","363","0"
"410350","CALIFÓRNIA","PR","02/2023","1966","168","0"
"410350","CALIFÓRNIA","PR","07/2023","1567","334","0"
"410350","CALIFÓRNIA","PR","04/2023","1829","146","0"
"410350","CALIFÓRNIA","PR","12/2023","1562","412","0"
"410350","CALIFÓRNIA","PR","11/2023","1555","413","0"
"410350","CALIFÓRNIA","PR","06/2023","1801","152","0"
"410350","CALIFÓRNIA","PR","08/2023","1567","321","0"
"410350","CALIFÓRNIA","PR","10/2023","1698","301","0"
"410350","CALIFÓRNIA","PR","03/2023","1859","148","0"
"410350","CALIFÓRNIA","PR","01/2024","1549","432","0"
"410350","CALIFÓRNIA","PR","09/2023","1675","321","0"
"410350","CALIFÓRNIA","PR","05/2023","1809","152","0"
"410350","CALIFÓRNIA","PR","02/2024","1543","407","0"
"410350","CALIFÓRNIA","PR","03/2024","1416","503","0"
"410350","CALIFÓRNIA","PR","12/2024","1475","450","0"
"410350","CALIFÓRNIA","PR","11/2024","1456","454","0"
"410350","CALIFÓRNIA","PR","04/2024","1414","497","0"
"410350","CALIFÓRNIA","PR","07/2024","1472","479","0"
"410350","CALIFÓRNIA","PR","10/2024","1450","454","0"
"410350","CALIFÓRNIA","PR","05/2024","1419","460","0"
"410350","CALIFÓRNIA","PR","09/2024","1473","428","0"
"410350","CALIFÓRNIA","PR","01/2025","1438","474","0"
"410350","CALIFÓRNIA","PR","08/2024","1470","450","0"
"410350","CALIFÓRNIA","PR","01/2026","1288","368","0"
"410350","CALIFÓRNIA","PR","12/2025","1302","382","0"
"410350","CALIFÓRNIA","PR","09/2025","1339","414","0"
"410350","CALIFÓRNIA","PR","06/2025","1452","450","0"
"410350","CALIFÓRNIA","PR","07/2025","1357","429","0"
"410350","CALIFÓRNIA","PR","10/2025","1293","391","0"
"410350","CALIFÓRNIA","PR","05/2025","1444","450","0"
"410350","CALIFÓRNIA","PR","02/2025","1447","468","0"
"410350","CALIFÓRNIA","PR","11/2025","1269","377","0"
"410350","CALIFÓRNIA","PR","04/2025","1438","453","0"
"410350","CALIFÓRNIA","PR","03/2025","1462","467","0"
"410350","CALIFÓRNIA","PR","08/2025","1340","410","0"
"410350","CALIFÓRNIA","PR","02/2026","1257","376","0"
"410350","CALIFÓRNIA","PR","03/2026","1325","357","0"
"410350","CALIFÓRNIA","PR","04/2026","1343","353","0"
"410350","CALIFÓRNIA","PR","05/2026","1327","357","0"
"410350","CALIFÓRNIA","PR","06/2026","1343","350","0"
"410360","CAMBARÁ","PR","07/2024","3132","1187","0"
"410360","CAMBARÁ","PR","04/2023","3412","965","0"
"410360","CAMBARÁ","PR","09/2023","3064","1193","0"
"410360","CAMBARÁ","PR","06/2023","3323","1043","0"
"410360","CAMBARÁ","PR","01/2024","2979","1170","0"
"410360","CAMBARÁ","PR","10/2023","3129","1174","0"
"410360","CAMBARÁ","PR","02/2023","3426","1072","0"
"410360","CAMBARÁ","PR","05/2023","3349","1017","0"
"410360","CAMBARÁ","PR","07/2023","2949","1384","0"
"410360","CAMBARÁ","PR","08/2023","3016","1187","0"
"410360","CAMBARÁ","PR","03/2023","3336","1015","0"
"410360","CAMBARÁ","PR","11/2023","2939","1256","0"
"410360","CAMBARÁ","PR","12/2023","2936","1214","0"
"410360","CAMBARÁ","PR","02/2024","2985","1106","0"
"410360","CAMBARÁ","PR","03/2024","2981","1204","0"
"410360","CAMBARÁ","PR","11/2024","3230","1061","0"
"410360","CAMBARÁ","PR","06/2024","3335","1121","0"
"410360","CAMBARÁ","PR","12/2024","3296","1027","0"
"410360","CAMBARÁ","PR","05/2024","3259","1148","0"
"410360","CAMBARÁ","PR","04/2024","3102","1193","0"
"410360","CAMBARÁ","PR","08/2024","3143","1116","0"
"410360","CAMBARÁ","PR","09/2024","3163","1041","0"
"410360","CAMBARÁ","PR","01/2025","3162","1067","0"
"410360","CAMBARÁ","PR","10/2024","3205","1094","0"
"410360","CAMBARÁ","PR","12/2025","3028","859","0"
"410360","CAMBARÁ","PR","05/2025","3176","1068","0"
"410360","CAMBARÁ","PR","03/2025","3174","1101","0"
"410360","CAMBARÁ","PR","09/2025","3092","938","0"
"410360","CAMBARÁ","PR","01/2026","2980","917","0"
"410360","CAMBARÁ","PR","06/2025","3181","1052","0"
"410360","CAMBARÁ","PR","11/2025","3006","895","0"
"410360","CAMBARÁ","PR","02/2025","3197","1051","0"
"410360","CAMBARÁ","PR","10/2025","3055","920","0"
"410360","CAMBARÁ","PR","07/2025","2984","988","0"
"410360","CAMBARÁ","PR","08/2025","3054","974","0"
"410360","CAMBARÁ","PR","04/2025","3173","1084","0"
"410360","CAMBARÁ","PR","02/2026","2948","924","0"
"410360","CAMBARÁ","PR","03/2026","3025","919","0"
"410360","CAMBARÁ","PR","04/2026","3052","925","0"
"410360","CAMBARÁ","PR","05/2026","3110","904","0"
"410360","CAMBARÁ","PR","06/2026","3138","877","0"
"410360","CAMBARÁ","PR","08/2026","3106","783","0"
"410370","CAMBÉ","PR","06/2026","10720","2610","0"
"410370","CAMBÉ","PR","02/2023","11917","1710","0"
"410370","CAMBÉ","PR","12/2023","10843","3297","0"
"410370","CAMBÉ","PR","06/2023","11453","1582","0"
"410370","CAMBÉ","PR","11/2023","10739","3402","0"
"410370","CAMBÉ","PR","03/2023","11547","1578","0"
"410370","CAMBÉ","PR","08/2023","9803","2813","0"
"410370","CAMBÉ","PR","09/2023","11397","2702","0"
"410370","CAMBÉ","PR","10/2023","11604","2678","0"
"410370","CAMBÉ","PR","07/2023","9762","3018","0"
"410370","CAMBÉ","PR","04/2023","11577","1527","0"
"410370","CAMBÉ","PR","01/2024","10886","3264","0"
"410370","CAMBÉ","PR","05/2023","11480","1541","0"
"410370","CAMBÉ","PR","03/2024","9987","3577","0"
"410370","CAMBÉ","PR","02/2024","10784","3107","0"
"410370","CAMBÉ","PR","07/2024","10111","3518","0"
"410370","CAMBÉ","PR","10/2024","10098","3389","0"
"410370","CAMBÉ","PR","05/2024","9961","3418","0"
"410370","CAMBÉ","PR","12/2024","10405","3124","0"
"410370","CAMBÉ","PR","04/2024","9994","3501","0"
"410370","CAMBÉ","PR","08/2026","10722","2491","0"
"410370","CAMBÉ","PR","06/2024","9981","3317","0"
"410370","CAMBÉ","PR","09/2024","10168","3273","0"
"410370","CAMBÉ","PR","01/2025","10035","3324","0"
"410370","CAMBÉ","PR","11/2024","10109","3244","0"
"410370","CAMBÉ","PR","08/2024","10139","3404","0"
"410370","CAMBÉ","PR","05/2025","9855","3354","0"
"410370","CAMBÉ","PR","01/2026","9953","2730","0"
"410370","CAMBÉ","PR","02/2025","10149","3319","0"
"410370","CAMBÉ","PR","12/2025","9966","2640","0"
"410370","CAMBÉ","PR","04/2025","9858","3403","0"
"410370","CAMBÉ","PR","07/2025","9502","2975","0"
"410370","CAMBÉ","PR","10/2025","9887","3025","0"
"410370","CAMBÉ","PR","11/2025","9768","2739","0"
"410370","CAMBÉ","PR","06/2025","9871","3354","0"
"410370","CAMBÉ","PR","09/2025","10042","2947","0"
"410370","CAMBÉ","PR","03/2025","9890","3408","0"
"410370","CAMBÉ","PR","08/2025","10047","2926","0"
"410370","CAMBÉ","PR","02/2026","9864","2850","0"
"410370","CAMBÉ","PR","03/2026","10504","2600","0"
"410370","CAMBÉ","PR","04/2026","10583","2605","0"
"410370","CAMBÉ","PR","05/2026","10773","2503","0"
"410380","CAMBIRA","PR","06/2023","1254","215","0"
"410380","CAMBIRA","PR","08/2026","803","338","0"
"410380","CAMBIRA","PR","06/2026","796","390","0"
"410380","CAMBIRA","PR","05/2026","815","375","0"
"410380","CAMBIRA","PR","04/2026","808","393","0"
"410380","CAMBIRA","PR","03/2026","828","394","0"
"410380","CAMBIRA","PR","02/2026","813","426","0"
"410380","CAMBIRA","PR","04/2025","982","435","0"
"410380","CAMBIRA","PR","03/2025","1018","410","0"
"410380","CAMBIRA","PR","08/2025","881","479","0"
"410380","CAMBIRA","PR","11/2025","790","458","0"
"410380","CAMBIRA","PR","10/2025","813","464","0"
"410380","CAMBIRA","PR","07/2025","882","451","0"
"410380","CAMBIRA","PR","06/2025","974","403","0"
"410380","CAMBIRA","PR","12/2025","799","443","0"
"410380","CAMBIRA","PR","09/2025","846","483","0"
"410380","CAMBIRA","PR","02/2025","1030","414","0"
"410380","CAMBIRA","PR","01/2026","799","451","0"
"410380","CAMBIRA","PR","05/2025","973","417","0"
"410380","CAMBIRA","PR","01/2025","1018","426","0"
"410380","CAMBIRA","PR","04/2024","1087","378","0"
"410380","CAMBIRA","PR","09/2024","1057","408","0"
"410380","CAMBIRA","PR","07/2024","1071","428","0"
"410380","CAMBIRA","PR","02/2024","1162","355","0"
"410380","CAMBIRA","PR","05/2024","1092","363","0"
"410380","CAMBIRA","PR","12/2024","1074","411","0"
"410380","CAMBIRA","PR","10/2024","1048","439","0"
"410380","CAMBIRA","PR","08/2024","1068","425","0"
"410380","CAMBIRA","PR","06/2024","1079","362","0"
"410380","CAMBIRA","PR","03/2024","1083","390","0"
"410380","CAMBIRA","PR","11/2024","1050","416","0"
"410380","CAMBIRA","PR","11/2023","1169","388","0"
"410380","CAMBIRA","PR","05/2023","1273","199","0"
"410380","CAMBIRA","PR","04/2023","1310","167","0"
"410380","CAMBIRA","PR","02/2023","1472","209","0"
"410380","CAMBIRA","PR","08/2023","1085","346","0"
"410380","CAMBIRA","PR","07/2023","1090","347","0"
"410380","CAMBIRA","PR","10/2023","1194","347","0"
"410380","CAMBIRA","PR","01/2024","1172","364","0"
"410380","CAMBIRA","PR","09/2023","1210","336","0"
"410380","CAMBIRA","PR","12/2023","1176","381","0"
"410380","CAMBIRA","PR","03/2023","1330","179","0"
"410390","CAMPINA DA LAGOA","PR","08/2026","2552","420","0"
"410390","CAMPINA DA LAGOA","PR","03/2023","2935","157","0"
"410390","CAMPINA DA LAGOA","PR","11/2023","2656","677","0"
"410390","CAMPINA DA LAGOA","PR","12/2023","2651","663","0"
"410390","CAMPINA DA LAGOA","PR","06/2023","2991","176","0"
"410390","CAMPINA DA LAGOA","PR","10/2023","2817","549","0"
"410390","CAMPINA DA LAGOA","PR","05/2023","3000","164","0"
"410390","CAMPINA DA LAGOA","PR","09/2023","2770","540","0"
"410390","CAMPINA DA LAGOA","PR","01/2024","2682","638","0"
"410390","CAMPINA DA LAGOA","PR","07/2023","2687","560","0"
"410390","CAMPINA DA LAGOA","PR","02/2023","3042","175","0"
"410390","CAMPINA DA LAGOA","PR","08/2023","2734","538","0"
"410390","CAMPINA DA LAGOA","PR","04/2023","2982","153","0"
"410390","CAMPINA DA LAGOA","PR","03/2024","2523","738","0"
"410390","CAMPINA DA LAGOA","PR","12/2024","2407","786","0"
"410390","CAMPINA DA LAGOA","PR","09/2024","2461","770","0"
"410390","CAMPINA DA LAGOA","PR","02/2024","2666","607","0"
"410390","CAMPINA DA LAGOA","PR","07/2024","2464","784","0"
"410390","CAMPINA DA LAGOA","PR","10/2024","2360","815","0"
"410390","CAMPINA DA LAGOA","PR","06/2024","2665","676","0"
"410390","CAMPINA DA LAGOA","PR","01/2025","2341","803","0"
"410390","CAMPINA DA LAGOA","PR","11/2024","2401","809","0"
"410390","CAMPINA DA LAGOA","PR","08/2024","2462","774","0"
"410390","CAMPINA DA LAGOA","PR","04/2024","2573","717","0"
"410390","CAMPINA DA LAGOA","PR","05/2024","2615","707","0"
"410390","CAMPINA DA LAGOA","PR","10/2025","2141","564","0"
"410390","CAMPINA DA LAGOA","PR","05/2025","2324","809","0"
"410390","CAMPINA DA LAGOA","PR","02/2025","2364","800","0"
"410390","CAMPINA DA LAGOA","PR","03/2025","2306","835","0"
"410390","CAMPINA DA LAGOA","PR","06/2025","2322","803","0"
"410390","CAMPINA DA LAGOA","PR","12/2025","2352","447","0"
"410390","CAMPINA DA LAGOA","PR","09/2025","2178","602","0"
"410390","CAMPINA DA LAGOA","PR","07/2025","2247","640","0"
"410390","CAMPINA DA LAGOA","PR","11/2025","2113","508","0"
"410390","CAMPINA DA LAGOA","PR","08/2025","2193","603","0"
"410390","CAMPINA DA LAGOA","PR","04/2025","2324","809","0"
"410390","CAMPINA DA LAGOA","PR","01/2026","2337","462","0"
"410390","CAMPINA DA LAGOA","PR","02/2026","2310","501","0"
"410390","CAMPINA DA LAGOA","PR","03/2026","2321","423","0"
"410390","CAMPINA DA LAGOA","PR","04/2026","2456","419","0"
"410390","CAMPINA DA LAGOA","PR","05/2026","2453","425","0"
"410390","CAMPINA DA LAGOA","PR","06/2026","2549","438","0"
"410395","CAMPINA DO SIMÃO","PR","12/2025","930","220","0"
"410395","CAMPINA DO SIMÃO","PR","05/2023","1169","137","0"
"410395","CAMPINA DO SIMÃO","PR","02/2023","1179","127","0"
"410395","CAMPINA DO SIMÃO","PR","06/2023","1157","155","0"
"410395","CAMPINA DO SIMÃO","PR","09/2023","1104","255","0"
"410395","CAMPINA DO SIMÃO","PR","01/2024","1089","273","0"
"410395","CAMPINA DO SIMÃO","PR","10/2023","1117","254","0"
"410395","CAMPINA DO SIMÃO","PR","07/2023","1041","273","0"
"410395","CAMPINA DO SIMÃO","PR","04/2023","1142","142","0"
"410395","CAMPINA DO SIMÃO","PR","03/2023","1145","139","0"
"410395","CAMPINA DO SIMÃO","PR","11/2023","1068","289","0"
"410395","CAMPINA DO SIMÃO","PR","12/2023","1085","278","0"
"410395","CAMPINA DO SIMÃO","PR","08/2023","1059","274","0"
"410395","CAMPINA DO SIMÃO","PR","10/2024","1043","250","0"
"410395","CAMPINA DO SIMÃO","PR","09/2024","1041","231","0"
"410395","CAMPINA DO SIMÃO","PR","04/2024","1066","296","0"
"410395","CAMPINA DO SIMÃO","PR","07/2024","1045","252","0"
"410395","CAMPINA DO SIMÃO","PR","05/2024","1072","278","0"
"410395","CAMPINA DO SIMÃO","PR","02/2024","1096","259","0"
"410395","CAMPINA DO SIMÃO","PR","03/2024","1056","295","0"
"410395","CAMPINA DO SIMÃO","PR","12/2024","1035","246","0"
"410395","CAMPINA DO SIMÃO","PR","06/2024","1090","251","0"
"410395","CAMPINA DO SIMÃO","PR","01/2025","1016","255","0"
"410395","CAMPINA DO SIMÃO","PR","11/2024","1032","240","0"
"410395","CAMPINA DO SIMÃO","PR","08/2024","1038","244","0"
"410395","CAMPINA DO SIMÃO","PR","09/2025","892","250","0"
"410395","CAMPINA DO SIMÃO","PR","05/2025","993","253","0"
"410395","CAMPINA DO SIMÃO","PR","08/2025","902","232","0"
"410395","CAMPINA DO SIMÃO","PR","10/2025","883","246","0"
"410395","CAMPINA DO SIMÃO","PR","02/2025","1022","256","0"
"410395","CAMPINA DO SIMÃO","PR","01/2026","954","208","0"
"410395","CAMPINA DO SIMÃO","PR","11/2025","878","241","0"
"410395","CAMPINA DO SIMÃO","PR","06/2025","1002","242","0"
"410395","CAMPINA DO SIMÃO","PR","03/2025","997","261","0"
"410395","CAMPINA DO SIMÃO","PR","07/2025","951","224","0"
"410395","CAMPINA DO SIMÃO","PR","04/2025","995","261","0"
"410395","CAMPINA DO SIMÃO","PR","02/2026","952","214","0"
"410395","CAMPINA DO SIMÃO","PR","03/2026","941","194","0"
"410395","CAMPINA DO SIMÃO","PR","04/2026","956","212","0"
"410395","CAMPINA DO SIMÃO","PR","05/2026","964","211","0"
"410395","CAMPINA DO SIMÃO","PR","06/2026","962","217","0"
"410395","CAMPINA DO SIMÃO","PR","08/2026","946","217","0"
"410400","CAMPINA GRANDE DO SUL","PR","03/2023","9816","388","0"
"410400","CAMPINA GRANDE DO SUL","PR","06/2026","7919","1406","0"
"410400","CAMPINA GRANDE DO SUL","PR","05/2026","7811","1405","0"
"410400","CAMPINA GRANDE DO SUL","PR","04/2026","7714","1437","0"
"410400","CAMPINA GRANDE DO SUL","PR","03/2026","7198","1480","0"
"410400","CAMPINA GRANDE DO SUL","PR","02/2026","7297","1502","0"
"410400","CAMPINA GRANDE DO SUL","PR","05/2025","7715","2068","0"
"410400","CAMPINA GRANDE DO SUL","PR","08/2025","7095","1557","0"
"410400","CAMPINA GRANDE DO SUL","PR","09/2025","6960","1499","0"
"410400","CAMPINA GRANDE DO SUL","PR","11/2025","6773","1408","0"
"410400","CAMPINA GRANDE DO SUL","PR","01/2026","7349","1438","0"
"410400","CAMPINA GRANDE DO SUL","PR","08/2026","7983","1406","0"
"410400","CAMPINA GRANDE DO SUL","PR","10/2025","6868","1494","0"
"410400","CAMPINA GRANDE DO SUL","PR","07/2025","7431","1651","0"
"410400","CAMPINA GRANDE DO SUL","PR","12/2025","7393","1371","0"
"410400","CAMPINA GRANDE DO SUL","PR","06/2025","7771","2084","0"
"410400","CAMPINA GRANDE DO SUL","PR","04/2025","7722","2074","0"
"410400","CAMPINA GRANDE DO SUL","PR","03/2025","7680","2138","0"
"410400","CAMPINA GRANDE DO SUL","PR","02/2025","7684","2002","0"
"410400","CAMPINA GRANDE DO SUL","PR","08/2024","7632","1880","0"
"410400","CAMPINA GRANDE DO SUL","PR","10/2024","7830","2018","0"
"410400","CAMPINA GRANDE DO SUL","PR","01/2025","7399","2040","0"
"410400","CAMPINA GRANDE DO SUL","PR","05/2024","6849","1902","0"
"410400","CAMPINA GRANDE DO SUL","PR","07/2024","7689","1925","0"
"410400","CAMPINA GRANDE DO SUL","PR","09/2024","7656","1797","0"
"410400","CAMPINA GRANDE DO SUL","PR","02/2024","7317","1801","0"
"410400","CAMPINA GRANDE DO SUL","PR","12/2024","7783","1899","0"
"410400","CAMPINA GRANDE DO SUL","PR","11/2024","7864","1961","0"
"410400","CAMPINA GRANDE DO SUL","PR","06/2024","6850","1835","0"
"410400","CAMPINA GRANDE DO SUL","PR","04/2024","6892","1988","0"
"410400","CAMPINA GRANDE DO SUL","PR","03/2024","6848","2040","0"
"410400","CAMPINA GRANDE DO SUL","PR","01/2024","7421","1885","0"
"410400","CAMPINA GRANDE DO SUL","PR","09/2023","8130","1593","0"
"410400","CAMPINA GRANDE DO SUL","PR","07/2023","8064","1753","0"
"410400","CAMPINA GRANDE DO SUL","PR","08/2023","8072","1676","0"
"410400","CAMPINA GRANDE DO SUL","PR","06/2023","9740","363","0"
"410400","CAMPINA GRANDE DO SUL","PR","10/2023","8112","1514","0"
"410400","CAMPINA GRANDE DO SUL","PR","11/2023","7489","1964","0"
"410400","CAMPINA GRANDE DO SUL","PR","05/2023","9736","363","0"
"410400","CAMPINA GRANDE DO SUL","PR","12/2023","7409","1919","0"
"410400","CAMPINA GRANDE DO SUL","PR","04/2023","9790","367","0"
"410400","CAMPINA GRANDE DO SUL","PR","02/2023","10398","473","0"
"410405","CAMPO BONITO","PR","05/2024","798","227","0"
"410405","CAMPO BONITO","PR","08/2023","923","190","0"
"410405","CAMPO BONITO","PR","04/2023","991","78","0"
"410405","CAMPO BONITO","PR","12/2023","904","222","0"
"410405","CAMPO BONITO","PR","09/2023","948","189","0"
"410405","CAMPO BONITO","PR","05/2023","1005","83","0"
"410405","CAMPO BONITO","PR","06/2023","999","79","0"
"410405","CAMPO BONITO","PR","11/2023","908","223","0"
"410405","CAMPO BONITO","PR","03/2023","983","81","0"
"410405","CAMPO BONITO","PR","07/2023","903","203","0"
"410405","CAMPO BONITO","PR","01/2024","886","215","0"
"410405","CAMPO BONITO","PR","02/2023","1023","82","0"
"410405","CAMPO BONITO","PR","10/2023","970","181","0"
"410405","CAMPO BONITO","PR","04/2024","785","237","0"
"410405","CAMPO BONITO","PR","10/2024","717","275","0"
"410405","CAMPO BONITO","PR","12/2024","717","255","0"
"410405","CAMPO BONITO","PR","08/2024","700","268","0"
"410405","CAMPO BONITO","PR","06/2024","793","221","0"
"410405","CAMPO BONITO","PR","11/2024","684","265","0"
"410405","CAMPO BONITO","PR","09/2024","713","250","0"
"410405","CAMPO BONITO","PR","03/2024","833","241","0"
"410405","CAMPO BONITO","PR","02/2024","883","211","0"
"410405","CAMPO BONITO","PR","01/2025","679","259","0"
"410405","CAMPO BONITO","PR","07/2024","692","277","0"
"410405","CAMPO BONITO","PR","08/2025","620","198","0"
"410405","CAMPO BONITO","PR","05/2025","642","281","0"
"410405","CAMPO BONITO","PR","01/2026","553","195","0"
"410405","CAMPO BONITO","PR","11/2025","568","187","0"
"410405","CAMPO BONITO","PR","02/2025","681","259","0"
"410405","CAMPO BONITO","PR","07/2025","634","218","0"
"410405","CAMPO BONITO","PR","09/2025","589","191","0"
"410405","CAMPO BONITO","PR","10/2025","587","194","0"
"410405","CAMPO BONITO","PR","06/2025","617","274","0"
"410405","CAMPO BONITO","PR","03/2025","659","286","0"
"410405","CAMPO BONITO","PR","04/2025","646","286","0"
"410405","CAMPO BONITO","PR","12/2025","570","194","0"
"410405","CAMPO BONITO","PR","02/2026","556","201","0"
"410405","CAMPO BONITO","PR","03/2026","577","170","0"
"410405","CAMPO BONITO","PR","04/2026","571","146","0"
"410405","CAMPO BONITO","PR","05/2026","573","138","0"
"410405","CAMPO BONITO","PR","06/2026","579","130","0"
"410405","CAMPO BONITO","PR","08/2026","587","103","0"
"410410","CAMPO DO TENENTE","PR","08/2026","2617","277","0"
"410410","CAMPO DO TENENTE","PR","06/2026","2615","305","0"
"410410","CAMPO DO TENENTE","PR","05/2026","2501","301","0"
"410410","CAMPO DO TENENTE","PR","04/2026","2392","327","0"
"410410","CAMPO DO TENENTE","PR","03/2026","2403","339","0"
"410410","CAMPO DO TENENTE","PR","02/2026","2371","385","0"
"410410","CAMPO DO TENENTE","PR","08/2025","2283","496","0"
"410410","CAMPO DO TENENTE","PR","09/2025","2295","459","0"
"410410","CAMPO DO TENENTE","PR","11/2025","2300","390","0"
"410410","CAMPO DO TENENTE","PR","04/2025","2465","567","0"
"410410","CAMPO DO TENENTE","PR","07/2025","2348","486","0"
"410410","CAMPO DO TENENTE","PR","05/2025","2464","559","0"
"410410","CAMPO DO TENENTE","PR","10/2025","2309","448","0"
"410410","CAMPO DO TENENTE","PR","01/2026","2398","362","0"
"410410","CAMPO DO TENENTE","PR","02/2025","2424","532","0"
"410410","CAMPO DO TENENTE","PR","12/2025","2377","377","0"
"410410","CAMPO DO TENENTE","PR","06/2025","2471","563","0"
"410410","CAMPO DO TENENTE","PR","03/2025","2438","581","0"
"410410","CAMPO DO TENENTE","PR","08/2024","2393","537","0"
"410410","CAMPO DO TENENTE","PR","03/2024","2413","607","0"
"410410","CAMPO DO TENENTE","PR","02/2024","2533","522","0"
"410410","CAMPO DO TENENTE","PR","01/2025","2389","534","0"
"410410","CAMPO DO TENENTE","PR","09/2024","2424","514","0"
"410410","CAMPO DO TENENTE","PR","05/2024","2445","501","0"
"410410","CAMPO DO TENENTE","PR","07/2024","2366","581","0"
"410410","CAMPO DO TENENTE","PR","06/2024","2469","458","0"
"410410","CAMPO DO TENENTE","PR","12/2024","2498","480","0"
"410410","CAMPO DO TENENTE","PR","10/2024","2478","514","0"
"410410","CAMPO DO TENENTE","PR","11/2024","2493","501","0"
"410410","CAMPO DO TENENTE","PR","04/2024","2449","571","0"
"410410","CAMPO DO TENENTE","PR","11/2023","2366","531","0"
"410410","CAMPO DO TENENTE","PR","07/2023","2283","497","0"
"410410","CAMPO DO TENENTE","PR","01/2024","2453","510","0"
"410410","CAMPO DO TENENTE","PR","12/2023","2410","530","0"
"410410","CAMPO DO TENENTE","PR","09/2023","2529","437","0"
"410410","CAMPO DO TENENTE","PR","03/2023","2676","187","0"
"410410","CAMPO DO TENENTE","PR","10/2023","2538","422","0"
"410410","CAMPO DO TENENTE","PR","06/2023","2654","193","0"
"410410","CAMPO DO TENENTE","PR","04/2023","2672","184","0"
"410410","CAMPO DO TENENTE","PR","08/2023","2395","471","0"
"410410","CAMPO DO TENENTE","PR","02/2023","2814","226","0"
"410410","CAMPO DO TENENTE","PR","05/2023","2669","191","0"
"410420","CAMPO LARGO","PR","08/2026","12947","3335","0"
"410420","CAMPO LARGO","PR","06/2026","12951","3507","0"
"410420","CAMPO LARGO","PR","05/2026","12482","3464","0"
"410420","CAMPO LARGO","PR","04/2026","11690","3473","0"
"410420","CAMPO LARGO","PR","03/2026","11782","3493","0"
"410420","CAMPO LARGO","PR","02/2026","11886","3763","0"
"410420","CAMPO LARGO","PR","04/2025","12492","4436","0"
"410420","CAMPO LARGO","PR","08/2025","11436","3701","0"
"410420","CAMPO LARGO","PR","05/2025","12490","4398","0"
"410420","CAMPO LARGO","PR","11/2025","10882","3497","0"
"410420","CAMPO LARGO","PR","02/2025","12615","4306","0"
"410420","CAMPO LARGO","PR","07/2025","11936","3796","0"
"410420","CAMPO LARGO","PR","10/2025","11005","3652","0"
"410420","CAMPO LARGO","PR","09/2025","11132","3729","0"
"410420","CAMPO LARGO","PR","12/2025","12007","3302","0"
"410420","CAMPO LARGO","PR","06/2025","12566","4404","0"
"410420","CAMPO LARGO","PR","03/2025","12485","4469","0"
"410420","CAMPO LARGO","PR","01/2026","11971","3570","0"
"410420","CAMPO LARGO","PR","11/2024","12944","4118","0"
"410420","CAMPO LARGO","PR","01/2025","12082","4340","0"
"410420","CAMPO LARGO","PR","09/2024","13202","3835","0"
"410420","CAMPO LARGO","PR","12/2024","12837","4019","0"
"410420","CAMPO LARGO","PR","10/2024","12885","4191","0"
"410420","CAMPO LARGO","PR","03/2024","13133","4149","0"
"410420","CAMPO LARGO","PR","07/2024","13262","4107","0"
"410420","CAMPO LARGO","PR","08/2024","13200","3966","0"
"410420","CAMPO LARGO","PR","06/2024","14065","3821","0"
"410420","CAMPO LARGO","PR","04/2024","13162","4052","0"
"410420","CAMPO LARGO","PR","02/2024","14140","3445","0"
"410420","CAMPO LARGO","PR","05/2024","13256","3936","0"
"410420","CAMPO LARGO","PR","11/2023","13418","3811","0"
"410420","CAMPO LARGO","PR","04/2023","14400","1151","0"
"410420","CAMPO LARGO","PR","01/2024","13860","3586","0"
"410420","CAMPO LARGO","PR","09/2023","13831","3153","0"
"410420","CAMPO LARGO","PR","08/2023","13365","3236","0"
"410420","CAMPO LARGO","PR","07/2023","12308","3465","0"
"410420","CAMPO LARGO","PR","06/2023","14979","1206","0"
"410420","CAMPO LARGO","PR","12/2023","13773","3666","0"
"410420","CAMPO LARGO","PR","05/2023","15012","1177","0"
"410420","CAMPO LARGO","PR","03/2023","14410","1182","0"
"410420","CAMPO LARGO","PR","02/2023","15024","1361","0"
"410420","CAMPO LARGO","PR","10/2023","14217","3117","0"
"410425","CAMPO MAGRO","PR","09/2025","2866","1111","0"
"410425","CAMPO MAGRO","PR","04/2023","3889","589","0"
"410425","CAMPO MAGRO","PR","11/2023","3593","1245","0"
"410425","CAMPO MAGRO","PR","01/2024","3654","1200","0"
"410425","CAMPO MAGRO","PR","02/2023","3987","631","0"
"410425","CAMPO MAGRO","PR","06/2023","3928","652","0"
"410425","CAMPO MAGRO","PR","03/2023","3842","576","0"
"410425","CAMPO MAGRO","PR","07/2023","3597","1154","0"
"410425","CAMPO MAGRO","PR","08/2023","3643","1063","0"
"410425","CAMPO MAGRO","PR","05/2023","3935","615","0"
"410425","CAMPO MAGRO","PR","09/2023","3692","1081","0"
"410425","CAMPO MAGRO","PR","12/2023","3645","1227","0"
"410425","CAMPO MAGRO","PR","11/2024","3377","1337","0"
"410425","CAMPO MAGRO","PR","04/2024","3593","1268","0"
"410425","CAMPO MAGRO","PR","05/2024","3657","1201","0"
"410425","CAMPO MAGRO","PR","06/2024","3694","1175","0"
"410425","CAMPO MAGRO","PR","07/2024","3481","1408","0"
"410425","CAMPO MAGRO","PR","12/2024","3359","1280","0"
"410425","CAMPO MAGRO","PR","03/2024","3556","1263","0"
"410425","CAMPO MAGRO","PR","01/2025","3189","1332","0"
"410425","CAMPO MAGRO","PR","10/2024","3405","1344","0"
"410425","CAMPO MAGRO","PR","09/2024","3540","1294","0"
"410425","CAMPO MAGRO","PR","02/2024","3772","1159","0"
"410425","CAMPO MAGRO","PR","08/2024","3526","1352","0"
"410425","CAMPO MAGRO","PR","05/2025","3219","1347","0"
"410425","CAMPO MAGRO","PR","07/2025","3060","1190","0"
"410425","CAMPO MAGRO","PR","10/2023","3773","1090","0"
"410425","CAMPO MAGRO","PR","06/2025","3252","1351","0"
"410425","CAMPO MAGRO","PR","03/2025","3180","1406","0"
"410425","CAMPO MAGRO","PR","10/2025","2811","1105","0"
"410425","CAMPO MAGRO","PR","11/2025","2816","1037","0"
"410425","CAMPO MAGRO","PR","08/2025","2917","1118","0"
"410425","CAMPO MAGRO","PR","01/2026","3223","993","0"
"410425","CAMPO MAGRO","PR","02/2025","3180","1315","0"
"410425","CAMPO MAGRO","PR","12/2025","3224","964","0"
"410425","CAMPO MAGRO","PR","04/2025","3220","1371","0"
"410425","CAMPO MAGRO","PR","02/2026","3235","1016","0"
"410425","CAMPO MAGRO","PR","03/2026","3256","933","0"
"410425","CAMPO MAGRO","PR","04/2026","3235","940","0"
"410425","CAMPO MAGRO","PR","05/2026","3417","921","0"
"410425","CAMPO MAGRO","PR","06/2026","3699","882","0"
"410425","CAMPO MAGRO","PR","08/2026","3829","751","0"
"410430","CAMPO MOURÃO","PR","10/2023","11816","2716","0"
"410430","CAMPO MOURÃO","PR","11/2023","11086","3342","0"
"410430","CAMPO MOURÃO","PR","01/2024","11296","3182","0"
"410430","CAMPO MOURÃO","PR","06/2023","12349","1489","0"
"410430","CAMPO MOURÃO","PR","03/2023","12199","1196","0"
"410430","CAMPO MOURÃO","PR","07/2023","10431","3043","0"
"410430","CAMPO MOURÃO","PR","02/2023","12774","1414","0"
"410430","CAMPO MOURÃO","PR","09/2023","11580","2709","0"
"410430","CAMPO MOURÃO","PR","08/2023","11282","2769","0"
"410430","CAMPO MOURÃO","PR","05/2023","12522","1327","0"
"410430","CAMPO MOURÃO","PR","04/2023","12165","1176","0"
"410430","CAMPO MOURÃO","PR","12/2023","11258","3285","0"
"410430","CAMPO MOURÃO","PR","04/2024","10761","3523","0"
"410430","CAMPO MOURÃO","PR","02/2024","11461","3077","0"
"410430","CAMPO MOURÃO","PR","11/2024","10853","3377","0"
"410430","CAMPO MOURÃO","PR","09/2024","11123","3192","0"
"410430","CAMPO MOURÃO","PR","03/2024","10714","3617","0"
"410430","CAMPO MOURÃO","PR","10/2024","10836","3454","0"
"410430","CAMPO MOURÃO","PR","07/2024","11206","3513","0"
"410430","CAMPO MOURÃO","PR","12/2024","10869","3288","0"
"410430","CAMPO MOURÃO","PR","05/2024","11150","3321","0"
"410430","CAMPO MOURÃO","PR","06/2024","11712","3209","0"
"410430","CAMPO MOURÃO","PR","01/2025","10352","3584","0"
"410430","CAMPO MOURÃO","PR","08/2024","11165","3399","0"
"410430","CAMPO MOURÃO","PR","05/2025","10342","3495","0"
"410430","CAMPO MOURÃO","PR","12/2025","9884","2851","0"
"410430","CAMPO MOURÃO","PR","03/2025","10347","3640","0"
"410430","CAMPO MOURÃO","PR","09/2025","9326","3143","0"
"410430","CAMPO MOURÃO","PR","04/2025","10342","3571","0"
"410430","CAMPO MOURÃO","PR","07/2025","9795","3215","0"
"410430","CAMPO MOURÃO","PR","01/2026","9837","2876","0"
"410430","CAMPO MOURÃO","PR","06/2025","10445","3480","0"
"410430","CAMPO MOURÃO","PR","02/2025","10191","3503","0"
"410430","CAMPO MOURÃO","PR","10/2025","9210","3120","0"
"410430","CAMPO MOURÃO","PR","11/2025","9160","2881","0"
"410430","CAMPO MOURÃO","PR","08/2025","9446","3180","0"
"410430","CAMPO MOURÃO","PR","02/2026","9764","2930","0"
"410430","CAMPO MOURÃO","PR","03/2026","9732","2775","0"
"410430","CAMPO MOURÃO","PR","04/2026","9631","2792","0"
"410430","CAMPO MOURÃO","PR","05/2026","10182","2809","0"
"410430","CAMPO MOURÃO","PR","06/2026","10613","2852","0"
"410430","CAMPO MOURÃO","PR","08/2026","10578","2781","0"
"410440","CÂNDIDO DE ABREU","PR","03/2023","4226","250","0"
"410440","CÂNDIDO DE ABREU","PR","12/2023","3838","787","0"
"410440","CÂNDIDO DE ABREU","PR","04/2023","4260","251","0"
"410440","CÂNDIDO DE ABREU","PR","05/2023","4273","274","0"
"410440","CÂNDIDO DE ABREU","PR","06/2023","4257","280","0"
"410440","CÂNDIDO DE ABREU","PR","08/2023","3906","692","0"
"410440","CÂNDIDO DE ABREU","PR","07/2023","3894","743","0"
"410440","CÂNDIDO DE ABREU","PR","09/2023","3945","666","0"
"410440","CÂNDIDO DE ABREU","PR","01/2024","3830","777","0"
"410440","CÂNDIDO DE ABREU","PR","02/2023","4348","281","0"
"410440","CÂNDIDO DE ABREU","PR","10/2023","3980","663","0"
"410440","CÂNDIDO DE ABREU","PR","11/2023","3806","792","0"
"410440","CÂNDIDO DE ABREU","PR","11/2024","3729","737","0"
"410440","CÂNDIDO DE ABREU","PR","02/2024","3829","744","0"
"410440","CÂNDIDO DE ABREU","PR","03/2024","3737","795","0"
"410440","CÂNDIDO DE ABREU","PR","04/2024","3757","770","0"
"410440","CÂNDIDO DE ABREU","PR","05/2024","3786","736","0"
"410440","CÂNDIDO DE ABREU","PR","12/2024","3792","701","0"
"410440","CÂNDIDO DE ABREU","PR","08/2024","3725","727","0"
"410440","CÂNDIDO DE ABREU","PR","09/2024","3759","688","0"
"410440","CÂNDIDO DE ABREU","PR","01/2025","3698","761","0"
"410440","CÂNDIDO DE ABREU","PR","10/2024","3722","764","0"
"410440","CÂNDIDO DE ABREU","PR","06/2024","3821","711","0"
"410440","CÂNDIDO DE ABREU","PR","07/2024","3732","774","0"
"410440","CÂNDIDO DE ABREU","PR","05/2025","3671","711","0"
"410440","CÂNDIDO DE ABREU","PR","08/2025","3624","564","0"
"410440","CÂNDIDO DE ABREU","PR","04/2025","3672","725","0"
"410440","CÂNDIDO DE ABREU","PR","12/2025","3883","503","0"
"410440","CÂNDIDO DE ABREU","PR","01/2026","3847","511","0"
"410440","CÂNDIDO DE ABREU","PR","06/2025","3690","723","0"
"410440","CÂNDIDO DE ABREU","PR","07/2025","3609","567","0"
"410440","CÂNDIDO DE ABREU","PR","09/2025","3621","550","0"
"410440","CÂNDIDO DE ABREU","PR","02/2025","3707","750","0"
"410440","CÂNDIDO DE ABREU","PR","11/2025","3565","502","0"
"410440","CÂNDIDO DE ABREU","PR","10/2025","3571","541","0"
"410440","CÂNDIDO DE ABREU","PR","03/2025","3694","721","0"
"410440","CÂNDIDO DE ABREU","PR","02/2026","3815","499","0"
"410440","CÂNDIDO DE ABREU","PR","03/2026","3820","473","0"
"410440","CÂNDIDO DE ABREU","PR","04/2026","3967","451","0"
"410440","CÂNDIDO DE ABREU","PR","05/2026","3951","471","0"
"410440","CÂNDIDO DE ABREU","PR","06/2026","3916","501","0"
"410440","CÂNDIDO DE ABREU","PR","08/2026","3886","484","0"
"410442","CANDÓI","PR","08/2026","1884","619","0"
"410442","CANDÓI","PR","06/2026","1911","632","0"
"410442","CANDÓI","PR","05/2026","1925","636","0"
"410442","CANDÓI","PR","04/2026","1935","645","0"
"410442","CANDÓI","PR","03/2026","1941","669","0"
"410442","CANDÓI","PR","02/2026","1880","696","0"
"410442","CANDÓI","PR","03/2025","2009","1179","0"
"410442","CANDÓI","PR","06/2025","2004","1099","0"
"410442","CANDÓI","PR","05/2025","2000","1124","0"
"410442","CANDÓI","PR","10/2025","1905","798","0"
"410442","CANDÓI","PR","07/2025","1871","968","0"
"410442","CANDÓI","PR","02/2025","2020","1235","0"
"410442","CANDÓI","PR","01/2026","1913","692","0"
"410442","CANDÓI","PR","04/2025","1996","1152","0"
"410442","CANDÓI","PR","12/2025","1900","716","0"
"410442","CANDÓI","PR","08/2025","1955","912","0"
"410442","CANDÓI","PR","11/2025","1873","748","0"
"410442","CANDÓI","PR","09/2025","1955","811","0"
"410442","CANDÓI","PR","04/2024","2317","1272","0"
"410442","CANDÓI","PR","08/2024","2199","1338","0"
"410442","CANDÓI","PR","11/2024","2119","1246","0"
"410442","CANDÓI","PR","06/2024","2366","1248","0"
"410442","CANDÓI","PR","01/2025","2030","1281","0"
"410442","CANDÓI","PR","09/2024","2199","1298","0"
"410442","CANDÓI","PR","07/2024","2198","1374","0"
"410442","CANDÓI","PR","05/2024","2365","1255","0"
"410442","CANDÓI","PR","03/2024","2251","1293","0"
"410442","CANDÓI","PR","10/2024","2126","1309","0"
"410442","CANDÓI","PR","02/2024","2309","1306","0"
"410442","CANDÓI","PR","12/2024","2120","1243","0"
"410442","CANDÓI","PR","11/2023","2320","1320","0"
"410442","CANDÓI","PR","04/2023","3032","529","0"
"410442","CANDÓI","PR","09/2023","2563","1117","0"
"410442","CANDÓI","PR","01/2024","2303","1328","0"
"410442","CANDÓI","PR","12/2023","2273","1375","0"
"410442","CANDÓI","PR","02/2023","3185","585","0"
"410442","CANDÓI","PR","03/2023","3036","523","0"
"410442","CANDÓI","PR","10/2023","2499","1225","0"
"410442","CANDÓI","PR","07/2023","2637","1073","0"
"410442","CANDÓI","PR","06/2023","2948","655","0"
"410442","CANDÓI","PR","08/2023","2654","1005","0"
"410442","CANDÓI","PR","05/2023","2963","616","0"
"410445","CANTAGALO","PR","02/2023","1802","517","0"
"410445","CANTAGALO","PR","12/2023","1672","651","0"
"410445","CANTAGALO","PR","07/2023","1650","670","0"
"410445","CANTAGALO","PR","08/2023","1675","597","0"
"410445","CANTAGALO","PR","09/2023","1694","604","0"
"410445","CANTAGALO","PR","10/2023","1708","633","0"
"410445","CANTAGALO","PR","06/2023","1764","511","0"
"410445","CANTAGALO","PR","01/2024","1645","668","0"
"410445","CANTAGALO","PR","04/2024","1597","666","0"
"410445","CANTAGALO","PR","05/2024","1604","663","0"
"410445","CANTAGALO","PR","03/2024","1600","689","0"
"410445","CANTAGALO","PR","10/2024","1379","685","0"
"410445","CANTAGALO","PR","07/2024","1443","717","0"
"410445","CANTAGALO","PR","12/2024","1395","620","0"
"410445","CANTAGALO","PR","06/2024","1600","631","0"
"410445","CANTAGALO","PR","02/2024","1645","651","0"
"410445","CANTAGALO","PR","09/2024","1428","690","0"
"410445","CANTAGALO","PR","01/2025","1338","650","0"
"410445","CANTAGALO","PR","11/2024","1383","676","0"
"410445","CANTAGALO","PR","11/2023","1675","642","0"
"410445","CANTAGALO","PR","08/2024","1440","713","0"
"410445","CANTAGALO","PR","05/2025","1306","614","0"
"410445","CANTAGALO","PR","08/2025","1142","630","0"
"410445","CANTAGALO","PR","03/2025","1302","629","0"
"410445","CANTAGALO","PR","02/2025","1328","644","0"
"410445","CANTAGALO","PR","09/2025","1110","611","0"
"410445","CANTAGALO","PR","07/2025","1182","612","0"
"410445","CANTAGALO","PR","12/2025","959","687","0"
"410445","CANTAGALO","PR","01/2026","948","682","0"
"410445","CANTAGALO","PR","10/2025","1041","648","0"
"410445","CANTAGALO","PR","11/2025","989","660","0"
"410445","CANTAGALO","PR","03/2023","1771","514","0"
"410445","CANTAGALO","PR","06/2025","1309","607","0"
"410445","CANTAGALO","PR","04/2025","1306","631","0"
"410445","CANTAGALO","PR","02/2026","934","679","0"
"410445","CANTAGALO","PR","03/2026","943","642","0"
"410445","CANTAGALO","PR","04/2026","943","641","0"
"410445","CANTAGALO","PR","05/2026","926","655","0"
"410445","CANTAGALO","PR","06/2026","919","668","0"
"410445","CANTAGALO","PR","08/2026","910","575","0"
"410445","CANTAGALO","PR","04/2023","1836","487","0"
"410445","CANTAGALO","PR","05/2023","1792","511","0"
"410450","CAPANEMA","PR","08/2025","1284","323","0"
"410450","CAPANEMA","PR","08/2026","1539","270","0"
"410450","CAPANEMA","PR","05/2023","1408","236","0"
"410450","CAPANEMA","PR","08/2023","1193","475","0"
"410450","CAPANEMA","PR","11/2023","1156","533","0"
"410450","CAPANEMA","PR","09/2023","1212","497","0"
"410450","CAPANEMA","PR","02/2023","1500","216","0"
"410450","CAPANEMA","PR","03/2023","1428","211","0"
"410450","CAPANEMA","PR","10/2023","1230","485","0"
"410450","CAPANEMA","PR","07/2023","1172","472","0"
"410450","CAPANEMA","PR","12/2023","1192","529","0"
"410450","CAPANEMA","PR","04/2023","1471","210","0"
"410450","CAPANEMA","PR","06/2023","1413","235","0"
"410450","CAPANEMA","PR","01/2024","1231","517","0"
"410450","CAPANEMA","PR","05/2024","1392","505","0"
"410450","CAPANEMA","PR","04/2024","1329","546","0"
"410450","CAPANEMA","PR","02/2024","1261","513","0"
"410450","CAPANEMA","PR","11/2024","1393","435","0"
"410450","CAPANEMA","PR","07/2024","1343","521","0"
"410450","CAPANEMA","PR","12/2024","1419","409","0"
"410450","CAPANEMA","PR","03/2024","1229","571","0"
"410450","CAPANEMA","PR","09/2024","1420","434","0"
"410450","CAPANEMA","PR","01/2025","1354","442","0"
"410450","CAPANEMA","PR","10/2024","1366","462","0"
"410450","CAPANEMA","PR","06/2024","1462","485","0"
"410450","CAPANEMA","PR","08/2024","1345","510","0"
"410450","CAPANEMA","PR","05/2025","1382","401","0"
"410450","CAPANEMA","PR","03/2025","1369","411","0"
"410450","CAPANEMA","PR","09/2025","1281","298","0"
"410450","CAPANEMA","PR","02/2025","1339","424","0"
"410450","CAPANEMA","PR","12/2025","1351","266","0"
"410450","CAPANEMA","PR","07/2025","1319","347","0"
"410450","CAPANEMA","PR","11/2025","1300","268","0"
"410450","CAPANEMA","PR","04/2025","1383","405","0"
"410450","CAPANEMA","PR","06/2025","1388","398","0"
"410450","CAPANEMA","PR","10/2025","1297","294","0"
"410450","CAPANEMA","PR","01/2026","1349","269","0"
"410450","CAPANEMA","PR","02/2026","1331","288","0"
"410450","CAPANEMA","PR","03/2026","1317","261","0"
"410450","CAPANEMA","PR","04/2026","1441","243","0"
"410450","CAPANEMA","PR","05/2026","1453","249","0"
"410450","CAPANEMA","PR","06/2026","1558","254","0"
"410460","CAPITÃO LEÔNIDAS MARQUES","PR","10/2024","2322","872","0"
"410460","CAPITÃO LEÔNIDAS MARQUES","PR","04/2023","2764","261","0"
"410460","CAPITÃO LEÔNIDAS MARQUES","PR","11/2023","2526","616","0"
"410460","CAPITÃO LEÔNIDAS MARQUES","PR","09/2023","2618","517","0"
"410460","CAPITÃO LEÔNIDAS MARQUES","PR","12/2023","2608","617","0"
"410460","CAPITÃO LEÔNIDAS MARQUES","PR","01/2024","2618","608","0"
"410460","CAPITÃO LEÔNIDAS MARQUES","PR","03/2023","2801","263","0"
"410460","CAPITÃO LEÔNIDAS MARQUES","PR","10/2023","2675","497","0"
"410460","CAPITÃO LEÔNIDAS MARQUES","PR","02/2023","2828","271","0"
"410460","CAPITÃO LEÔNIDAS MARQUES","PR","08/2023","2501","568","0"
"410460","CAPITÃO LEÔNIDAS MARQUES","PR","05/2023","2725","290","0"
"410460","CAPITÃO LEÔNIDAS MARQUES","PR","07/2023","2221","643","0"
"410460","CAPITÃO LEÔNIDAS MARQUES","PR","06/2023","2669","304","0"
"410460","CAPITÃO LEÔNIDAS MARQUES","PR","11/2024","2336","842","0"
"410460","CAPITÃO LEÔNIDAS MARQUES","PR","04/2024","2551","713","0"
"410460","CAPITÃO LEÔNIDAS MARQUES","PR","05/2024","2499","705","0"
"410460","CAPITÃO LEÔNIDAS MARQUES","PR","02/2024","2710","582","0"
"410460","CAPITÃO LEÔNIDAS MARQUES","PR","06/2024","2480","721","0"
"410460","CAPITÃO LEÔNIDAS MARQUES","PR","09/2024","2401","809","0"
"410460","CAPITÃO LEÔNIDAS MARQUES","PR","12/2024","2448","821","0"
"410460","CAPITÃO LEÔNIDAS MARQUES","PR","03/2024","2535","713","0"
"410460","CAPITÃO LEÔNIDAS MARQUES","PR","07/2024","2363","820","0"
"410460","CAPITÃO LEÔNIDAS MARQUES","PR","01/2025","2369","853","0"
"410460","CAPITÃO LEÔNIDAS MARQUES","PR","08/2024","2392","813","0"
"410460","CAPITÃO LEÔNIDAS MARQUES","PR","05/2025","2377","812","0"
"410460","CAPITÃO LEÔNIDAS MARQUES","PR","08/2025","2193","792","0"
"410460","CAPITÃO LEÔNIDAS MARQUES","PR","07/2025","2239","773","0"
"410460","CAPITÃO LEÔNIDAS MARQUES","PR","01/2026","2358","685","0"
"410460","CAPITÃO LEÔNIDAS MARQUES","PR","09/2025","2172","782","0"
"410460","CAPITÃO LEÔNIDAS MARQUES","PR","06/2025","2384","807","0"
"410460","CAPITÃO LEÔNIDAS MARQUES","PR","12/2025","2375","676","0"
"410460","CAPITÃO LEÔNIDAS MARQUES","PR","02/2025","2389","836","0"
"410460","CAPITÃO LEÔNIDAS MARQUES","PR","11/2025","2104","684","0"
"410460","CAPITÃO LEÔNIDAS MARQUES","PR","04/2025","2379","834","0"
"410460","CAPITÃO LEÔNIDAS MARQUES","PR","10/2025","2146","757","0"
"410460","CAPITÃO LEÔNIDAS MARQUES","PR","03/2025","2374","854","0"
"410460","CAPITÃO LEÔNIDAS MARQUES","PR","02/2026","2319","681","0"
"410460","CAPITÃO LEÔNIDAS MARQUES","PR","03/2026","2340","592","0"
"410460","CAPITÃO LEÔNIDAS MARQUES","PR","04/2026","2567","543","0"
"410460","CAPITÃO LEÔNIDAS MARQUES","PR","05/2026","2576","534","0"
"410460","CAPITÃO LEÔNIDAS MARQUES","PR","06/2026","2622","488","0"
"410460","CAPITÃO LEÔNIDAS MARQUES","PR","08/2026","2724","410","0"
"410465","CARAMBEÍ","PR","03/2023","2974","550","0"
"410465","CARAMBEÍ","PR","11/2023","2450","1116","0"
"410465","CARAMBEÍ","PR","05/2023","2977","605","0"
"410465","CARAMBEÍ","PR","12/2023","2483","1110","0"
"410465","CARAMBEÍ","PR","02/2023","3155","659","0"
"410465","CARAMBEÍ","PR","01/2024","2476","1058","0"
"410465","CARAMBEÍ","PR","06/2023","2900","674","0"
"410465","CARAMBEÍ","PR","07/2023","2537","1085","0"
"410465","CARAMBEÍ","PR","09/2023","2601","1027","0"
"410465","CARAMBEÍ","PR","08/2023","2572","1010","0"
"410465","CARAMBEÍ","PR","04/2023","3027","557","0"
"410465","CARAMBEÍ","PR","10/2023","2641","1028","0"
"410465","CARAMBEÍ","PR","11/2024","2490","984","0"
"410465","CARAMBEÍ","PR","02/2024","2584","1035","0"
"410465","CARAMBEÍ","PR","06/2024","2540","1068","0"
"410465","CARAMBEÍ","PR","12/2024","2499","914","0"
"410465","CARAMBEÍ","PR","03/2024","2453","1118","0"
"410465","CARAMBEÍ","PR","07/2024","2411","1175","0"
"410465","CARAMBEÍ","PR","09/2024","2457","1072","0"
"410465","CARAMBEÍ","PR","04/2024","2485","1094","0"
"410465","CARAMBEÍ","PR","01/2025","2407","981","0"
"410465","CARAMBEÍ","PR","10/2024","2429","1074","0"
"410465","CARAMBEÍ","PR","08/2024","2426","1136","0"
"410465","CARAMBEÍ","PR","05/2024","2511","1085","0"
"410465","CARAMBEÍ","PR","05/2025","2472","872","0"
"410465","CARAMBEÍ","PR","04/2025","2492","939","0"
"410465","CARAMBEÍ","PR","01/2026","2448","643","0"
"410465","CARAMBEÍ","PR","02/2025","2452","946","0"
"410465","CARAMBEÍ","PR","07/2025","2489","782","0"
"410465","CARAMBEÍ","PR","11/2025","2465","686","0"
"410465","CARAMBEÍ","PR","06/2025","2424","811","0"
"410465","CARAMBEÍ","PR","12/2025","2469","657","0"
"410465","CARAMBEÍ","PR","10/2025","2512","737","0"
"410465","CARAMBEÍ","PR","08/2025","2481","787","0"
"410465","CARAMBEÍ","PR","03/2025","2430","965","0"
"410465","CARAMBEÍ","PR","09/2025","2552","750","0"
"410465","CARAMBEÍ","PR","02/2026","2440","667","0"
"410465","CARAMBEÍ","PR","03/2026","2551","645","0"
"410465","CARAMBEÍ","PR","04/2026","2547","656","0"
"410465","CARAMBEÍ","PR","05/2026","2594","655","0"
"410465","CARAMBEÍ","PR","06/2026","2646","603","0"
"410465","CARAMBEÍ","PR","08/2026","2668","575","0"
"410470","CARLÓPOLIS","PR","10/2023","2500","727","0"
"410470","CARLÓPOLIS","PR","02/2023","2297","504","0"
"410470","CARLÓPOLIS","PR","08/2023","2353","751","0"
"410470","CARLÓPOLIS","PR","12/2023","2546","743","0"
"410470","CARLÓPOLIS","PR","04/2023","2369","501","0"
"410470","CARLÓPOLIS","PR","05/2023","2414","540","0"
"410470","CARLÓPOLIS","PR","01/2024","2570","709","0"
"410470","CARLÓPOLIS","PR","06/2023","2411","551","0"
"410470","CARLÓPOLIS","PR","03/2023","2290","496","0"
"410470","CARLÓPOLIS","PR","07/2023","2284","830","0"
"410470","CARLÓPOLIS","PR","09/2023","2454","722","0"
"410470","CARLÓPOLIS","PR","11/2023","2480","775","0"
"410470","CARLÓPOLIS","PR","03/2024","2549","776","0"
"410470","CARLÓPOLIS","PR","04/2024","2578","752","0"
"410470","CARLÓPOLIS","PR","02/2024","2620","686","0"
"410470","CARLÓPOLIS","PR","11/2024","2497","755","0"
"410470","CARLÓPOLIS","PR","07/2024","2447","804","0"
"410470","CARLÓPOLIS","PR","10/2024","2448","762","0"
"410470","CARLÓPOLIS","PR","12/2024","2524","747","0"
"410470","CARLÓPOLIS","PR","06/2024","2609","679","0"
"410470","CARLÓPOLIS","PR","09/2024","2483","708","0"
"410470","CARLÓPOLIS","PR","01/2025","2466","803","0"
"410470","CARLÓPOLIS","PR","05/2024","2574","699","0"
"410470","CARLÓPOLIS","PR","08/2024","2448","762","0"
"410470","CARLÓPOLIS","PR","05/2025","2422","818","0"
"410470","CARLÓPOLIS","PR","02/2025","2491","805","0"
"410470","CARLÓPOLIS","PR","06/2025","2422","803","0"
"410470","CARLÓPOLIS","PR","09/2025","2379","792","0"
"410470","CARLÓPOLIS","PR","01/2026","2403","746","0"
"410470","CARLÓPOLIS","PR","07/2025","2438","752","0"
"410470","CARLÓPOLIS","PR","08/2025","2395","774","0"
"410470","CARLÓPOLIS","PR","11/2025","2280","815","0"
"410470","CARLÓPOLIS","PR","10/2025","2322","814","0"
"410470","CARLÓPOLIS","PR","03/2025","2444","848","0"
"410470","CARLÓPOLIS","PR","12/2025","2399","760","0"
"410470","CARLÓPOLIS","PR","04/2025","2422","826","0"
"410470","CARLÓPOLIS","PR","02/2026","2409","774","0"
"410470","CARLÓPOLIS","PR","03/2026","2441","728","0"
"410470","CARLÓPOLIS","PR","04/2026","2520","679","0"
"410470","CARLÓPOLIS","PR","05/2026","2533","697","0"
"410470","CARLÓPOLIS","PR","06/2026","2565","690","0"
"410470","CARLÓPOLIS","PR","08/2026","2519","665","0"
"410480","CASCAVEL","PR","12/2023","25969","9222","0"
"410480","CASCAVEL","PR","08/2026","23541","8619","0"
"410480","CASCAVEL","PR","06/2026","23486","9079","0"
"410480","CASCAVEL","PR","05/2026","23650","9012","0"
"410480","CASCAVEL","PR","04/2026","23558","9274","0"
"410480","CASCAVEL","PR","03/2026","23623","9244","0"
"410480","CASCAVEL","PR","02/2026","22330","9907","0"
"410480","CASCAVEL","PR","08/2025","22840","10197","0"
"410480","CASCAVEL","PR","07/2025","22646","10231","0"
"410480","CASCAVEL","PR","10/2025","22345","10111","0"
"410480","CASCAVEL","PR","09/2025","22916","10070","0"
"410480","CASCAVEL","PR","06/2025","24047","11095","0"
"410480","CASCAVEL","PR","04/2025","24042","11320","0"
"410480","CASCAVEL","PR","12/2025","22999","9259","0"
"410480","CASCAVEL","PR","11/2025","21872","9600","0"
"410480","CASCAVEL","PR","02/2025","24594","11186","0"
"410480","CASCAVEL","PR","03/2025","24022","11534","0"
"410480","CASCAVEL","PR","01/2026","22636","9510","0"
"410480","CASCAVEL","PR","05/2025","24011","11154","0"
"410480","CASCAVEL","PR","06/2024","26754","9968","0"
"410480","CASCAVEL","PR","05/2024","25908","10060","0"
"410480","CASCAVEL","PR","10/2024","24343","11345","0"
"410480","CASCAVEL","PR","09/2024","24459","10766","0"
"410480","CASCAVEL","PR","08/2024","24764","11036","0"
"410480","CASCAVEL","PR","07/2024","24907","11132","0"
"410480","CASCAVEL","PR","02/2024","27282","8881","0"
"410480","CASCAVEL","PR","04/2024","24942","10213","0"
"410480","CASCAVEL","PR","12/2024","25276","10662","0"
"410480","CASCAVEL","PR","03/2024","25065","10277","0"
"410480","CASCAVEL","PR","11/2024","24263","11057","0"
"410480","CASCAVEL","PR","01/2025","24344","11382","0"
"410480","CASCAVEL","PR","04/2023","27212","4196","0"
"410480","CASCAVEL","PR","11/2023","25464","9330","0"
"410480","CASCAVEL","PR","02/2023","26736","4774","0"
"410480","CASCAVEL","PR","08/2023","25728","7818","0"
"410480","CASCAVEL","PR","07/2023","24575","8436","0"
"410480","CASCAVEL","PR","03/2023","26399","4171","0"
"410480","CASCAVEL","PR","09/2023","26745","7626","0"
"410480","CASCAVEL","PR","10/2023","27318","7674","0"
"410480","CASCAVEL","PR","06/2023","27509","4533","0"
"410480","CASCAVEL","PR","05/2023","27764","4346","0"
"410480","CASCAVEL","PR","01/2024","25825","9147","0"
"410490","CASTRO","PR","08/2026","11528","2894","0"
"410490","CASTRO","PR","06/2026","11309","3093","0"
"410490","CASTRO","PR","05/2026","11290","3060","0"
"410490","CASTRO","PR","04/2026","11246","3127","0"
"410490","CASTRO","PR","03/2026","11253","3098","0"
"410490","CASTRO","PR","02/2026","10909","3255","0"
"410490","CASTRO","PR","06/2025","12851","3559","0"
"410490","CASTRO","PR","04/2025","12747","3594","0"
"410490","CASTRO","PR","11/2025","11084","2980","0"
"410490","CASTRO","PR","12/2025","11321","3089","0"
"410490","CASTRO","PR","02/2025","13145","3390","0"
"410490","CASTRO","PR","09/2025","11296","3023","0"
"410490","CASTRO","PR","08/2025","11203","3038","0"
"410490","CASTRO","PR","07/2025","12115","3201","0"
"410490","CASTRO","PR","01/2026","11220","3332","0"
"410490","CASTRO","PR","10/2025","11059","3070","0"
"410490","CASTRO","PR","03/2025","12761","3627","0"
"410490","CASTRO","PR","05/2025","12742","3551","0"
"410490","CASTRO","PR","08/2024","13833","3263","0"
"410490","CASTRO","PR","10/2024","13491","3418","0"
"410490","CASTRO","PR","11/2024","13517","3299","0"
"410490","CASTRO","PR","01/2025","13245","3450","0"
"410490","CASTRO","PR","05/2024","14385","3207","0"
"410490","CASTRO","PR","02/2024","14138","2919","0"
"410490","CASTRO","PR","12/2024","13710","3158","0"
"410490","CASTRO","PR","03/2024","13569","3450","0"
"410490","CASTRO","PR","06/2024","14598","3083","0"
"410490","CASTRO","PR","09/2024","13750","3143","0"
"410490","CASTRO","PR","07/2024","13857","3444","0"
"410490","CASTRO","PR","04/2024","13737","3319","0"
"410490","CASTRO","PR","12/2023","13865","3219","0"
"410490","CASTRO","PR","10/2023","14373","2689","0"
"410490","CASTRO","PR","05/2023","14883","1313","0"
"410490","CASTRO","PR","03/2023","14438","1325","0"
"410490","CASTRO","PR","08/2023","13806","2886","0"
"410490","CASTRO","PR","07/2023","13510","3100","0"
"410490","CASTRO","PR","06/2023","14745","1406","0"
"410490","CASTRO","PR","11/2023","13580","3323","0"
"410490","CASTRO","PR","04/2023","14625","1289","0"
"410490","CASTRO","PR","09/2023","14119","2790","0"
"410490","CASTRO","PR","01/2024","14006","3055","0"
"410490","CASTRO","PR","02/2023","15091","1454","0"
"410500","CATANDUVAS","PR","05/2023","1042","505","0"
"410500","CATANDUVAS","PR","08/2026","714","340","0"
"410500","CATANDUVAS","PR","06/2026","767","344","0"
"410500","CATANDUVAS","PR","05/2026","770","326","0"
"410500","CATANDUVAS","PR","04/2026","761","329","0"
"410500","CATANDUVAS","PR","03/2026","763","328","0"
"410500","CATANDUVAS","PR","02/2026","744","380","0"
"410500","CATANDUVAS","PR","04/2025","803","476","0"
"410500","CATANDUVAS","PR","02/2025","822","512","0"
"410500","CATANDUVAS","PR","08/2025","764","441","0"
"410500","CATANDUVAS","PR","03/2025","809","504","0"
"410500","CATANDUVAS","PR","12/2025","760","380","0"
"410500","CATANDUVAS","PR","06/2025","800","446","0"
"410500","CATANDUVAS","PR","11/2025","724","394","0"
"410500","CATANDUVAS","PR","07/2025","766","437","0"
"410500","CATANDUVAS","PR","10/2025","736","443","0"
"410500","CATANDUVAS","PR","09/2025","754","446","0"
"410500","CATANDUVAS","PR","01/2026","733","387","0"
"410500","CATANDUVAS","PR","05/2025","800","448","0"
"410500","CATANDUVAS","PR","08/2024","831","582","0"
"410500","CATANDUVAS","PR","01/2025","815","520","0"
"410500","CATANDUVAS","PR","09/2024","826","567","0"
"410500","CATANDUVAS","PR","06/2024","920","578","0"
"410500","CATANDUVAS","PR","12/2024","829","556","0"
"410500","CATANDUVAS","PR","03/2024","934","595","0"
"410500","CATANDUVAS","PR","10/2024","797","593","0"
"410500","CATANDUVAS","PR","05/2024","927","602","0"
"410500","CATANDUVAS","PR","07/2024","837","600","0"
"410500","CATANDUVAS","PR","02/2024","964","589","0"
"410500","CATANDUVAS","PR","04/2024","908","622","0"
"410500","CATANDUVAS","PR","11/2024","808","581","0"
"410500","CATANDUVAS","PR","08/2023","961","607","0"
"410500","CATANDUVAS","PR","02/2023","1148","498","0"
"410500","CATANDUVAS","PR","01/2024","950","628","0"
"410500","CATANDUVAS","PR","03/2023","1081","489","0"
"410500","CATANDUVAS","PR","07/2023","962","654","0"
"410500","CATANDUVAS","PR","11/2023","888","664","0"
"410500","CATANDUVAS","PR","04/2023","1105","479","0"
"410500","CATANDUVAS","PR","09/2023","971","601","0"
"410500","CATANDUVAS","PR","10/2023","970","613","0"
"410500","CATANDUVAS","PR","12/2023","904","648","0"
"410500","CATANDUVAS","PR","06/2023","1017","536","0"
"410510","CENTENÁRIO DO SUL","PR","08/2026","1333","369","0"
"410510","CENTENÁRIO DO SUL","PR","06/2026","1363","373","0"
"410510","CENTENÁRIO DO SUL","PR","05/2026","1332","363","0"
"410510","CENTENÁRIO DO SUL","PR","04/2026","1233","354","0"
"410510","CENTENÁRIO DO SUL","PR","03/2026","1224","375","0"
"410510","CENTENÁRIO DO SUL","PR","02/2026","1251","424","0"
"410510","CENTENÁRIO DO SUL","PR","07/2025","1258","414","0"
"410510","CENTENÁRIO DO SUL","PR","03/2025","1404","465","0"
"410510","CENTENÁRIO DO SUL","PR","11/2025","1191","395","0"
"410510","CENTENÁRIO DO SUL","PR","01/2026","1249","412","0"
"410510","CENTENÁRIO DO SUL","PR","12/2025","1264","393","0"
"410510","CENTENÁRIO DO SUL","PR","06/2025","1390","458","0"
"410510","CENTENÁRIO DO SUL","PR","04/2025","1389","465","0"
"410510","CENTENÁRIO DO SUL","PR","10/2025","1191","421","0"
"410510","CENTENÁRIO DO SUL","PR","09/2025","1232","409","0"
"410510","CENTENÁRIO DO SUL","PR","08/2025","1238","404","0"
"410510","CENTENÁRIO DO SUL","PR","02/2025","1373","446","0"
"410510","CENTENÁRIO DO SUL","PR","05/2025","1382","452","0"
"410510","CENTENÁRIO DO SUL","PR","10/2024","1444","474","0"
"410510","CENTENÁRIO DO SUL","PR","01/2025","1379","454","0"
"410510","CENTENÁRIO DO SUL","PR","09/2024","1513","463","0"
"410510","CENTENÁRIO DO SUL","PR","04/2024","1526","454","0"
"410510","CENTENÁRIO DO SUL","PR","03/2024","1511","441","0"
"410510","CENTENÁRIO DO SUL","PR","07/2024","1493","478","0"
"410510","CENTENÁRIO DO SUL","PR","06/2024","1577","434","0"
"410510","CENTENÁRIO DO SUL","PR","02/2024","1586","395","0"
"410510","CENTENÁRIO DO SUL","PR","05/2024","1587","439","0"
"410510","CENTENÁRIO DO SUL","PR","12/2024","1434","442","0"
"410510","CENTENÁRIO DO SUL","PR","11/2024","1459","467","0"
"410510","CENTENÁRIO DO SUL","PR","08/2024","1481","492","0"
"410510","CENTENÁRIO DO SUL","PR","09/2023","1530","353","0"
"410510","CENTENÁRIO DO SUL","PR","10/2023","1572","347","0"
"410510","CENTENÁRIO DO SUL","PR","12/2023","1513","413","0"
"410510","CENTENÁRIO DO SUL","PR","05/2023","1655","203","0"
"410510","CENTENÁRIO DO SUL","PR","04/2023","1637","193","0"
"410510","CENTENÁRIO DO SUL","PR","03/2023","1616","177","0"
"410510","CENTENÁRIO DO SUL","PR","11/2023","1494","417","0"
"410510","CENTENÁRIO DO SUL","PR","08/2023","1491","388","0"
"410510","CENTENÁRIO DO SUL","PR","01/2024","1528","405","0"
"410510","CENTENÁRIO DO SUL","PR","06/2023","1650","208","0"
"410510","CENTENÁRIO DO SUL","PR","07/2023","1485","436","0"
"410510","CENTENÁRIO DO SUL","PR","02/2023","1684","208","0"
"410520","CERRO AZUL","PR","05/2023","6210","515","0"
"410520","CERRO AZUL","PR","02/2023","6011","568","0"
"410520","CERRO AZUL","PR","11/2023","5747","1185","0"
"410520","CERRO AZUL","PR","12/2023","5756","1139","0"
"410520","CERRO AZUL","PR","07/2023","5882","1076","0"
"410520","CERRO AZUL","PR","10/2023","6087","948","0"
"410520","CERRO AZUL","PR","03/2023","6057","551","0"
"410520","CERRO AZUL","PR","09/2023","6036","937","0"
"410520","CERRO AZUL","PR","01/2024","5792","1108","0"
"410520","CERRO AZUL","PR","06/2023","6182","521","0"
"410520","CERRO AZUL","PR","09/2024","5612","1206","0"
"410520","CERRO AZUL","PR","04/2024","5737","1243","0"
"410520","CERRO AZUL","PR","05/2024","5795","1197","0"
"410520","CERRO AZUL","PR","03/2024","5653","1234","0"
"410520","CERRO AZUL","PR","02/2024","5817","1061","0"
"410520","CERRO AZUL","PR","11/2024","5610","1221","0"
"410520","CERRO AZUL","PR","10/2024","5584","1259","0"
"410520","CERRO AZUL","PR","07/2024","5670","1262","0"
"410520","CERRO AZUL","PR","12/2024","5560","1197","0"
"410520","CERRO AZUL","PR","06/2024","5870","1181","0"
"410520","CERRO AZUL","PR","01/2025","5375","1289","0"
"410520","CERRO AZUL","PR","08/2024","5650","1229","0"
"410520","CERRO AZUL","PR","05/2025","5399","1297","0"
"410520","CERRO AZUL","PR","07/2025","5207","1263","0"
"410520","CERRO AZUL","PR","01/2026","5200","950","0"
"410520","CERRO AZUL","PR","10/2025","4914","1217","0"
"410520","CERRO AZUL","PR","04/2025","5401","1302","0"
"410520","CERRO AZUL","PR","06/2025","5435","1298","0"
"410520","CERRO AZUL","PR","03/2025","5415","1308","0"
"410520","CERRO AZUL","PR","09/2025","5012","1209","0"
"410520","CERRO AZUL","PR","11/2025","4960","1041","0"
"410520","CERRO AZUL","PR","12/2025","5148","959","0"
"410520","CERRO AZUL","PR","02/2025","5390","1275","0"
"410520","CERRO AZUL","PR","08/2025","5061","1244","0"
"410520","CERRO AZUL","PR","02/2026","5189","972","0"
"410520","CERRO AZUL","PR","03/2026","5194","884","0"
"410520","CERRO AZUL","PR","04/2026","5145","899","0"
"410520","CERRO AZUL","PR","05/2026","5289","887","0"
"410520","CERRO AZUL","PR","06/2026","5478","912","0"
"410520","CERRO AZUL","PR","08/2026","5393","827","0"
"410520","CERRO AZUL","PR","08/2023","5972","949","0"
"410520","CERRO AZUL","PR","04/2023","6102","521","0"
"410530","CÉU AZUL","PR","10/2023","570","175","0"
"410530","CÉU AZUL","PR","08/2023","568","164","0"
"410530","CÉU AZUL","PR","11/2023","493","228","0"
"410530","CÉU AZUL","PR","06/2023","602","107","0"
"410530","CÉU AZUL","PR","01/2024","495","210","0"
"410530","CÉU AZUL","PR","07/2023","546","197","0"
"410530","CÉU AZUL","PR","03/2023","582","95","0"
"410530","CÉU AZUL","PR","04/2023","606","93","0"
"410530","CÉU AZUL","PR","09/2023","576","174","0"
"410530","CÉU AZUL","PR","05/2023","611","88","0"
"410530","CÉU AZUL","PR","02/2023","632","108","0"
"410530","CÉU AZUL","PR","12/2023","477","221","0"
"410530","CÉU AZUL","PR","02/2024","466","206","0"
"410530","CÉU AZUL","PR","03/2024","455","205","0"
"410530","CÉU AZUL","PR","04/2024","457","214","0"
"410530","CÉU AZUL","PR","05/2024","429","198","0"
"410530","CÉU AZUL","PR","10/2024","338","231","0"
"410530","CÉU AZUL","PR","07/2024","342","218","0"
"410530","CÉU AZUL","PR","12/2024","365","212","0"
"410530","CÉU AZUL","PR","06/2024","413","193","0"
"410530","CÉU AZUL","PR","09/2024","341","214","0"
"410530","CÉU AZUL","PR","01/2025","362","204","0"
"410530","CÉU AZUL","PR","11/2024","359","227","0"
"410530","CÉU AZUL","PR","08/2024","347","215","0"
"410530","CÉU AZUL","PR","05/2025","339","193","0"
"410530","CÉU AZUL","PR","02/2025","373","190","0"
"410530","CÉU AZUL","PR","03/2025","346","206","0"
"410530","CÉU AZUL","PR","12/2025","330","181","0"
"410530","CÉU AZUL","PR","09/2025","314","198","0"
"410530","CÉU AZUL","PR","01/2026","330","181","0"
"410530","CÉU AZUL","PR","07/2025","330","191","0"
"410530","CÉU AZUL","PR","10/2025","306","183","0"
"410530","CÉU AZUL","PR","11/2025","296","181","0"
"410530","CÉU AZUL","PR","08/2025","314","200","0"
"410530","CÉU AZUL","PR","04/2025","341","193","0"
"410530","CÉU AZUL","PR","06/2025","339","193","0"
"410530","CÉU AZUL","PR","02/2026","353","177","0"
"410530","CÉU AZUL","PR","03/2026","341","154","0"
"410530","CÉU AZUL","PR","04/2026","333","155","0"
"410530","CÉU AZUL","PR","05/2026","332","153","0"
"410530","CÉU AZUL","PR","06/2026","328","162","0"
"410530","CÉU AZUL","PR","08/2026","311","146","0"
"410540","CHOPINZINHO","PR","03/2023","3164","357","0"
"410540","CHOPINZINHO","PR","12/2023","2901","734","0"
"410540","CHOPINZINHO","PR","06/2023","3201","373","0"
"410540","CHOPINZINHO","PR","02/2023","3292","441","0"
"410540","CHOPINZINHO","PR","05/2023","3230","361","0"
"410540","CHOPINZINHO","PR","11/2023","2885","756","0"
"410540","CHOPINZINHO","PR","04/2023","3171","364","0"
"410540","CHOPINZINHO","PR","08/2023","2867","801","0"
"410540","CHOPINZINHO","PR","07/2023","2814","859","0"
"410540","CHOPINZINHO","PR","09/2023","3023","721","0"
"410540","CHOPINZINHO","PR","01/2024","2945","665","0"
"410540","CHOPINZINHO","PR","10/2023","3078","673","0"
"410540","CHOPINZINHO","PR","03/2024","2840","774","0"
"410540","CHOPINZINHO","PR","11/2024","2675","742","0"
"410540","CHOPINZINHO","PR","05/2024","2873","674","0"
"410540","CHOPINZINHO","PR","10/2024","2665","756","0"
"410540","CHOPINZINHO","PR","06/2024","2896","648","0"
"410540","CHOPINZINHO","PR","07/2024","2773","692","0"
"410540","CHOPINZINHO","PR","12/2024","2683","707","0"
"410540","CHOPINZINHO","PR","09/2024","2760","622","0"
"410540","CHOPINZINHO","PR","01/2025","2564","748","0"
"410540","CHOPINZINHO","PR","04/2024","2917","723","0"
"410540","CHOPINZINHO","PR","02/2024","3018","629","0"
"410540","CHOPINZINHO","PR","08/2024","2756","645","0"
"410540","CHOPINZINHO","PR","05/2025","2478","795","0"
"410540","CHOPINZINHO","PR","08/2025","2286","677","0"
"410540","CHOPINZINHO","PR","04/2025","2488","801","0"
"410540","CHOPINZINHO","PR","12/2025","2537","535","0"
"410540","CHOPINZINHO","PR","03/2025","2480","829","0"
"410540","CHOPINZINHO","PR","09/2025","2283","634","0"
"410540","CHOPINZINHO","PR","07/2025","2400","706","0"
"410540","CHOPINZINHO","PR","01/2026","2523","602","0"
"410540","CHOPINZINHO","PR","11/2025","2317","580","0"
"410540","CHOPINZINHO","PR","06/2025","2498","809","0"
"410540","CHOPINZINHO","PR","02/2025","2586","759","0"
"410540","CHOPINZINHO","PR","10/2025","2277","624","0"
"410540","CHOPINZINHO","PR","02/2026","2518","611","0"
"410540","CHOPINZINHO","PR","03/2026","2490","611","0"
"410540","CHOPINZINHO","PR","04/2026","2604","628","0"
"410540","CHOPINZINHO","PR","05/2026","2621","628","0"
"410540","CHOPINZINHO","PR","06/2026","2646","598","0"
"410540","CHOPINZINHO","PR","08/2026","2690","572","0"
"410550","CIANORTE","PR","02/2023","6094","1152","0"
"410550","CIANORTE","PR","03/2023","5926","1058","0"
"410550","CIANORTE","PR","12/2023","5352","1988","0"
"410550","CIANORTE","PR","09/2023","5623","1710","0"
"410550","CIANORTE","PR","06/2023","5784","1101","0"
"410550","CIANORTE","PR","04/2023","5877","1062","0"
"410550","CIANORTE","PR","07/2023","4845","1893","0"
"410550","CIANORTE","PR","01/2024","5351","2002","0"
"410550","CIANORTE","PR","05/2023","5818","1092","0"
"410550","CIANORTE","PR","10/2023","5681","1683","0"
"410550","CIANORTE","PR","08/2023","4826","1725","0"
"410550","CIANORTE","PR","11/2023","5260","2007","0"
"410550","CIANORTE","PR","11/2024","4968","2370","0"
"410550","CIANORTE","PR","02/2024","5270","1914","0"
"410550","CIANORTE","PR","12/2024","5146","2351","0"
"410550","CIANORTE","PR","05/2024","4905","2078","0"
"410550","CIANORTE","PR","09/2024","5088","2144","0"
"410550","CIANORTE","PR","07/2024","5173","2144","0"
"410550","CIANORTE","PR","10/2024","5056","2314","0"
"410550","CIANORTE","PR","04/2024","4914","2107","0"
"410550","CIANORTE","PR","06/2024","4915","2073","0"
"410550","CIANORTE","PR","03/2024","4927","2122","0"
"410550","CIANORTE","PR","01/2025","4801","2513","0"
"410550","CIANORTE","PR","08/2024","5087","2148","0"
"410550","CIANORTE","PR","05/2025","4795","2460","0"
"410550","CIANORTE","PR","12/2025","4519","2136","0"
"410550","CIANORTE","PR","01/2026","4486","2139","0"
"410550","CIANORTE","PR","07/2025","4601","2312","0"
"410550","CIANORTE","PR","08/2025","4379","2308","0"
"410550","CIANORTE","PR","02/2025","4823","2517","0"
"410550","CIANORTE","PR","10/2025","4168","2288","0"
"410550","CIANORTE","PR","11/2025","4113","2149","0"
"410550","CIANORTE","PR","09/2025","4244","2301","0"
"410550","CIANORTE","PR","06/2025","4790","2436","0"
"410550","CIANORTE","PR","03/2025","4812","2553","0"
"410550","CIANORTE","PR","04/2025","4811","2503","0"
"410550","CIANORTE","PR","02/2026","4389","2220","0"
"410550","CIANORTE","PR","03/2026","4294","2119","0"
"410550","CIANORTE","PR","04/2026","4545","2105","0"
"410550","CIANORTE","PR","05/2026","4531","2089","0"
"410550","CIANORTE","PR","06/2026","4487","2073","0"
"410550","CIANORTE","PR","08/2026","4345","2019","0"
"410560","CIDADE GAÚCHA","PR","08/2023","1057","474","0"
"410560","CIDADE GAÚCHA","PR","05/2023","1206","281","0"
"410560","CIDADE GAÚCHA","PR","10/2023","1082","469","0"
"410560","CIDADE GAÚCHA","PR","03/2023","1251","270","0"
"410560","CIDADE GAÚCHA","PR","01/2024","993","493","0"
"410560","CIDADE GAÚCHA","PR","06/2023","1189","297","0"
"410560","CIDADE GAÚCHA","PR","12/2023","984","506","0"
"410560","CIDADE GAÚCHA","PR","07/2023","950","514","0"
"410560","CIDADE GAÚCHA","PR","09/2023","1075","461","0"
"410560","CIDADE GAÚCHA","PR","04/2023","1237","264","0"
"410560","CIDADE GAÚCHA","PR","02/2023","1346","296","0"
"410560","CIDADE GAÚCHA","PR","11/2023","993","538","0"
"410560","CIDADE GAÚCHA","PR","03/2024","888","531","0"
"410560","CIDADE GAÚCHA","PR","12/2024","728","571","0"
"410560","CIDADE GAÚCHA","PR","02/2024","1004","483","0"
"410560","CIDADE GAÚCHA","PR","05/2024","916","517","0"
"410560","CIDADE GAÚCHA","PR","08/2024","749","582","0"
"410560","CIDADE GAÚCHA","PR","09/2024","719","596","0"
"410560","CIDADE GAÚCHA","PR","10/2024","685","617","0"
"410560","CIDADE GAÚCHA","PR","01/2025","681","563","0"
"410560","CIDADE GAÚCHA","PR","11/2024","700","581","0"
"410560","CIDADE GAÚCHA","PR","04/2024","872","518","0"
"410560","CIDADE GAÚCHA","PR","06/2024","919","509","0"
"410560","CIDADE GAÚCHA","PR","07/2024","759","614","0"
"410560","CIDADE GAÚCHA","PR","05/2025","674","537","0"
"410560","CIDADE GAÚCHA","PR","01/2026","627","392","0"
"410560","CIDADE GAÚCHA","PR","02/2025","691","555","0"
"410560","CIDADE GAÚCHA","PR","08/2025","617","411","0"
"410560","CIDADE GAÚCHA","PR","12/2025","637","373","0"
"410560","CIDADE GAÚCHA","PR","06/2025","673","528","0"
"410560","CIDADE GAÚCHA","PR","07/2025","678","415","0"
"410560","CIDADE GAÚCHA","PR","10/2025","612","422","0"
"410560","CIDADE GAÚCHA","PR","11/2025","619","404","0"
"410560","CIDADE GAÚCHA","PR","03/2025","669","560","0"
"410560","CIDADE GAÚCHA","PR","04/2025","674","544","0"
"410560","CIDADE GAÚCHA","PR","09/2025","624","421","0"
"410560","CIDADE GAÚCHA","PR","02/2026","617","407","0"
"410560","CIDADE GAÚCHA","PR","03/2026","663","357","7"
"410560","CIDADE GAÚCHA","PR","04/2026","656","351","7"
"410560","CIDADE GAÚCHA","PR","05/2026","667","356","7"
"410560","CIDADE GAÚCHA","PR","06/2026","657","361","7"
"410560","CIDADE GAÚCHA","PR","08/2026","664","311","0"
"410570","CLEVELÂNDIA","PR","11/2023","2465","859","0"
"410570","CLEVELÂNDIA","PR","05/2023","2780","323","0"
"410570","CLEVELÂNDIA","PR","04/2023","2798","313","0"
"410570","CLEVELÂNDIA","PR","06/2023","2749","350","0"
"410570","CLEVELÂNDIA","PR","08/2023","2626","648","0"
"410570","CLEVELÂNDIA","PR","12/2023","2488","865","0"
"410570","CLEVELÂNDIA","PR","09/2023","2627","655","0"
"410570","CLEVELÂNDIA","PR","03/2023","2705","335","0"
"410570","CLEVELÂNDIA","PR","07/2023","2556","700","0"
"410570","CLEVELÂNDIA","PR","01/2024","2432","872","0"
"410570","CLEVELÂNDIA","PR","02/2023","2796","389","0"
"410570","CLEVELÂNDIA","PR","10/2023","2626","684","0"
"410570","CLEVELÂNDIA","PR","11/2024","2082","1066","0"
"410570","CLEVELÂNDIA","PR","12/2024","2152","1041","0"
"410570","CLEVELÂNDIA","PR","05/2024","2414","897","0"
"410570","CLEVELÂNDIA","PR","09/2024","2152","1082","0"
"410570","CLEVELÂNDIA","PR","03/2024","2318","962","0"
"410570","CLEVELÂNDIA","PR","07/2024","2192","1056","0"
"410570","CLEVELÂNDIA","PR","04/2024","2349","916","0"
"410570","CLEVELÂNDIA","PR","10/2024","2081","1124","0"
"410570","CLEVELÂNDIA","PR","02/2024","2482","857","0"
"410570","CLEVELÂNDIA","PR","06/2024","2375","934","0"
"410570","CLEVELÂNDIA","PR","01/2025","2039","1135","0"
"410570","CLEVELÂNDIA","PR","08/2024","2169","1079","0"
"410570","CLEVELÂNDIA","PR","05/2025","1950","1141","0"
"410570","CLEVELÂNDIA","PR","12/2025","1396","1051","0"
"410570","CLEVELÂNDIA","PR","08/2025","1682","1054","0"
"410570","CLEVELÂNDIA","PR","01/2026","1420","1034","0"
"410570","CLEVELÂNDIA","PR","07/2025","1747","1040","0"
"410570","CLEVELÂNDIA","PR","10/2025","1453","1163","0"
"410570","CLEVELÂNDIA","PR","11/2025","1410","1107","0"
"410570","CLEVELÂNDIA","PR","09/2025","1575","1130","0"
"410570","CLEVELÂNDIA","PR","03/2025","1951","1163","0"
"410570","CLEVELÂNDIA","PR","04/2025","1953","1150","0"
"410570","CLEVELÂNDIA","PR","02/2025","2025","1120","0"
"410570","CLEVELÂNDIA","PR","06/2025","1946","1129","0"
"410570","CLEVELÂNDIA","PR","02/2026","1415","1058","0"
"410570","CLEVELÂNDIA","PR","03/2026","1419","1010","0"
"410570","CLEVELÂNDIA","PR","04/2026","1423","975","0"
"410570","CLEVELÂNDIA","PR","05/2026","1437","928","0"
"410570","CLEVELÂNDIA","PR","06/2026","1391","890","0"
"410570","CLEVELÂNDIA","PR","08/2026","1414","787","0"
"410580","COLOMBO","PR","01/2025","28251","9826","0"
"410580","COLOMBO","PR","08/2026","27825","6540","0"
"410580","COLOMBO","PR","06/2026","27892","6608","0"
"410580","COLOMBO","PR","05/2026","27720","6756","0"
"410580","COLOMBO","PR","04/2026","27564","6819","0"
"410580","COLOMBO","PR","03/2026","25948","6957","0"
"410580","COLOMBO","PR","02/2026","26357","7333","0"
"410580","COLOMBO","PR","01/2026","26627","7179","0"
"410580","COLOMBO","PR","06/2025","28427","9217","0"
"410580","COLOMBO","PR","08/2025","25849","8394","0"
"410580","COLOMBO","PR","07/2025","26639","8499","0"
"410580","COLOMBO","PR","05/2025","28380","9321","0"
"410580","COLOMBO","PR","10/2025","25129","8234","0"
"410580","COLOMBO","PR","09/2025","25343","8194","0"
"410580","COLOMBO","PR","03/2025","28576","9691","0"
"410580","COLOMBO","PR","02/2025","28183","9544","0"
"410580","COLOMBO","PR","11/2025","24633","7411","0"
"410580","COLOMBO","PR","04/2025","28444","9494","0"
"410580","COLOMBO","PR","12/2025","27075","7089","0"
"410580","COLOMBO","PR","11/2024","30036","9785","0"
"410580","COLOMBO","PR","02/2023","38223","2881","0"
"410580","COLOMBO","PR","06/2024","28738","9273","0"
"410580","COLOMBO","PR","10/2024","30047","10113","0"
"410580","COLOMBO","PR","08/2024","29992","9794","0"
"410580","COLOMBO","PR","07/2024","30098","10033","0"
"410580","COLOMBO","PR","09/2024","29923","9525","0"
"410580","COLOMBO","PR","05/2024","28900","9371","0"
"410580","COLOMBO","PR","04/2024","28880","9768","0"
"410580","COLOMBO","PR","12/2024","29849","9265","0"
"410580","COLOMBO","PR","03/2024","28799","9911","0"
"410580","COLOMBO","PR","02/2024","31044","8538","0"
"410580","COLOMBO","PR","01/2024","31450","8963","0"
"410580","COLOMBO","PR","04/2023","36532","2552","0"
"410580","COLOMBO","PR","06/2023","35874","2852","0"
"410580","COLOMBO","PR","10/2023","35023","7611","0"
"410580","COLOMBO","PR","03/2023","36676","2580","0"
"410580","COLOMBO","PR","07/2023","30017","8013","0"
"410580","COLOMBO","PR","05/2023","36056","2662","0"
"410580","COLOMBO","PR","12/2023","31942","9616","0"
"410580","COLOMBO","PR","09/2023","32278","7678","0"
"410580","COLOMBO","PR","11/2023","32089","9687","0"
"410580","COLOMBO","PR","08/2023","30053","7687","0"
"410590","COLORADO","PR","03/2023","1252","373","0"
"410590","COLORADO","PR","08/2026","651","445","0"
"410590","COLORADO","PR","06/2026","682","462","0"
"410590","COLORADO","PR","05/2026","700","450","0"
"410590","COLORADO","PR","04/2026","733","445","0"
"410590","COLORADO","PR","03/2026","753","460","0"
"410590","COLORADO","PR","02/2026","748","496","0"
"410590","COLORADO","PR","04/2025","961","548","0"
"410590","COLORADO","PR","09/2025","779","554","0"
"410590","COLORADO","PR","03/2025","968","559","0"
"410590","COLORADO","PR","08/2025","805","557","0"
"410590","COLORADO","PR","02/2025","1002","527","0"
"410590","COLORADO","PR","01/2026","771","493","0"
"410590","COLORADO","PR","11/2025","726","506","0"
"410590","COLORADO","PR","10/2025","756","530","0"
"410590","COLORADO","PR","12/2025","794","495","0"
"410590","COLORADO","PR","07/2025","828","549","0"
"410590","COLORADO","PR","05/2025","957","536","0"
"410590","COLORADO","PR","06/2025","962","521","0"
"410590","COLORADO","PR","05/2024","1110","541","0"
"410590","COLORADO","PR","10/2023","1223","534","0"
"410590","COLORADO","PR","08/2024","1079","521","0"
"410590","COLORADO","PR","10/2024","1027","539","0"
"410590","COLORADO","PR","01/2025","995","525","0"
"410590","COLORADO","PR","09/2024","1064","507","0"
"410590","COLORADO","PR","07/2024","1081","537","0"
"410590","COLORADO","PR","11/2024","1024","507","0"
"410590","COLORADO","PR","06/2024","1113","506","0"
"410590","COLORADO","PR","03/2024","1131","580","0"
"410590","COLORADO","PR","12/2024","1047","505","0"
"410590","COLORADO","PR","04/2024","1129","560","0"
"410590","COLORADO","PR","02/2024","1205","537","0"
"410590","COLORADO","PR","05/2023","1236","445","0"
"410590","COLORADO","PR","04/2023","1227","423","0"
"410590","COLORADO","PR","09/2023","1182","541","0"
"410590","COLORADO","PR","07/2023","1183","546","0"
"410590","COLORADO","PR","01/2024","1186","539","0"
"410590","COLORADO","PR","02/2023","1327","367","0"
"410590","COLORADO","PR","08/2023","1158","539","0"
"410590","COLORADO","PR","06/2023","1223","462","0"
"410590","COLORADO","PR","11/2023","1162","558","0"
"410590","COLORADO","PR","12/2023","1185","549","0"
"410600","CONGONHINHAS","PR","04/2023","2170","235","0"
"410600","CONGONHINHAS","PR","02/2023","2124","263","0"
"410600","CONGONHINHAS","PR","11/2023","2221","430","0"
"410600","CONGONHINHAS","PR","12/2023","2249","400","0"
"410600","CONGONHINHAS","PR","05/2023","2213","231","0"
"410600","CONGONHINHAS","PR","08/2023","2204","354","0"
"410600","CONGONHINHAS","PR","01/2024","2291","384","0"
"410600","CONGONHINHAS","PR","06/2023","2221","233","0"
"410600","CONGONHINHAS","PR","07/2023","2180","386","0"
"410600","CONGONHINHAS","PR","09/2023","2274","333","0"
"410600","CONGONHINHAS","PR","03/2023","2141","236","0"
"410600","CONGONHINHAS","PR","10/2023","2320","333","0"
"410600","CONGONHINHAS","PR","03/2024","2303","400","0"
"410600","CONGONHINHAS","PR","09/2024","2365","385","0"
"410600","CONGONHINHAS","PR","02/2024","2313","364","0"
"410600","CONGONHINHAS","PR","10/2024","2335","427","0"
"410600","CONGONHINHAS","PR","07/2024","2351","424","0"
"410600","CONGONHINHAS","PR","12/2024","2386","367","0"
"410600","CONGONHINHAS","PR","04/2024","2329","399","0"
"410600","CONGONHINHAS","PR","05/2024","2446","366","0"
"410600","CONGONHINHAS","PR","01/2025","2307","421","0"
"410600","CONGONHINHAS","PR","11/2024","2347","395","0"
"410600","CONGONHINHAS","PR","08/2024","2349","419","0"
"410600","CONGONHINHAS","PR","06/2024","2461","352","0"
"410600","CONGONHINHAS","PR","08/2025","2112","425","0"
"410600","CONGONHINHAS","PR","02/2025","2343","412","0"
"410600","CONGONHINHAS","PR","03/2025","2303","413","0"
"410600","CONGONHINHAS","PR","01/2026","2178","325","0"
"410600","CONGONHINHAS","PR","06/2025","2326","409","0"
"410600","CONGONHINHAS","PR","07/2025","2198","419","0"
"410600","CONGONHINHAS","PR","05/2025","2323","409","0"
"410600","CONGONHINHAS","PR","09/2025","2085","408","0"
"410600","CONGONHINHAS","PR","10/2025","2057","407","0"
"410600","CONGONHINHAS","PR","11/2025","2037","363","0"
"410600","CONGONHINHAS","PR","12/2025","2183","336","0"
"410600","CONGONHINHAS","PR","04/2025","2326","409","0"
"410600","CONGONHINHAS","PR","02/2026","2173","318","0"
"410600","CONGONHINHAS","PR","03/2026","2159","276","0"
"410600","CONGONHINHAS","PR","04/2026","2229","280","0"
"410600","CONGONHINHAS","PR","05/2026","2207","308","0"
"410600","CONGONHINHAS","PR","06/2026","2194","302","0"
"410600","CONGONHINHAS","PR","08/2026","2020","389","0"
"410610","CONSELHEIRO MAIRINCK","PR","03/2024","614","193","0"
"410610","CONSELHEIRO MAIRINCK","PR","05/2023","770","74","0"
"410610","CONSELHEIRO MAIRINCK","PR","09/2023","673","174","0"
"410610","CONSELHEIRO MAIRINCK","PR","11/2023","635","158","0"
"410610","CONSELHEIRO MAIRINCK","PR","07/2023","662","176","0"
"410610","CONSELHEIRO MAIRINCK","PR","02/2023","761","83","0"
"410610","CONSELHEIRO MAIRINCK","PR","01/2024","627","159","0"
"410610","CONSELHEIRO MAIRINCK","PR","10/2023","666","168","0"
"410610","CONSELHEIRO MAIRINCK","PR","03/2023","750","80","0"
"410610","CONSELHEIRO MAIRINCK","PR","06/2023","744","96","0"
"410610","CONSELHEIRO MAIRINCK","PR","08/2023","669","173","0"
"410610","CONSELHEIRO MAIRINCK","PR","11/2024","585","199","0"
"410610","CONSELHEIRO MAIRINCK","PR","05/2024","655","178","0"
"410610","CONSELHEIRO MAIRINCK","PR","07/2024","603","212","0"
"410610","CONSELHEIRO MAIRINCK","PR","02/2024","653","151","0"
"410610","CONSELHEIRO MAIRINCK","PR","04/2024","640","188","0"
"410610","CONSELHEIRO MAIRINCK","PR","12/2024","580","183","0"
"410610","CONSELHEIRO MAIRINCK","PR","09/2024","603","199","0"
"410610","CONSELHEIRO MAIRINCK","PR","06/2024","656","179","0"
"410610","CONSELHEIRO MAIRINCK","PR","12/2023","637","156","0"
"410610","CONSELHEIRO MAIRINCK","PR","01/2025","564","201","0"
"410610","CONSELHEIRO MAIRINCK","PR","10/2024","591","192","0"
"410610","CONSELHEIRO MAIRINCK","PR","08/2024","599","205","0"
"410610","CONSELHEIRO MAIRINCK","PR","10/2025","492","200","0"
"410610","CONSELHEIRO MAIRINCK","PR","04/2025","539","216","0"
"410610","CONSELHEIRO MAIRINCK","PR","06/2025","539","217","0"
"410610","CONSELHEIRO MAIRINCK","PR","02/2025","574","182","0"
"410610","CONSELHEIRO MAIRINCK","PR","09/2025","496","206","0"
"410610","CONSELHEIRO MAIRINCK","PR","01/2026","464","193","0"
"410610","CONSELHEIRO MAIRINCK","PR","03/2025","539","214","0"
"410610","CONSELHEIRO MAIRINCK","PR","05/2025","539","216","0"
"410610","CONSELHEIRO MAIRINCK","PR","11/2025","493","178","0"
"410610","CONSELHEIRO MAIRINCK","PR","07/2025","498","188","0"
"410610","CONSELHEIRO MAIRINCK","PR","08/2025","493","193","0"
"410610","CONSELHEIRO MAIRINCK","PR","12/2025","487","185","0"
"410610","CONSELHEIRO MAIRINCK","PR","02/2026","478","192","0"
"410610","CONSELHEIRO MAIRINCK","PR","03/2026","500","173","0"
"410610","CONSELHEIRO MAIRINCK","PR","04/2026","492","173","0"
"410610","CONSELHEIRO MAIRINCK","PR","05/2026","497","148","0"
"410610","CONSELHEIRO MAIRINCK","PR","06/2026","506","148","0"
"410610","CONSELHEIRO MAIRINCK","PR","08/2026","494","125","0"
"410610","CONSELHEIRO MAIRINCK","PR","04/2023","760","80","0"
"410620","CONTENDA","PR","02/2023","2884","409","0"
"410620","CONTENDA","PR","08/2026","2961","708","0"
"410620","CONTENDA","PR","06/2026","3048","672","0"
"410620","CONTENDA","PR","05/2026","2927","644","0"
"410620","CONTENDA","PR","04/2026","2729","636","0"
"410620","CONTENDA","PR","10/2023","3267","509","0"
"410620","CONTENDA","PR","03/2026","2781","593","0"
"410620","CONTENDA","PR","02/2026","2838","596","0"
"410620","CONTENDA","PR","01/2026","2861","565","0"
"410620","CONTENDA","PR","03/2025","3085","639","0"
"410620","CONTENDA","PR","04/2025","3088","618","0"
"410620","CONTENDA","PR","11/2025","2768","603","0"
"410620","CONTENDA","PR","09/2025","2823","600","0"
"410620","CONTENDA","PR","07/2025","2905","610","0"
"410620","CONTENDA","PR","10/2025","2794","606","0"
"410620","CONTENDA","PR","12/2025","2883","557","0"
"410620","CONTENDA","PR","06/2025","3136","619","0"
"410620","CONTENDA","PR","08/2025","2820","620","0"
"410620","CONTENDA","PR","02/2025","3150","597","0"
"410620","CONTENDA","PR","05/2025","3086","614","0"
"410620","CONTENDA","PR","11/2024","3249","606","0"
"410620","CONTENDA","PR","10/2024","3243","618","0"
"410620","CONTENDA","PR","01/2025","3185","617","0"
"410620","CONTENDA","PR","09/2024","3242","605","0"
"410620","CONTENDA","PR","06/2024","3421","592","0"
"410620","CONTENDA","PR","04/2024","3126","630","0"
"410620","CONTENDA","PR","08/2024","3212","663","0"
"410620","CONTENDA","PR","07/2024","3174","704","0"
"410620","CONTENDA","PR","12/2024","3280","591","0"
"410620","CONTENDA","PR","05/2024","3298","606","0"
"410620","CONTENDA","PR","03/2024","3117","654","0"
"410620","CONTENDA","PR","02/2024","3289","541","0"
"410620","CONTENDA","PR","09/2023","3182","518","0"
"410620","CONTENDA","PR","08/2023","3051","555","0"
"410620","CONTENDA","PR","03/2023","2831","383","0"
"410620","CONTENDA","PR","07/2023","2922","682","0"
"410620","CONTENDA","PR","05/2023","2945","373","0"
"410620","CONTENDA","PR","01/2024","3187","574","0"
"410620","CONTENDA","PR","11/2023","3097","665","0"
"410620","CONTENDA","PR","06/2023","2955","374","0"
"410620","CONTENDA","PR","12/2023","3152","631","0"
"410620","CONTENDA","PR","04/2023","2885","373","0"
"410630","CORBÉLIA","PR","12/2023","1239","791","0"
"410630","CORBÉLIA","PR","11/2023","1260","781","0"
"410630","CORBÉLIA","PR","06/2023","1716","399","0"
"410630","CORBÉLIA","PR","10/2023","1359","689","0"
"410630","CORBÉLIA","PR","04/2023","1774","308","0"
"410630","CORBÉLIA","PR","01/2024","1204","776","0"
"410630","CORBÉLIA","PR","03/2023","1744","326","0"
"410630","CORBÉLIA","PR","08/2023","1480","583","0"
"410630","CORBÉLIA","PR","02/2023","1818","362","0"
"410630","CORBÉLIA","PR","07/2023","1499","644","0"
"410630","CORBÉLIA","PR","09/2023","1401","633","0"
"410630","CORBÉLIA","PR","05/2023","1767","346","0"
"410630","CORBÉLIA","PR","05/2024","1054","905","0"
"410630","CORBÉLIA","PR","03/2024","1079","892","0"
"410630","CORBÉLIA","PR","07/2024","917","981","0"
"410630","CORBÉLIA","PR","09/2024","827","986","0"
"410630","CORBÉLIA","PR","12/2024","777","944","0"
"410630","CORBÉLIA","PR","04/2024","1087","923","0"
"410630","CORBÉLIA","PR","06/2024","1049","915","0"
"410630","CORBÉLIA","PR","02/2024","1200","797","0"
"410630","CORBÉLIA","PR","01/2025","742","946","0"
"410630","CORBÉLIA","PR","10/2024","764","1020","0"
"410630","CORBÉLIA","PR","11/2024","779","991","0"
"410630","CORBÉLIA","PR","08/2024","901","951","0"
"410630","CORBÉLIA","PR","01/2026","565","740","0"
"410630","CORBÉLIA","PR","02/2025","757","938","0"
"410630","CORBÉLIA","PR","05/2025","727","949","0"
"410630","CORBÉLIA","PR","04/2025","729","962","0"
"410630","CORBÉLIA","PR","06/2025","725","938","0"
"410630","CORBÉLIA","PR","12/2025","582","768","0"
"410630","CORBÉLIA","PR","07/2025","682","875","0"
"410630","CORBÉLIA","PR","09/2025","647","870","0"
"410630","CORBÉLIA","PR","10/2025","614","816","0"
"410630","CORBÉLIA","PR","11/2025","572","793","0"
"410630","CORBÉLIA","PR","03/2025","738","954","0"
"410630","CORBÉLIA","PR","08/2025","660","894","0"
"410630","CORBÉLIA","PR","02/2026","570","729","0"
"410630","CORBÉLIA","PR","03/2026","567","647","0"
"410630","CORBÉLIA","PR","04/2026","575","622","0"
"410630","CORBÉLIA","PR","05/2026","574","611","0"
"410630","CORBÉLIA","PR","06/2026","557","594","0"
"410630","CORBÉLIA","PR","08/2026","533","495","0"
"410640","CORNÉLIO PROCÓPIO","PR","10/2023","3571","746","0"
"410640","CORNÉLIO PROCÓPIO","PR","03/2023","3271","447","0"
"410640","CORNÉLIO PROCÓPIO","PR","12/2023","3405","807","0"
"410640","CORNÉLIO PROCÓPIO","PR","06/2023","3457","474","0"
"410640","CORNÉLIO PROCÓPIO","PR","08/2023","3432","752","0"
"410640","CORNÉLIO PROCÓPIO","PR","09/2023","3515","746","0"
"410640","CORNÉLIO PROCÓPIO","PR","07/2023","3280","876","0"
"410640","CORNÉLIO PROCÓPIO","PR","05/2023","3449","457","0"
"410640","CORNÉLIO PROCÓPIO","PR","02/2023","3350","471","0"
"410640","CORNÉLIO PROCÓPIO","PR","04/2023","3349","446","0"
"410640","CORNÉLIO PROCÓPIO","PR","01/2024","3445","771","0"
"410640","CORNÉLIO PROCÓPIO","PR","11/2023","3331","826","0"
"410640","CORNÉLIO PROCÓPIO","PR","11/2024","3424","959","0"
"410640","CORNÉLIO PROCÓPIO","PR","02/2024","3597","762","0"
"410640","CORNÉLIO PROCÓPIO","PR","03/2024","3439","963","0"
"410640","CORNÉLIO PROCÓPIO","PR","04/2024","3542","938","0"
"410640","CORNÉLIO PROCÓPIO","PR","06/2024","3745","844","0"
"410640","CORNÉLIO PROCÓPIO","PR","05/2024","3681","870","0"
"410640","CORNÉLIO PROCÓPIO","PR","09/2024","3492","912","0"
"410640","CORNÉLIO PROCÓPIO","PR","10/2024","3394","994","0"
"410640","CORNÉLIO PROCÓPIO","PR","07/2024","3466","1007","0"
"410640","CORNÉLIO PROCÓPIO","PR","12/2024","3496","962","0"
"410640","CORNÉLIO PROCÓPIO","PR","01/2025","3356","1018","0"
"410640","CORNÉLIO PROCÓPIO","PR","08/2024","3471","972","0"
"410640","CORNÉLIO PROCÓPIO","PR","02/2025","3393","1003","0"
"410640","CORNÉLIO PROCÓPIO","PR","12/2025","3201","831","0"
"410640","CORNÉLIO PROCÓPIO","PR","04/2025","3358","1031","0"
"410640","CORNÉLIO PROCÓPIO","PR","09/2025","3163","950","0"
"410640","CORNÉLIO PROCÓPIO","PR","05/2025","3340","994","0"
"410640","CORNÉLIO PROCÓPIO","PR","08/2025","3196","954","0"
"410640","CORNÉLIO PROCÓPIO","PR","11/2025","3079","851","0"
"410640","CORNÉLIO PROCÓPIO","PR","01/2026","3173","846","0"
"410640","CORNÉLIO PROCÓPIO","PR","07/2025","3084","957","0"
"410640","CORNÉLIO PROCÓPIO","PR","06/2025","3344","993","0"
"410640","CORNÉLIO PROCÓPIO","PR","03/2025","3319","1084","0"
"410640","CORNÉLIO PROCÓPIO","PR","10/2025","3149","884","0"
"410640","CORNÉLIO PROCÓPIO","PR","02/2026","3108","902","0"
"410640","CORNÉLIO PROCÓPIO","PR","03/2026","3218","841","0"
"410640","CORNÉLIO PROCÓPIO","PR","04/2026","3197","830","0"
"410640","CORNÉLIO PROCÓPIO","PR","05/2026","3188","764","0"
"410640","CORNÉLIO PROCÓPIO","PR","06/2026","3216","777","0"
"410640","CORNÉLIO PROCÓPIO","PR","08/2026","3214","784","0"
"410645","CORONEL DOMINGOS SOARES","PR","06/2023","2587","47","0"
"410645","CORONEL DOMINGOS SOARES","PR","09/2023","2224","401","0"
"410645","CORONEL DOMINGOS SOARES","PR","04/2023","2585","34","0"
"410645","CORONEL DOMINGOS SOARES","PR","01/2024","2080","514","0"
"410645","CORONEL DOMINGOS SOARES","PR","10/2023","2254","392","0"
"410645","CORONEL DOMINGOS SOARES","PR","11/2023","2065","537","0"
"410645","CORONEL DOMINGOS SOARES","PR","02/2023","2726","35","0"
"410645","CORONEL DOMINGOS SOARES","PR","03/2023","2589","30","0"
"410645","CORONEL DOMINGOS SOARES","PR","12/2023","2083","523","0"
"410645","CORONEL DOMINGOS SOARES","PR","07/2023","2176","400","0"
"410645","CORONEL DOMINGOS SOARES","PR","08/2023","2160","413","0"
"410645","CORONEL DOMINGOS SOARES","PR","05/2023","2613","38","0"
"410645","CORONEL DOMINGOS SOARES","PR","06/2024","2037","520","0"
"410645","CORONEL DOMINGOS SOARES","PR","11/2024","1907","572","0"
"410645","CORONEL DOMINGOS SOARES","PR","04/2024","2030","554","0"
"410645","CORONEL DOMINGOS SOARES","PR","10/2024","1898","606","0"
"410645","CORONEL DOMINGOS SOARES","PR","07/2024","1927","588","0"
"410645","CORONEL DOMINGOS SOARES","PR","02/2024","2062","506","0"
"410645","CORONEL DOMINGOS SOARES","PR","12/2024","1942","571","0"
"410645","CORONEL DOMINGOS SOARES","PR","09/2024","1924","567","0"
"410645","CORONEL DOMINGOS SOARES","PR","01/2025","1892","593","0"
"410645","CORONEL DOMINGOS SOARES","PR","03/2024","2009","564","0"
"410645","CORONEL DOMINGOS SOARES","PR","08/2024","1914","575","0"
"410645","CORONEL DOMINGOS SOARES","PR","05/2024","2029","523","0"
"410645","CORONEL DOMINGOS SOARES","PR","05/2025","1885","579","0"
"410645","CORONEL DOMINGOS SOARES","PR","10/2025","1634","487","0"
"410645","CORONEL DOMINGOS SOARES","PR","12/2025","1637","430","0"
"410645","CORONEL DOMINGOS SOARES","PR","02/2025","1889","593","0"
"410645","CORONEL DOMINGOS SOARES","PR","06/2025","1885","571","0"
"410645","CORONEL DOMINGOS SOARES","PR","01/2026","1634","448","0"
"410645","CORONEL DOMINGOS SOARES","PR","07/2025","1715","480","0"
"410645","CORONEL DOMINGOS SOARES","PR","11/2025","1557","434","0"
"410645","CORONEL DOMINGOS SOARES","PR","08/2025","1716","488","0"
"410645","CORONEL DOMINGOS SOARES","PR","09/2025","1685","505","0"
"410645","CORONEL DOMINGOS SOARES","PR","03/2025","1903","593","0"
"410645","CORONEL DOMINGOS SOARES","PR","04/2025","1886","583","0"
"410645","CORONEL DOMINGOS SOARES","PR","02/2026","1604","452","0"
"410645","CORONEL DOMINGOS SOARES","PR","03/2026","1588","447","0"
"410645","CORONEL DOMINGOS SOARES","PR","04/2026","1625","429","0"
"410645","CORONEL DOMINGOS SOARES","PR","05/2026","1598","429","0"
"410645","CORONEL DOMINGOS SOARES","PR","06/2026","1597","444","0"
"410645","CORONEL DOMINGOS SOARES","PR","08/2026","1633","391","0"
"410650","CORONEL VIVIDA","PR","06/2026","1901","738","0"
"410650","CORONEL VIVIDA","PR","08/2026","1903","646","0"
"410650","CORONEL VIVIDA","PR","03/2023","2680","314","0"
"410650","CORONEL VIVIDA","PR","12/2023","2422","765","0"
"410650","CORONEL VIVIDA","PR","04/2023","2716","302","0"
"410650","CORONEL VIVIDA","PR","05/2023","2763","302","0"
"410650","CORONEL VIVIDA","PR","01/2024","2430","750","0"
"410650","CORONEL VIVIDA","PR","07/2023","2347","757","0"
"410650","CORONEL VIVIDA","PR","02/2023","2786","332","0"
"410650","CORONEL VIVIDA","PR","08/2023","2387","699","0"
"410650","CORONEL VIVIDA","PR","09/2023","2532","672","0"
"410650","CORONEL VIVIDA","PR","10/2023","2559","667","0"
"410650","CORONEL VIVIDA","PR","06/2023","2742","323","0"
"410650","CORONEL VIVIDA","PR","11/2023","2394","766","0"
"410650","CORONEL VIVIDA","PR","03/2024","2381","895","0"
"410650","CORONEL VIVIDA","PR","08/2024","2221","971","0"
"410650","CORONEL VIVIDA","PR","12/2024","2160","918","0"
"410650","CORONEL VIVIDA","PR","02/2024","2502","745","0"
"410650","CORONEL VIVIDA","PR","06/2024","2515","817","0"
"410650","CORONEL VIVIDA","PR","10/2024","2179","969","0"
"410650","CORONEL VIVIDA","PR","05/2024","2494","843","0"
"410650","CORONEL VIVIDA","PR","07/2024","2228","989","0"
"410650","CORONEL VIVIDA","PR","04/2024","2477","877","0"
"410650","CORONEL VIVIDA","PR","09/2024","2220","916","0"
"410650","CORONEL VIVIDA","PR","01/2025","1992","940","0"
"410650","CORONEL VIVIDA","PR","11/2024","2192","940","0"
"410650","CORONEL VIVIDA","PR","05/2025","1987","967","0"
"410650","CORONEL VIVIDA","PR","12/2025","1871","703","0"
"410650","CORONEL VIVIDA","PR","06/2025","1985","967","0"
"410650","CORONEL VIVIDA","PR","09/2025","1713","873","0"
"410650","CORONEL VIVIDA","PR","01/2026","1831","740","0"
"410650","CORONEL VIVIDA","PR","07/2025","1806","897","0"
"410650","CORONEL VIVIDA","PR","08/2025","1775","860","0"
"410650","CORONEL VIVIDA","PR","10/2025","1693","818","0"
"410650","CORONEL VIVIDA","PR","11/2025","1667","743","0"
"410650","CORONEL VIVIDA","PR","02/2025","2065","935","0"
"410650","CORONEL VIVIDA","PR","03/2025","1983","989","0"
"410650","CORONEL VIVIDA","PR","04/2025","1987","970","0"
"410650","CORONEL VIVIDA","PR","02/2026","1821","733","0"
"410650","CORONEL VIVIDA","PR","03/2026","1787","707","0"
"410650","CORONEL VIVIDA","PR","04/2026","1903","727","0"
"410650","CORONEL VIVIDA","PR","05/2026","1902","723","0"
"410655","CORUMBATAÍ DO SUL","PR","05/2023","745","76","0"
"410655","CORUMBATAÍ DO SUL","PR","06/2023","751","79","0"
"410655","CORUMBATAÍ DO SUL","PR","02/2023","760","113","0"
"410655","CORUMBATAÍ DO SUL","PR","11/2023","694","170","0"
"410655","CORUMBATAÍ DO SUL","PR","10/2023","745","147","0"
"410655","CORUMBATAÍ DO SUL","PR","07/2023","693","160","0"
"410655","CORUMBATAÍ DO SUL","PR","08/2023","703","151","0"
"410655","CORUMBATAÍ DO SUL","PR","03/2023","732","87","0"
"410655","CORUMBATAÍ DO SUL","PR","09/2023","727","151","0"
"410655","CORUMBATAÍ DO SUL","PR","04/2023","753","76","0"
"410655","CORUMBATAÍ DO SUL","PR","12/2023","692","170","0"
"410655","CORUMBATAÍ DO SUL","PR","01/2024","714","149","0"
"410655","CORUMBATAÍ DO SUL","PR","11/2024","641","157","0"
"410655","CORUMBATAÍ DO SUL","PR","04/2024","673","167","0"
"410655","CORUMBATAÍ DO SUL","PR","07/2024","652","191","0"
"410655","CORUMBATAÍ DO SUL","PR","06/2024","692","159","0"
"410655","CORUMBATAÍ DO SUL","PR","05/2024","680","160","0"
"410655","CORUMBATAÍ DO SUL","PR","12/2024","635","150","0"
"410655","CORUMBATAÍ DO SUL","PR","09/2024","671","172","0"
"410655","CORUMBATAÍ DO SUL","PR","02/2024","717","144","0"
"410655","CORUMBATAÍ DO SUL","PR","01/2025","601","156","0"
"410655","CORUMBATAÍ DO SUL","PR","10/2024","641","178","0"
"410655","CORUMBATAÍ DO SUL","PR","03/2024","667","178","0"
"410655","CORUMBATAÍ DO SUL","PR","08/2024","659","188","0"
"410655","CORUMBATAÍ DO SUL","PR","05/2025","593","167","0"
"410655","CORUMBATAÍ DO SUL","PR","06/2025","593","168","0"
"410655","CORUMBATAÍ DO SUL","PR","08/2025","538","153","0"
"410655","CORUMBATAÍ DO SUL","PR","12/2025","524","111","0"
"410655","CORUMBATAÍ DO SUL","PR","02/2025","601","156","0"
"410655","CORUMBATAÍ DO SUL","PR","01/2026","506","126","0"
"410655","CORUMBATAÍ DO SUL","PR","07/2025","558","153","0"
"410655","CORUMBATAÍ DO SUL","PR","11/2025","497","118","0"
"410655","CORUMBATAÍ DO SUL","PR","10/2025","505","147","0"
"410655","CORUMBATAÍ DO SUL","PR","03/2025","598","170","0"
"410655","CORUMBATAÍ DO SUL","PR","09/2025","524","154","0"
"410655","CORUMBATAÍ DO SUL","PR","04/2025","593","171","0"
"410655","CORUMBATAÍ DO SUL","PR","02/2026","499","129","0"
"410655","CORUMBATAÍ DO SUL","PR","03/2026","489","123","0"
"410655","CORUMBATAÍ DO SUL","PR","04/2026","512","121","0"
"410655","CORUMBATAÍ DO SUL","PR","05/2026","509","128","0"
"410655","CORUMBATAÍ DO SUL","PR","06/2026","480","142","0"
"410655","CORUMBATAÍ DO SUL","PR","08/2026","469","144","0"
"410657","CRUZEIRO DO IGUAÇU","PR","01/2025","448","255","0"
"410657","CRUZEIRO DO IGUAÇU","PR","04/2023","499","70","0"
"410657","CRUZEIRO DO IGUAÇU","PR","05/2023","482","78","0"
"410657","CRUZEIRO DO IGUAÇU","PR","08/2023","524","109","0"
"410657","CRUZEIRO DO IGUAÇU","PR","06/2023","487","75","0"
"410657","CRUZEIRO DO IGUAÇU","PR","01/2024","557","133","0"
"410657","CRUZEIRO DO IGUAÇU","PR","10/2023","572","117","0"
"410657","CRUZEIRO DO IGUAÇU","PR","03/2023","480","66","0"
"410657","CRUZEIRO DO IGUAÇU","PR","02/2023","511","91","0"
"410657","CRUZEIRO DO IGUAÇU","PR","09/2023","548","109","0"
"410657","CRUZEIRO DO IGUAÇU","PR","12/2023","546","136","0"
"410657","CRUZEIRO DO IGUAÇU","PR","07/2023","509","108","0"
"410657","CRUZEIRO DO IGUAÇU","PR","11/2023","542","146","0"
"410657","CRUZEIRO DO IGUAÇU","PR","12/2024","499","226","0"
"410657","CRUZEIRO DO IGUAÇU","PR","02/2024","590","126","0"
"410657","CRUZEIRO DO IGUAÇU","PR","06/2024","545","173","0"
"410657","CRUZEIRO DO IGUAÇU","PR","07/2024","513","206","0"
"410657","CRUZEIRO DO IGUAÇU","PR","03/2024","524","183","0"
"410657","CRUZEIRO DO IGUAÇU","PR","10/2024","482","253","0"
"410657","CRUZEIRO DO IGUAÇU","PR","04/2024","502","200","0"
"410657","CRUZEIRO DO IGUAÇU","PR","05/2024","536","171","0"
"410657","CRUZEIRO DO IGUAÇU","PR","09/2024","499","220","0"
"410657","CRUZEIRO DO IGUAÇU","PR","11/2024","499","232","0"
"410657","CRUZEIRO DO IGUAÇU","PR","08/2024","510","214","0"
"410657","CRUZEIRO DO IGUAÇU","PR","05/2025","451","237","0"
"410657","CRUZEIRO DO IGUAÇU","PR","08/2025","437","188","0"
"410657","CRUZEIRO DO IGUAÇU","PR","07/2025","453","187","0"
"410657","CRUZEIRO DO IGUAÇU","PR","10/2025","431","173","0"
"410657","CRUZEIRO DO IGUAÇU","PR","06/2025","454","237","0"
"410657","CRUZEIRO DO IGUAÇU","PR","02/2025","437","257","0"
"410657","CRUZEIRO DO IGUAÇU","PR","12/2025","497","148","0"
"410657","CRUZEIRO DO IGUAÇU","PR","11/2025","428","167","0"
"410657","CRUZEIRO DO IGUAÇU","PR","04/2025","453","248","0"
"410657","CRUZEIRO DO IGUAÇU","PR","09/2025","432","181","0"
"410657","CRUZEIRO DO IGUAÇU","PR","03/2025","435","272","0"
"410657","CRUZEIRO DO IGUAÇU","PR","01/2026","477","151","0"
"410657","CRUZEIRO DO IGUAÇU","PR","02/2026","463","159","0"
"410657","CRUZEIRO DO IGUAÇU","PR","03/2026","448","158","0"
"410657","CRUZEIRO DO IGUAÇU","PR","04/2026","490","148","0"
"410657","CRUZEIRO DO IGUAÇU","PR","05/2026","464","165","0"
"410657","CRUZEIRO DO IGUAÇU","PR","06/2026","464","173","0"
"410657","CRUZEIRO DO IGUAÇU","PR","08/2026","457","140","0"
"410660","CRUZEIRO DO OESTE","PR","01/2025","2005","892","0"
"410660","CRUZEIRO DO OESTE","PR","08/2026","1555","610","0"
"410660","CRUZEIRO DO OESTE","PR","06/2026","1593","639","0"
"410660","CRUZEIRO DO OESTE","PR","05/2026","1581","661","0"
"410660","CRUZEIRO DO OESTE","PR","04/2026","1579","676","0"
"410660","CRUZEIRO DO OESTE","PR","03/2026","1588","684","0"
"410660","CRUZEIRO DO OESTE","PR","02/2026","1550","800","0"
"410660","CRUZEIRO DO OESTE","PR","04/2025","1981","898","0"
"410660","CRUZEIRO DO OESTE","PR","07/2025","1863","810","0"
"410660","CRUZEIRO DO OESTE","PR","11/2025","1520","774","0"
"410660","CRUZEIRO DO OESTE","PR","10/2025","1579","804","0"
"410660","CRUZEIRO DO OESTE","PR","09/2025","1691","771","0"
"410660","CRUZEIRO DO OESTE","PR","06/2025","1993","884","0"
"410660","CRUZEIRO DO OESTE","PR","12/2025","1639","781","0"
"410660","CRUZEIRO DO OESTE","PR","05/2025","1981","892","0"
"410660","CRUZEIRO DO OESTE","PR","08/2025","1740","791","0"
"410660","CRUZEIRO DO OESTE","PR","03/2025","1982","924","0"
"410660","CRUZEIRO DO OESTE","PR","01/2026","1630","799","0"
"410660","CRUZEIRO DO OESTE","PR","02/2025","2052","877","0"
"410660","CRUZEIRO DO OESTE","PR","04/2024","2442","934","0"
"410660","CRUZEIRO DO OESTE","PR","02/2024","2593","761","0"
"410660","CRUZEIRO DO OESTE","PR","12/2024","2129","853","0"
"410660","CRUZEIRO DO OESTE","PR","08/2024","2269","890","0"
"410660","CRUZEIRO DO OESTE","PR","07/2024","2283","928","0"
"410660","CRUZEIRO DO OESTE","PR","10/2024","2156","885","0"
"410660","CRUZEIRO DO OESTE","PR","06/2024","2483","893","0"
"410660","CRUZEIRO DO OESTE","PR","09/2024","2257","864","0"
"410660","CRUZEIRO DO OESTE","PR","05/2024","2486","905","0"
"410660","CRUZEIRO DO OESTE","PR","03/2024","2426","925","0"
"410660","CRUZEIRO DO OESTE","PR","11/2024","2125","887","0"
"410660","CRUZEIRO DO OESTE","PR","08/2023","2628","767","0"
"410660","CRUZEIRO DO OESTE","PR","02/2023","2866","445","0"
"410660","CRUZEIRO DO OESTE","PR","09/2023","2688","740","0"
"410660","CRUZEIRO DO OESTE","PR","04/2023","2818","399","0"
"410660","CRUZEIRO DO OESTE","PR","07/2023","2578","815","0"
"410660","CRUZEIRO DO OESTE","PR","05/2023","2889","421","0"
"410660","CRUZEIRO DO OESTE","PR","10/2023","2704","726","0"
"410660","CRUZEIRO DO OESTE","PR","01/2024","2561","815","0"
"410660","CRUZEIRO DO OESTE","PR","06/2023","2866","438","0"
"410660","CRUZEIRO DO OESTE","PR","12/2023","2552","800","0"
"410660","CRUZEIRO DO OESTE","PR","11/2023","2549","828","0"
"410660","CRUZEIRO DO OESTE","PR","03/2023","2771","406","0"
"410670","CRUZEIRO DO SUL","PR","06/2026","492","184","0"
"410670","CRUZEIRO DO SUL","PR","02/2023","763","166","0"
"410670","CRUZEIRO DO SUL","PR","11/2023","625","221","0"
"410670","CRUZEIRO DO SUL","PR","04/2023","744","137","0"
"410670","CRUZEIRO DO SUL","PR","12/2023","631","227","0"
"410670","CRUZEIRO DO SUL","PR","05/2023","737","147","0"
"410670","CRUZEIRO DO SUL","PR","10/2023","660","212","0"
"410670","CRUZEIRO DO SUL","PR","07/2023","662","229","0"
"410670","CRUZEIRO DO SUL","PR","09/2023","669","203","0"
"410670","CRUZEIRO DO SUL","PR","03/2023","729","130","0"
"410670","CRUZEIRO DO SUL","PR","08/2023","675","196","0"
"410670","CRUZEIRO DO SUL","PR","01/2024","637","229","0"
"410670","CRUZEIRO DO SUL","PR","06/2023","730","152","0"
"410670","CRUZEIRO DO SUL","PR","11/2024","579","219","0"
"410670","CRUZEIRO DO SUL","PR","02/2024","641","222","0"
"410670","CRUZEIRO DO SUL","PR","04/2024","615","247","0"
"410670","CRUZEIRO DO SUL","PR","05/2024","638","217","0"
"410670","CRUZEIRO DO SUL","PR","09/2024","596","210","0"
"410670","CRUZEIRO DO SUL","PR","10/2024","603","207","0"
"410670","CRUZEIRO DO SUL","PR","07/2024","612","203","0"
"410670","CRUZEIRO DO SUL","PR","08/2026","485","179","0"
"410670","CRUZEIRO DO SUL","PR","12/2024","567","220","0"
"410670","CRUZEIRO DO SUL","PR","01/2025","542","242","0"
"410670","CRUZEIRO DO SUL","PR","03/2024","602","247","0"
"410670","CRUZEIRO DO SUL","PR","08/2024","606","208","0"
"410670","CRUZEIRO DO SUL","PR","06/2024","639","218","0"
"410670","CRUZEIRO DO SUL","PR","01/2026","512","198","0"
"410670","CRUZEIRO DO SUL","PR","02/2025","535","241","0"
"410670","CRUZEIRO DO SUL","PR","11/2025","467","219","0"
"410670","CRUZEIRO DO SUL","PR","10/2025","469","217","0"
"410670","CRUZEIRO DO SUL","PR","05/2025","544","227","0"
"410670","CRUZEIRO DO SUL","PR","03/2025","547","241","0"
"410670","CRUZEIRO DO SUL","PR","04/2025","549","238","0"
"410670","CRUZEIRO DO SUL","PR","09/2025","477","219","0"
"410670","CRUZEIRO DO SUL","PR","06/2025","546","224","0"
"410670","CRUZEIRO DO SUL","PR","07/2025","515","219","0"
"410670","CRUZEIRO DO SUL","PR","08/2025","488","220","0"
"410670","CRUZEIRO DO SUL","PR","12/2025","508","207","0"
"410670","CRUZEIRO DO SUL","PR","02/2026","508","202","0"
"410670","CRUZEIRO DO SUL","PR","03/2026","505","166","0"
"410670","CRUZEIRO DO SUL","PR","04/2026","522","173","0"
"410670","CRUZEIRO DO SUL","PR","05/2026","492","194","0"
"410680","CRUZ MACHADO","PR","02/2023","1949","390","0"
"410680","CRUZ MACHADO","PR","03/2023","2170","374","0"
"410680","CRUZ MACHADO","PR","05/2023","2417","274","0"
"410680","CRUZ MACHADO","PR","10/2023","2952","265","0"
"410680","CRUZ MACHADO","PR","12/2023","2989","321","0"
"410680","CRUZ MACHADO","PR","06/2023","2441","254","0"
"410680","CRUZ MACHADO","PR","04/2023","2282","330","0"
"410680","CRUZ MACHADO","PR","07/2023","2584","396","0"
"410680","CRUZ MACHADO","PR","09/2023","2844","289","0"
"410680","CRUZ MACHADO","PR","08/2023","2712","335","0"
"410680","CRUZ MACHADO","PR","01/2024","3093","311","0"
"410680","CRUZ MACHADO","PR","11/2023","2939","332","0"
"410680","CRUZ MACHADO","PR","11/2024","3310","487","0"
"410680","CRUZ MACHADO","PR","02/2024","3163","311","0"
"410680","CRUZ MACHADO","PR","12/2024","3403","505","0"
"410680","CRUZ MACHADO","PR","09/2024","3215","399","0"
"410680","CRUZ MACHADO","PR","05/2024","3252","385","0"
"410680","CRUZ MACHADO","PR","07/2024","3232","420","0"
"410680","CRUZ MACHADO","PR","03/2024","3090","421","0"
"410680","CRUZ MACHADO","PR","10/2024","3315","482","0"
"410680","CRUZ MACHADO","PR","04/2024","3180","401","0"
"410680","CRUZ MACHADO","PR","06/2024","3290","351","0"
"410680","CRUZ MACHADO","PR","01/2025","3291","527","0"
"410680","CRUZ MACHADO","PR","08/2024","3233","403","0"
"410680","CRUZ MACHADO","PR","05/2025","3151","567","0"
"410680","CRUZ MACHADO","PR","06/2025","3174","567","0"
"410680","CRUZ MACHADO","PR","04/2025","3160","570","0"
"410680","CRUZ MACHADO","PR","09/2025","2835","530","0"
"410680","CRUZ MACHADO","PR","01/2026","2902","412","0"
"410680","CRUZ MACHADO","PR","07/2025","3024","552","0"
"410680","CRUZ MACHADO","PR","10/2025","2818","509","0"
"410680","CRUZ MACHADO","PR","11/2025","2726","483","0"
"410680","CRUZ MACHADO","PR","03/2025","3197","568","0"
"410680","CRUZ MACHADO","PR","08/2025","2928","593","0"
"410680","CRUZ MACHADO","PR","12/2025","2944","437","0"
"410680","CRUZ MACHADO","PR","02/2025","3292","532","0"
"410680","CRUZ MACHADO","PR","02/2026","2880","435","0"
"410680","CRUZ MACHADO","PR","03/2026","2827","372","0"
"410680","CRUZ MACHADO","PR","04/2026","2924","364","0"
"410680","CRUZ MACHADO","PR","05/2026","2947","389","0"
"410680","CRUZ MACHADO","PR","06/2026","2974","385","0"
"410680","CRUZ MACHADO","PR","08/2026","2908","431","0"
"410685","CRUZMALTINA","PR","11/2023","583","186","0"
"410685","CRUZMALTINA","PR","08/2026","458","132","0"
"410685","CRUZMALTINA","PR","06/2026","472","142","0"
"410685","CRUZMALTINA","PR","05/2026","469","136","0"
"410685","CRUZMALTINA","PR","04/2026","471","142","0"
"410685","CRUZMALTINA","PR","03/2026","464","153","0"
"410685","CRUZMALTINA","PR","02/2026","471","144","0"
"410685","CRUZMALTINA","PR","09/2025","480","159","0"
"410685","CRUZMALTINA","PR","02/2025","502","251","0"
"410685","CRUZMALTINA","PR","03/2025","485","258","0"
"410685","CRUZMALTINA","PR","11/2025","475","124","0"
"410685","CRUZMALTINA","PR","05/2025","484","242","0"
"410685","CRUZMALTINA","PR","10/2025","487","150","0"
"410685","CRUZMALTINA","PR","12/2025","478","131","0"
"410685","CRUZMALTINA","PR","07/2025","506","170","0"
"410685","CRUZMALTINA","PR","08/2025","493","161","0"
"410685","CRUZMALTINA","PR","01/2026","469","134","0"
"410685","CRUZMALTINA","PR","06/2025","484","238","0"
"410685","CRUZMALTINA","PR","04/2025","484","245","0"
"410685","CRUZMALTINA","PR","03/2024","560","201","0"
"410685","CRUZMALTINA","PR","11/2024","542","219","0"
"410685","CRUZMALTINA","PR","01/2025","499","254","0"
"410685","CRUZMALTINA","PR","05/2024","578","204","0"
"410685","CRUZMALTINA","PR","12/2024","547","214","0"
"410685","CRUZMALTINA","PR","07/2024","552","239","0"
"410685","CRUZMALTINA","PR","10/2024","534","229","0"
"410685","CRUZMALTINA","PR","09/2024","548","224","0"
"410685","CRUZMALTINA","PR","08/2024","549","239","0"
"410685","CRUZMALTINA","PR","04/2024","568","203","0"
"410685","CRUZMALTINA","PR","06/2024","606","211","0"
"410685","CRUZMALTINA","PR","02/2024","581","187","0"
"410685","CRUZMALTINA","PR","08/2023","638","144","0"
"410685","CRUZMALTINA","PR","06/2023","685","79","0"
"410685","CRUZMALTINA","PR","05/2023","691","70","0"
"410685","CRUZMALTINA","PR","07/2023","628","153","0"
"410685","CRUZMALTINA","PR","02/2023","655","75","0"
"410685","CRUZMALTINA","PR","12/2023","580","186","0"
"410685","CRUZMALTINA","PR","04/2023","673","63","0"
"410685","CRUZMALTINA","PR","10/2023","617","167","0"
"410685","CRUZMALTINA","PR","03/2023","668","73","0"
"410685","CRUZMALTINA","PR","09/2023","625","157","0"
"410685","CRUZMALTINA","PR","01/2024","580","189","0"
"410690","CURITIBA","PR","07/2025","111057","41261","0"
"410690","CURITIBA","PR","06/2026","110859","38081","0"
"410690","CURITIBA","PR","02/2023","141405","12603","0"
"410690","CURITIBA","PR","12/2023","122549","36925","0"
"410690","CURITIBA","PR","04/2023","134742","11135","0"
"410690","CURITIBA","PR","01/2024","123141","36475","0"
"410690","CURITIBA","PR","05/2023","140457","11659","0"
"410690","CURITIBA","PR","08/2023","125318","31250","0"
"410690","CURITIBA","PR","03/2023","134686","11395","0"
"410690","CURITIBA","PR","07/2023","115892","32692","0"
"410690","CURITIBA","PR","06/2023","139557","12353","0"
"410690","CURITIBA","PR","10/2023","131423","30266","0"
"410690","CURITIBA","PR","09/2023","128700","30529","0"
"410690","CURITIBA","PR","11/2023","122269","37729","0"
"410690","CURITIBA","PR","11/2024","116669","42723","0"
"410690","CURITIBA","PR","04/2024","118190","40423","0"
"410690","CURITIBA","PR","05/2024","122743","39560","0"
"410690","CURITIBA","PR","02/2024","124316","34747","0"
"410690","CURITIBA","PR","06/2024","125166","38867","0"
"410690","CURITIBA","PR","12/2024","118214","41900","0"
"410690","CURITIBA","PR","07/2024","117189","42588","0"
"410690","CURITIBA","PR","08/2024","116652","41368","0"
"410690","CURITIBA","PR","09/2024","116264","40309","0"
"410690","CURITIBA","PR","01/2025","113411","44496","0"
"410690","CURITIBA","PR","10/2024","114303","43083","0"
"410690","CURITIBA","PR","03/2024","118151","40753","0"
"410690","CURITIBA","PR","01/2026","103977","39062","0"
"410690","CURITIBA","PR","03/2025","111996","46711","0"
"410690","CURITIBA","PR","11/2025","103544","37861","0"
"410690","CURITIBA","PR","02/2025","114463","44175","0"
"410690","CURITIBA","PR","08/2026","111665","36016","0"
"410690","CURITIBA","PR","12/2025","104636","36349","0"
"410690","CURITIBA","PR","10/2025","104877","40118","0"
"410690","CURITIBA","PR","06/2025","112276","45648","0"
"410690","CURITIBA","PR","08/2025","108334","39719","0"
"410690","CURITIBA","PR","05/2025","112173","45858","0"
"410690","CURITIBA","PR","04/2025","112228","46238","0"
"410690","CURITIBA","PR","09/2025","106867","39789","0"
"410690","CURITIBA","PR","02/2026","106894","40603","0"
"410690","CURITIBA","PR","03/2026","108702","38230","0"
"410690","CURITIBA","PR","04/2026","109413","38443","0"
"410690","CURITIBA","PR","05/2026","110135","37896","0"
"410700","CURIÚVA","PR","08/2026","2935","399","0"
"410700","CURIÚVA","PR","06/2026","2953","417","0"
"410700","CURIÚVA","PR","05/2026","2791","430","0"
"410700","CURIÚVA","PR","04/2026","2664","438","0"
"410700","CURIÚVA","PR","03/2026","2688","429","0"
"410700","CURIÚVA","PR","02/2026","2729","435","0"
"410700","CURIÚVA","PR","04/2025","2729","599","0"
"410700","CURIÚVA","PR","08/2025","2603","464","0"
"410700","CURIÚVA","PR","10/2025","2583","468","0"
"410700","CURIÚVA","PR","11/2025","2544","416","0"
"410700","CURIÚVA","PR","12/2025","2783","413","0"
"410700","CURIÚVA","PR","02/2025","2707","594","0"
"410700","CURIÚVA","PR","09/2025","2604","469","0"
"410700","CURIÚVA","PR","06/2025","2728","595","0"
"410700","CURIÚVA","PR","07/2025","2650","458","0"
"410700","CURIÚVA","PR","03/2025","2720","625","0"
"410700","CURIÚVA","PR","01/2026","2749","417","0"
"410700","CURIÚVA","PR","05/2025","2725","593","0"
"410700","CURIÚVA","PR","08/2024","2683","556","0"
"410700","CURIÚVA","PR","11/2024","2666","554","0"
"410700","CURIÚVA","PR","01/2025","2671","601","0"
"410700","CURIÚVA","PR","10/2024","2679","569","0"
"410700","CURIÚVA","PR","07/2024","2650","625","0"
"410700","CURIÚVA","PR","03/2024","2528","646","0"
"410700","CURIÚVA","PR","06/2024","2742","565","0"
"410700","CURIÚVA","PR","09/2024","2687","539","0"
"410700","CURIÚVA","PR","05/2024","2687","589","0"
"410700","CURIÚVA","PR","02/2024","2639","597","0"
"410700","CURIÚVA","PR","12/2024","2715","552","0"
"410700","CURIÚVA","PR","04/2024","2609","624","0"
"410700","CURIÚVA","PR","11/2023","2622","665","0"
"410700","CURIÚVA","PR","04/2023","2820","278","0"
"410700","CURIÚVA","PR","07/2023","2526","731","0"
"410700","CURIÚVA","PR","10/2023","2763","605","0"
"410700","CURIÚVA","PR","06/2023","2863","275","0"
"410700","CURIÚVA","PR","02/2023","3013","309","0"
"410700","CURIÚVA","PR","03/2023","2780","294","0"
"410700","CURIÚVA","PR","01/2024","2645","626","0"
"410700","CURIÚVA","PR","08/2023","2603","657","0"
"410700","CURIÚVA","PR","09/2023","2705","621","0"
"410700","CURIÚVA","PR","12/2023","2634","653","0"
"410700","CURIÚVA","PR","05/2023","2863","274","0"
"410710","DIAMANTE DO NORTE","PR","08/2026","681","145","0"
"410710","DIAMANTE DO NORTE","PR","11/2023","829","144","0"
"410710","DIAMANTE DO NORTE","PR","05/2023","851","44","0"
"410710","DIAMANTE DO NORTE","PR","02/2023","877","58","0"
"410710","DIAMANTE DO NORTE","PR","06/2023","837","50","0"
"410710","DIAMANTE DO NORTE","PR","08/2023","791","128","0"
"410710","DIAMANTE DO NORTE","PR","12/2023","840","130","0"
"410710","DIAMANTE DO NORTE","PR","09/2023","823","123","0"
"410710","DIAMANTE DO NORTE","PR","10/2023","870","109","0"
"410710","DIAMANTE DO NORTE","PR","03/2023","825","49","0"
"410710","DIAMANTE DO NORTE","PR","07/2023","770","148","0"
"410710","DIAMANTE DO NORTE","PR","04/2023","827","51","0"
"410710","DIAMANTE DO NORTE","PR","01/2024","857","122","0"
"410710","DIAMANTE DO NORTE","PR","08/2024","760","145","0"
"410710","DIAMANTE DO NORTE","PR","12/2024","713","152","0"
"410710","DIAMANTE DO NORTE","PR","11/2024","723","158","0"
"410710","DIAMANTE DO NORTE","PR","09/2024","771","138","0"
"410710","DIAMANTE DO NORTE","PR","03/2024","836","145","0"
"410710","DIAMANTE DO NORTE","PR","04/2024","819","149","0"
"410710","DIAMANTE DO NORTE","PR","06/2024","823","160","0"
"410710","DIAMANTE DO NORTE","PR","01/2025","692","148","0"
"410710","DIAMANTE DO NORTE","PR","10/2024","720","165","0"
"410710","DIAMANTE DO NORTE","PR","02/2024","876","120","0"
"410710","DIAMANTE DO NORTE","PR","05/2024","813","161","0"
"410710","DIAMANTE DO NORTE","PR","07/2024","776","150","0"
"410710","DIAMANTE DO NORTE","PR","05/2025","724","136","0"
"410710","DIAMANTE DO NORTE","PR","08/2025","657","145","0"
"410710","DIAMANTE DO NORTE","PR","09/2025","658","156","0"
"410710","DIAMANTE DO NORTE","PR","03/2025","721","151","0"
"410710","DIAMANTE DO NORTE","PR","02/2025","693","148","0"
"410710","DIAMANTE DO NORTE","PR","06/2025","726","136","0"
"410710","DIAMANTE DO NORTE","PR","12/2025","661","147","0"
"410710","DIAMANTE DO NORTE","PR","01/2026","640","173","0"
"410710","DIAMANTE DO NORTE","PR","10/2025","661","154","0"
"410710","DIAMANTE DO NORTE","PR","11/2025","661","155","0"
"410710","DIAMANTE DO NORTE","PR","07/2025","685","142","0"
"410710","DIAMANTE DO NORTE","PR","04/2025","724","136","0"
"410710","DIAMANTE DO NORTE","PR","02/2026","626","184","0"
"410710","DIAMANTE DO NORTE","PR","03/2026","601","187","0"
"410710","DIAMANTE DO NORTE","PR","04/2026","596","178","0"
"410710","DIAMANTE DO NORTE","PR","05/2026","663","149","0"
"410710","DIAMANTE DO NORTE","PR","06/2026","691","158","0"
"410712","DIAMANTE DO SUL","PR","06/2023","940","62","0"
"410712","DIAMANTE DO SUL","PR","05/2023","949","56","0"
"410712","DIAMANTE DO SUL","PR","08/2026","942","149","0"
"410712","DIAMANTE DO SUL","PR","06/2026","949","160","0"
"410712","DIAMANTE DO SUL","PR","05/2026","909","154","0"
"410712","DIAMANTE DO SUL","PR","04/2026","849","167","0"
"410712","DIAMANTE DO SUL","PR","03/2026","850","168","0"
"410712","DIAMANTE DO SUL","PR","02/2026","861","189","0"
"410712","DIAMANTE DO SUL","PR","01/2026","882","182","0"
"410712","DIAMANTE DO SUL","PR","04/2025","888","259","0"
"410712","DIAMANTE DO SUL","PR","08/2025","823","241","0"
"410712","DIAMANTE DO SUL","PR","11/2025","804","176","0"
"410712","DIAMANTE DO SUL","PR","03/2025","876","263","0"
"410712","DIAMANTE DO SUL","PR","10/2025","821","199","0"
"410712","DIAMANTE DO SUL","PR","02/2025","878","254","0"
"410712","DIAMANTE DO SUL","PR","07/2025","840","228","0"
"410712","DIAMANTE DO SUL","PR","12/2025","883","168","0"
"410712","DIAMANTE DO SUL","PR","09/2025","825","244","0"
"410712","DIAMANTE DO SUL","PR","06/2025","889","256","0"
"410712","DIAMANTE DO SUL","PR","05/2025","888","259","0"
"410712","DIAMANTE DO SUL","PR","08/2024","771","236","0"
"410712","DIAMANTE DO SUL","PR","11/2024","859","232","0"
"410712","DIAMANTE DO SUL","PR","01/2025","881","254","0"
"410712","DIAMANTE DO SUL","PR","02/2024","779","246","0"
"410712","DIAMANTE DO SUL","PR","05/2024","806","244","0"
"410712","DIAMANTE DO SUL","PR","12/2024","917","234","0"
"410712","DIAMANTE DO SUL","PR","03/2024","778","239","0"
"410712","DIAMANTE DO SUL","PR","10/2024","856","234","0"
"410712","DIAMANTE DO SUL","PR","07/2024","759","265","0"
"410712","DIAMANTE DO SUL","PR","09/2024","782","224","0"
"410712","DIAMANTE DO SUL","PR","06/2024","813","244","0"
"410712","DIAMANTE DO SUL","PR","04/2024","801","247","0"
"410712","DIAMANTE DO SUL","PR","11/2023","781","283","0"
"410712","DIAMANTE DO SUL","PR","04/2023","950","56","0"
"410712","DIAMANTE DO SUL","PR","10/2023","843","222","0"
"410712","DIAMANTE DO SUL","PR","07/2023","850","187","0"
"410712","DIAMANTE DO SUL","PR","01/2024","796","262","0"
"410712","DIAMANTE DO SUL","PR","02/2023","1018","67","0"
"410712","DIAMANTE DO SUL","PR","03/2023","955","54","0"
"410712","DIAMANTE DO SUL","PR","09/2023","860","192","0"
"410712","DIAMANTE DO SUL","PR","12/2023","790","274","0"
"410712","DIAMANTE DO SUL","PR","08/2023","853","185","0"
"410715","DIAMANTE DOESTE","PR","05/2023","886","144","0"
"410715","DIAMANTE DOESTE","PR","02/2023","857","132","0"
"410715","DIAMANTE DOESTE","PR","08/2023","836","232","0"
"410715","DIAMANTE DOESTE","PR","12/2023","818","284","0"
"410715","DIAMANTE DOESTE","PR","01/2024","823","268","0"
"410715","DIAMANTE DOESTE","PR","11/2023","812","284","0"
"410715","DIAMANTE DOESTE","PR","10/2023","865","239","0"
"410715","DIAMANTE DOESTE","PR","07/2023","822","256","0"
"410715","DIAMANTE DOESTE","PR","03/2023","819","148","0"
"410715","DIAMANTE DOESTE","PR","04/2023","845","144","0"
"410715","DIAMANTE DOESTE","PR","06/2023","876","161","0"
"410715","DIAMANTE DOESTE","PR","09/2023","841","237","0"
"410715","DIAMANTE DOESTE","PR","04/2024","805","291","0"
"410715","DIAMANTE DOESTE","PR","10/2024","839","267","0"
"410715","DIAMANTE DOESTE","PR","05/2024","789","267","0"
"410715","DIAMANTE DOESTE","PR","12/2024","850","259","0"
"410715","DIAMANTE DOESTE","PR","02/2024","850","261","0"
"410715","DIAMANTE DOESTE","PR","11/2024","843","264","0"
"410715","DIAMANTE DOESTE","PR","03/2024","833","271","0"
"410715","DIAMANTE DOESTE","PR","07/2024","802","286","0"
"410715","DIAMANTE DOESTE","PR","09/2024","810","255","0"
"410715","DIAMANTE DOESTE","PR","06/2024","813","255","0"
"410715","DIAMANTE DOESTE","PR","01/2025","824","266","0"
"410715","DIAMANTE DOESTE","PR","08/2024","801","288","0"
"410715","DIAMANTE DOESTE","PR","05/2025","827","258","0"
"410715","DIAMANTE DOESTE","PR","08/2025","789","242","0"
"410715","DIAMANTE DOESTE","PR","10/2025","786","216","0"
"410715","DIAMANTE DOESTE","PR","09/2025","800","240","0"
"410715","DIAMANTE DOESTE","PR","06/2025","833","250","0"
"410715","DIAMANTE DOESTE","PR","01/2026","850","221","0"
"410715","DIAMANTE DOESTE","PR","02/2025","836","256","0"
"410715","DIAMANTE DOESTE","PR","11/2025","774","211","0"
"410715","DIAMANTE DOESTE","PR","04/2025","824","267","0"
"410715","DIAMANTE DOESTE","PR","12/2025","849","201","0"
"410715","DIAMANTE DOESTE","PR","07/2025","812","227","0"
"410715","DIAMANTE DOESTE","PR","03/2025","811","280","0"
"410715","DIAMANTE DOESTE","PR","02/2026","799","229","0"
"410715","DIAMANTE DOESTE","PR","03/2026","790","233","0"
"410715","DIAMANTE DOESTE","PR","04/2026","816","223","0"
"410715","DIAMANTE DOESTE","PR","05/2026","804","248","0"
"410715","DIAMANTE DOESTE","PR","06/2026","781","266","0"
"410715","DIAMANTE DOESTE","PR","08/2026","779","252","0"
"410720","DOIS VIZINHOS","PR","06/2026","1494","1287","0"
"410720","DOIS VIZINHOS","PR","08/2026","1480","1186","0"
"410720","DOIS VIZINHOS","PR","05/2023","4285","278","0"
"410720","DOIS VIZINHOS","PR","06/2023","4268","305","0"
"410720","DOIS VIZINHOS","PR","01/2024","3842","989","0"
"410720","DOIS VIZINHOS","PR","03/2023","4136","249","0"
"410720","DOIS VIZINHOS","PR","07/2023","3852","913","0"
"410720","DOIS VIZINHOS","PR","04/2023","4240","255","0"
"410720","DOIS VIZINHOS","PR","11/2023","3820","1042","0"
"410720","DOIS VIZINHOS","PR","09/2023","4081","817","0"
"410720","DOIS VIZINHOS","PR","02/2023","4306","295","0"
"410720","DOIS VIZINHOS","PR","12/2023","3808","1054","0"
"410720","DOIS VIZINHOS","PR","10/2023","4158","785","0"
"410720","DOIS VIZINHOS","PR","08/2023","3963","871","0"
"410720","DOIS VIZINHOS","PR","03/2024","3498","1270","0"
"410720","DOIS VIZINHOS","PR","12/2024","2878","1449","0"
"410720","DOIS VIZINHOS","PR","06/2024","3507","1195","0"
"410720","DOIS VIZINHOS","PR","02/2024","3866","981","0"
"410720","DOIS VIZINHOS","PR","11/2024","2864","1493","0"
"410720","DOIS VIZINHOS","PR","07/2024","3109","1380","0"
"410720","DOIS VIZINHOS","PR","04/2024","3518","1238","0"
"410720","DOIS VIZINHOS","PR","05/2024","3578","1183","0"
"410720","DOIS VIZINHOS","PR","09/2024","3006","1401","0"
"410720","DOIS VIZINHOS","PR","10/2024","2918","1490","0"
"410720","DOIS VIZINHOS","PR","01/2025","2706","1526","0"
"410720","DOIS VIZINHOS","PR","08/2024","3066","1379","0"
"410720","DOIS VIZINHOS","PR","12/2025","1585","1580","0"
"410720","DOIS VIZINHOS","PR","02/2025","2743","1517","0"
"410720","DOIS VIZINHOS","PR","03/2025","2596","1526","0"
"410720","DOIS VIZINHOS","PR","09/2025","1989","1659","0"
"410720","DOIS VIZINHOS","PR","01/2026","1535","1591","0"
"410720","DOIS VIZINHOS","PR","07/2025","2054","1661","0"
"410720","DOIS VIZINHOS","PR","10/2025","1876","1717","0"
"410720","DOIS VIZINHOS","PR","05/2025","2532","1567","0"
"410720","DOIS VIZINHOS","PR","11/2025","1709","1605","0"
"410720","DOIS VIZINHOS","PR","04/2025","2535","1572","0"
"410720","DOIS VIZINHOS","PR","08/2025","2075","1685","0"
"410720","DOIS VIZINHOS","PR","06/2025","2531","1571","0"
"410720","DOIS VIZINHOS","PR","02/2026","1529","1517","0"
"410720","DOIS VIZINHOS","PR","03/2026","1531","1433","0"
"410720","DOIS VIZINHOS","PR","04/2026","1498","1403","0"
"410720","DOIS VIZINHOS","PR","05/2026","1442","1326","0"
"410725","DOURADINA","PR","10/2023","839","173","0"
"410725","DOURADINA","PR","08/2026","659","236","0"
"410725","DOURADINA","PR","06/2026","656","255","0"
"410725","DOURADINA","PR","05/2026","651","252","0"
"410725","DOURADINA","PR","04/2026","660","243","0"
"410725","DOURADINA","PR","03/2026","612","263","0"
"410725","DOURADINA","PR","02/2026","620","280","0"
"410725","DOURADINA","PR","04/2025","710","292","0"
"410725","DOURADINA","PR","06/2025","713","279","0"
"410725","DOURADINA","PR","08/2025","626","272","0"
"410725","DOURADINA","PR","03/2025","689","306","0"
"410725","DOURADINA","PR","01/2026","633","281","0"
"410725","DOURADINA","PR","11/2025","598","278","0"
"410725","DOURADINA","PR","10/2025","592","289","0"
"410725","DOURADINA","PR","09/2025","607","277","0"
"410725","DOURADINA","PR","07/2025","651","270","0"
"410725","DOURADINA","PR","02/2025","659","304","0"
"410725","DOURADINA","PR","05/2025","710","288","0"
"410725","DOURADINA","PR","12/2025","632","289","0"
"410725","DOURADINA","PR","08/2024","763","275","0"
"410725","DOURADINA","PR","03/2024","773","262","0"
"410725","DOURADINA","PR","10/2024","704","316","0"
"410725","DOURADINA","PR","01/2025","665","303","0"
"410725","DOURADINA","PR","09/2024","766","267","0"
"410725","DOURADINA","PR","07/2024","753","291","0"
"410725","DOURADINA","PR","04/2024","767","272","0"
"410725","DOURADINA","PR","05/2024","775","266","0"
"410725","DOURADINA","PR","12/2024","701","292","0"
"410725","DOURADINA","PR","06/2024","775","261","0"
"410725","DOURADINA","PR","02/2024","813","210","0"
"410725","DOURADINA","PR","11/2024","707","302","0"
"410725","DOURADINA","PR","12/2023","806","218","0"
"410725","DOURADINA","PR","11/2023","778","222","0"
"410725","DOURADINA","PR","04/2023","767","125","0"
"410725","DOURADINA","PR","07/2023","688","201","0"
"410725","DOURADINA","PR","09/2023","830","173","0"
"410725","DOURADINA","PR","08/2023","799","190","0"
"410725","DOURADINA","PR","03/2023","776","138","0"
"410725","DOURADINA","PR","05/2023","768","143","0"
"410725","DOURADINA","PR","01/2024","800","216","0"
"410725","DOURADINA","PR","06/2023","769","137","0"
"410725","DOURADINA","PR","02/2023","790","143","0"
"410730","DOUTOR CAMARGO","PR","12/2023","554","224","0"
"410730","DOUTOR CAMARGO","PR","08/2026","492","118","0"
"410730","DOUTOR CAMARGO","PR","06/2026","491","137","0"
"410730","DOUTOR CAMARGO","PR","05/2026","478","144","0"
"410730","DOUTOR CAMARGO","PR","04/2026","468","143","0"
"410730","DOUTOR CAMARGO","PR","03/2026","470","149","0"
"410730","DOUTOR CAMARGO","PR","02/2026","418","148","0"
"410730","DOUTOR CAMARGO","PR","01/2026","412","158","0"
"410730","DOUTOR CAMARGO","PR","11/2025","400","165","0"
"410730","DOUTOR CAMARGO","PR","12/2025","418","163","0"
"410730","DOUTOR CAMARGO","PR","10/2025","410","175","0"
"410730","DOUTOR CAMARGO","PR","08/2025","394","223","0"
"410730","DOUTOR CAMARGO","PR","06/2025","438","280","0"
"410730","DOUTOR CAMARGO","PR","02/2025","450","281","0"
"410730","DOUTOR CAMARGO","PR","09/2025","395","192","0"
"410730","DOUTOR CAMARGO","PR","04/2025","437","293","0"
"410730","DOUTOR CAMARGO","PR","07/2025","412","229","0"
"410730","DOUTOR CAMARGO","PR","03/2025","436","295","0"
"410730","DOUTOR CAMARGO","PR","05/2025","437","287","0"
"410730","DOUTOR CAMARGO","PR","08/2024","483","284","0"
"410730","DOUTOR CAMARGO","PR","11/2024","453","284","0"
"410730","DOUTOR CAMARGO","PR","01/2025","445","284","0"
"410730","DOUTOR CAMARGO","PR","05/2024","533","259","0"
"410730","DOUTOR CAMARGO","PR","12/2024","454","281","0"
"410730","DOUTOR CAMARGO","PR","07/2024","489","290","0"
"410730","DOUTOR CAMARGO","PR","09/2024","481","263","0"
"410730","DOUTOR CAMARGO","PR","10/2024","446","295","0"
"410730","DOUTOR CAMARGO","PR","06/2024","536","256","0"
"410730","DOUTOR CAMARGO","PR","04/2024","533","269","0"
"410730","DOUTOR CAMARGO","PR","03/2024","538","265","0"
"410730","DOUTOR CAMARGO","PR","02/2024","556","225","0"
"410730","DOUTOR CAMARGO","PR","11/2023","552","230","0"
"410730","DOUTOR CAMARGO","PR","06/2023","638","120","0"
"410730","DOUTOR CAMARGO","PR","09/2023","594","191","0"
"410730","DOUTOR CAMARGO","PR","04/2023","650","110","0"
"410730","DOUTOR CAMARGO","PR","08/2023","579","195","0"
"410730","DOUTOR CAMARGO","PR","05/2023","655","112","0"
"410730","DOUTOR CAMARGO","PR","07/2023","575","201","0"
"410730","DOUTOR CAMARGO","PR","03/2023","640","115","0"
"410730","DOUTOR CAMARGO","PR","01/2024","560","216","0"
"410730","DOUTOR CAMARGO","PR","02/2023","666","118","0"
"410730","DOUTOR CAMARGO","PR","10/2023","602","191","0"
"410740","ENÉAS MARQUES","PR","08/2026","841","191","0"
"410740","ENÉAS MARQUES","PR","11/2023","958","237","0"
"410740","ENÉAS MARQUES","PR","06/2023","1086","26","0"
"410740","ENÉAS MARQUES","PR","12/2023","979","224","0"
"410740","ENÉAS MARQUES","PR","09/2023","1004","159","0"
"410740","ENÉAS MARQUES","PR","05/2023","1081","26","0"
"410740","ENÉAS MARQUES","PR","02/2023","1124","36","0"
"410740","ENÉAS MARQUES","PR","07/2023","925","184","0"
"410740","ENÉAS MARQUES","PR","03/2023","1022","29","0"
"410740","ENÉAS MARQUES","PR","01/2024","996","211","0"
"410740","ENÉAS MARQUES","PR","10/2023","1040","153","0"
"410740","ENÉAS MARQUES","PR","04/2023","1054","26","0"
"410740","ENÉAS MARQUES","PR","08/2023","944","179","0"
"410740","ENÉAS MARQUES","PR","08/2024","1012","250","0"
"410740","ENÉAS MARQUES","PR","05/2024","1060","227","0"
"410740","ENÉAS MARQUES","PR","07/2024","997","266","0"
"410740","ENÉAS MARQUES","PR","10/2024","993","253","0"
"410740","ENÉAS MARQUES","PR","12/2024","1016","230","0"
"410740","ENÉAS MARQUES","PR","02/2024","1020","211","0"
"410740","ENÉAS MARQUES","PR","03/2024","974","251","0"
"410740","ENÉAS MARQUES","PR","04/2024","1028","238","0"
"410740","ENÉAS MARQUES","PR","06/2024","1082","224","0"
"410740","ENÉAS MARQUES","PR","09/2024","1035","233","0"
"410740","ENÉAS MARQUES","PR","01/2025","969","225","0"
"410740","ENÉAS MARQUES","PR","11/2024","1011","234","0"
"410740","ENÉAS MARQUES","PR","05/2025","965","218","0"
"410740","ENÉAS MARQUES","PR","06/2025","964","218","0"
"410740","ENÉAS MARQUES","PR","09/2025","835","245","0"
"410740","ENÉAS MARQUES","PR","01/2026","840","227","0"
"410740","ENÉAS MARQUES","PR","04/2025","969","221","0"
"410740","ENÉAS MARQUES","PR","02/2025","960","222","0"
"410740","ENÉAS MARQUES","PR","12/2025","860","224","0"
"410740","ENÉAS MARQUES","PR","11/2025","813","238","0"
"410740","ENÉAS MARQUES","PR","07/2025","906","207","0"
"410740","ENÉAS MARQUES","PR","08/2025","868","226","0"
"410740","ENÉAS MARQUES","PR","03/2025","977","220","0"
"410740","ENÉAS MARQUES","PR","10/2025","818","265","0"
"410740","ENÉAS MARQUES","PR","02/2026","822","217","0"
"410740","ENÉAS MARQUES","PR","03/2026","816","183","0"
"410740","ENÉAS MARQUES","PR","04/2026","871","187","0"
"410740","ENÉAS MARQUES","PR","05/2026","856","186","0"
"410740","ENÉAS MARQUES","PR","06/2026","852","184","0"
"410750","ENGENHEIRO BELTRÃO","PR","08/2025","1356","473","0"
"410750","ENGENHEIRO BELTRÃO","PR","08/2026","1398","393","0"
"410750","ENGENHEIRO BELTRÃO","PR","06/2026","1428","443","0"
"410750","ENGENHEIRO BELTRÃO","PR","05/2026","1446","423","0"
"410750","ENGENHEIRO BELTRÃO","PR","04/2026","1429","418","0"
"410750","ENGENHEIRO BELTRÃO","PR","03/2026","1383","414","0"
"410750","ENGENHEIRO BELTRÃO","PR","02/2026","1404","439","0"
"410750","ENGENHEIRO BELTRÃO","PR","09/2025","1370","452","0"
"410750","ENGENHEIRO BELTRÃO","PR","03/2025","1465","571","0"
"410750","ENGENHEIRO BELTRÃO","PR","11/2025","1302","450","0"
"410750","ENGENHEIRO BELTRÃO","PR","12/2025","1404","423","0"
"410750","ENGENHEIRO BELTRÃO","PR","07/2025","1398","498","0"
"410750","ENGENHEIRO BELTRÃO","PR","10/2025","1325","463","0"
"410750","ENGENHEIRO BELTRÃO","PR","06/2025","1485","547","0"
"410750","ENGENHEIRO BELTRÃO","PR","02/2025","1498","568","0"
"410750","ENGENHEIRO BELTRÃO","PR","04/2025","1481","563","0"
"410750","ENGENHEIRO BELTRÃO","PR","05/2025","1481","552","0"
"410750","ENGENHEIRO BELTRÃO","PR","01/2026","1404","429","0"
"410750","ENGENHEIRO BELTRÃO","PR","06/2024","1797","526","0"
"410750","ENGENHEIRO BELTRÃO","PR","08/2024","1625","566","0"
"410750","ENGENHEIRO BELTRÃO","PR","10/2024","1526","589","0"
"410750","ENGENHEIRO BELTRÃO","PR","02/2024","1862","533","0"
"410750","ENGENHEIRO BELTRÃO","PR","01/2025","1495","570","0"
"410750","ENGENHEIRO BELTRÃO","PR","09/2024","1641","535","0"
"410750","ENGENHEIRO BELTRÃO","PR","07/2024","1639","571","0"
"410750","ENGENHEIRO BELTRÃO","PR","11/2024","1542","577","0"
"410750","ENGENHEIRO BELTRÃO","PR","05/2024","1771","544","0"
"410750","ENGENHEIRO BELTRÃO","PR","04/2024","1805","561","0"
"410750","ENGENHEIRO BELTRÃO","PR","12/2024","1554","549","0"
"410750","ENGENHEIRO BELTRÃO","PR","03/2024","1811","567","0"
"410750","ENGENHEIRO BELTRÃO","PR","09/2023","2016","452","0"
"410750","ENGENHEIRO BELTRÃO","PR","05/2023","2208","234","0"
"410750","ENGENHEIRO BELTRÃO","PR","10/2023","2035","458","0"
"410750","ENGENHEIRO BELTRÃO","PR","08/2023","1998","456","0"
"410750","ENGENHEIRO BELTRÃO","PR","11/2023","1899","560","0"
"410750","ENGENHEIRO BELTRÃO","PR","01/2024","1873","544","0"
"410750","ENGENHEIRO BELTRÃO","PR","06/2023","2182","254","0"
"410750","ENGENHEIRO BELTRÃO","PR","04/2023","2213","223","0"
"410750","ENGENHEIRO BELTRÃO","PR","12/2023","1861","560","0"
"410750","ENGENHEIRO BELTRÃO","PR","07/2023","1910","470","0"
"410750","ENGENHEIRO BELTRÃO","PR","03/2023","2238","212","0"
"410750","ENGENHEIRO BELTRÃO","PR","02/2023","2361","219","0"
"410752","ESPERANÇA NOVA","PR","08/2026","213","24","0"
"410752","ESPERANÇA NOVA","PR","05/2023","280","26","0"
"410752","ESPERANÇA NOVA","PR","02/2023","308","25","0"
"410752","ESPERANÇA NOVA","PR","06/2023","279","30","0"
"410752","ESPERANÇA NOVA","PR","11/2023","234","69","0"
"410752","ESPERANÇA NOVA","PR","03/2023","295","21","0"
"410752","ESPERANÇA NOVA","PR","01/2024","235","61","0"
"410752","ESPERANÇA NOVA","PR","12/2023","234","68","0"
"410752","ESPERANÇA NOVA","PR","04/2023","297","20","0"
"410752","ESPERANÇA NOVA","PR","10/2023","248","66","0"
"410752","ESPERANÇA NOVA","PR","07/2023","238","68","0"
"410752","ESPERANÇA NOVA","PR","08/2023","237","68","0"
"410752","ESPERANÇA NOVA","PR","09/2023","248","72","0"
"410752","ESPERANÇA NOVA","PR","03/2024","228","62","0"
"410752","ESPERANÇA NOVA","PR","02/2024","233","63","0"
"410752","ESPERANÇA NOVA","PR","11/2024","213","70","0"
"410752","ESPERANÇA NOVA","PR","06/2024","256","60","0"
"410752","ESPERANÇA NOVA","PR","05/2024","247","62","0"
"410752","ESPERANÇA NOVA","PR","07/2024","224","78","0"
"410752","ESPERANÇA NOVA","PR","12/2024","222","63","0"
"410752","ESPERANÇA NOVA","PR","01/2025","215","54","0"
"410752","ESPERANÇA NOVA","PR","09/2024","215","76","0"
"410752","ESPERANÇA NOVA","PR","04/2024","241","62","0"
"410752","ESPERANÇA NOVA","PR","10/2024","213","72","0"
"410752","ESPERANÇA NOVA","PR","08/2024","229","74","0"
"410752","ESPERANÇA NOVA","PR","05/2025","211","56","0"
"410752","ESPERANÇA NOVA","PR","08/2025","197","34","0"
"410752","ESPERANÇA NOVA","PR","06/2025","215","56","0"
"410752","ESPERANÇA NOVA","PR","09/2025","192","32","0"
"410752","ESPERANÇA NOVA","PR","10/2025","172","32","0"
"410752","ESPERANÇA NOVA","PR","12/2025","208","34","0"
"410752","ESPERANÇA NOVA","PR","01/2026","204","33","0"
"410752","ESPERANÇA NOVA","PR","11/2025","176","33","0"
"410752","ESPERANÇA NOVA","PR","07/2025","195","42","0"
"410752","ESPERANÇA NOVA","PR","03/2025","218","56","0"
"410752","ESPERANÇA NOVA","PR","02/2025","222","54","0"
"410752","ESPERANÇA NOVA","PR","04/2025","212","56","0"
"410752","ESPERANÇA NOVA","PR","02/2026","204","32","0"
"410752","ESPERANÇA NOVA","PR","03/2026","192","46","0"
"410752","ESPERANÇA NOVA","PR","04/2026","203","48","0"
"410752","ESPERANÇA NOVA","PR","05/2026","214","44","0"
"410752","ESPERANÇA NOVA","PR","06/2026","218","40","0"
"410753","ENTRE RIOS DO OESTE","PR","07/2023","254","107","0"
"410753","ENTRE RIOS DO OESTE","PR","06/2026","192","76","0"
"410753","ENTRE RIOS DO OESTE","PR","05/2026","199","79","0"
"410753","ENTRE RIOS DO OESTE","PR","04/2026","195","80","0"
"410753","ENTRE RIOS DO OESTE","PR","03/2026","198","76","0"
"410753","ENTRE RIOS DO OESTE","PR","05/2023","282","75","0"
"410753","ENTRE RIOS DO OESTE","PR","02/2026","187","80","0"
"410753","ENTRE RIOS DO OESTE","PR","03/2025","116","102","0"
"410753","ENTRE RIOS DO OESTE","PR","07/2025","121","105","0"
"410753","ENTRE RIOS DO OESTE","PR","11/2025","140","88","0"
"410753","ENTRE RIOS DO OESTE","PR","10/2025","144","103","0"
"410753","ENTRE RIOS DO OESTE","PR","01/2026","169","72","0"
"410753","ENTRE RIOS DO OESTE","PR","06/2025","111","105","0"
"410753","ENTRE RIOS DO OESTE","PR","09/2025","143","105","0"
"410753","ENTRE RIOS DO OESTE","PR","04/2025","111","107","0"
"410753","ENTRE RIOS DO OESTE","PR","08/2025","149","103","0"
"410753","ENTRE RIOS DO OESTE","PR","02/2025","122","104","0"
"410753","ENTRE RIOS DO OESTE","PR","12/2025","180","83","0"
"410753","ENTRE RIOS DO OESTE","PR","05/2025","111","107","0"
"410753","ENTRE RIOS DO OESTE","PR","09/2024","137","114","0"
"410753","ENTRE RIOS DO OESTE","PR","06/2024","167","102","0"
"410753","ENTRE RIOS DO OESTE","PR","01/2025","122","104","0"
"410753","ENTRE RIOS DO OESTE","PR","03/2024","189","111","0"
"410753","ENTRE RIOS DO OESTE","PR","12/2024","146","97","0"
"410753","ENTRE RIOS DO OESTE","PR","10/2024","138","100","0"
"410753","ENTRE RIOS DO OESTE","PR","07/2024","152","113","0"
"410753","ENTRE RIOS DO OESTE","PR","02/2024","197","107","0"
"410753","ENTRE RIOS DO OESTE","PR","11/2024","140","99","0"
"410753","ENTRE RIOS DO OESTE","PR","05/2024","190","117","0"
"410753","ENTRE RIOS DO OESTE","PR","04/2024","194","116","0"
"410753","ENTRE RIOS DO OESTE","PR","08/2024","150","108","0"
"410753","ENTRE RIOS DO OESTE","PR","01/2024","184","117","0"
"410753","ENTRE RIOS DO OESTE","PR","08/2023","235","100","0"
"410753","ENTRE RIOS DO OESTE","PR","02/2023","274","92","0"
"410753","ENTRE RIOS DO OESTE","PR","09/2023","267","85","0"
"410753","ENTRE RIOS DO OESTE","PR","04/2023","280","66","0"
"410753","ENTRE RIOS DO OESTE","PR","08/2026","185","92","0"
"410753","ENTRE RIOS DO OESTE","PR","10/2023","253","82","0"
"410753","ENTRE RIOS DO OESTE","PR","06/2023","279","74","0"
"410753","ENTRE RIOS DO OESTE","PR","03/2023","266","72","0"
"410753","ENTRE RIOS DO OESTE","PR","11/2023","228","121","0"
"410753","ENTRE RIOS DO OESTE","PR","12/2023","209","123","0"
"410754","ESPIGÃO ALTO DO IGUAÇU","PR","08/2026","1501","194","0"
"410754","ESPIGÃO ALTO DO IGUAÇU","PR","05/2023","1872","34","0"
"410754","ESPIGÃO ALTO DO IGUAÇU","PR","08/2023","1705","221","0"
"410754","ESPIGÃO ALTO DO IGUAÇU","PR","12/2023","1757","206","0"
"410754","ESPIGÃO ALTO DO IGUAÇU","PR","11/2023","1747","217","0"
"410754","ESPIGÃO ALTO DO IGUAÇU","PR","02/2023","1955","34","0"
"410754","ESPIGÃO ALTO DO IGUAÇU","PR","07/2023","1692","229","0"
"410754","ESPIGÃO ALTO DO IGUAÇU","PR","03/2023","1852","34","0"
"410754","ESPIGÃO ALTO DO IGUAÇU","PR","10/2023","1813","170","0"
"410754","ESPIGÃO ALTO DO IGUAÇU","PR","09/2023","1780","181","0"
"410754","ESPIGÃO ALTO DO IGUAÇU","PR","01/2024","1783","196","0"
"410754","ESPIGÃO ALTO DO IGUAÇU","PR","06/2023","1870","37","0"
"410754","ESPIGÃO ALTO DO IGUAÇU","PR","12/2024","1680","246","0"
"410754","ESPIGÃO ALTO DO IGUAÇU","PR","04/2024","1771","255","0"
"410754","ESPIGÃO ALTO DO IGUAÇU","PR","02/2024","1787","196","0"
"410754","ESPIGÃO ALTO DO IGUAÇU","PR","05/2024","1787","250","0"
"410754","ESPIGÃO ALTO DO IGUAÇU","PR","06/2024","1830","237","0"
"410754","ESPIGÃO ALTO DO IGUAÇU","PR","10/2024","1664","266","0"
"410754","ESPIGÃO ALTO DO IGUAÇU","PR","03/2024","1756","253","0"
"410754","ESPIGÃO ALTO DO IGUAÇU","PR","01/2025","1629","258","0"
"410754","ESPIGÃO ALTO DO IGUAÇU","PR","07/2024","1770","269","0"
"410754","ESPIGÃO ALTO DO IGUAÇU","PR","09/2024","1740","241","0"
"410754","ESPIGÃO ALTO DO IGUAÇU","PR","11/2024","1657","268","0"
"410754","ESPIGÃO ALTO DO IGUAÇU","PR","08/2024","1758","253","0"
"410754","ESPIGÃO ALTO DO IGUAÇU","PR","07/2025","1504","233","0"
"410754","ESPIGÃO ALTO DO IGUAÇU","PR","05/2025","1555","302","0"
"410754","ESPIGÃO ALTO DO IGUAÇU","PR","12/2025","1427","246","0"
"410754","ESPIGÃO ALTO DO IGUAÇU","PR","08/2025","1513","225","0"
"410754","ESPIGÃO ALTO DO IGUAÇU","PR","06/2025","1555","302","0"
"410754","ESPIGÃO ALTO DO IGUAÇU","PR","02/2025","1622","254","0"
"410754","ESPIGÃO ALTO DO IGUAÇU","PR","01/2026","1416","251","0"
"410754","ESPIGÃO ALTO DO IGUAÇU","PR","11/2025","1410","254","0"
"410754","ESPIGÃO ALTO DO IGUAÇU","PR","10/2025","1446","254","0"
"410754","ESPIGÃO ALTO DO IGUAÇU","PR","03/2025","1568","300","0"
"410754","ESPIGÃO ALTO DO IGUAÇU","PR","09/2025","1473","232","0"
"410754","ESPIGÃO ALTO DO IGUAÇU","PR","04/2025","1555","306","0"
"410754","ESPIGÃO ALTO DO IGUAÇU","PR","02/2026","1393","246","0"
"410754","ESPIGÃO ALTO DO IGUAÇU","PR","03/2026","1368","221","0"
"410754","ESPIGÃO ALTO DO IGUAÇU","PR","04/2026","1364","219","0"
"410754","ESPIGÃO ALTO DO IGUAÇU","PR","05/2026","1469","204","0"
"410754","ESPIGÃO ALTO DO IGUAÇU","PR","06/2026","1522","210","0"
"410754","ESPIGÃO ALTO DO IGUAÇU","PR","04/2023","1877","33","0"
"410755","FAROL","PR","01/2024","518","114","0"
"410755","FAROL","PR","08/2026","478","66","0"
"410755","FAROL","PR","06/2026","459","71","0"
"410755","FAROL","PR","05/2026","460","69","0"
"410755","FAROL","PR","04/2026","435","67","0"
"410755","FAROL","PR","03/2026","439","81","0"
"410755","FAROL","PR","02/2026","440","97","0"
"410755","FAROL","PR","04/2025","460","114","0"
"410755","FAROL","PR","08/2025","439","102","0"
"410755","FAROL","PR","10/2025","425","90","0"
"410755","FAROL","PR","11/2025","415","86","0"
"410755","FAROL","PR","05/2025","460","111","0"
"410755","FAROL","PR","07/2025","442","122","0"
"410755","FAROL","PR","12/2025","451","82","0"
"410755","FAROL","PR","02/2025","445","124","0"
"410755","FAROL","PR","09/2025","447","95","0"
"410755","FAROL","PR","01/2026","445","101","0"
"410755","FAROL","PR","03/2025","463","117","0"
"410755","FAROL","PR","06/2025","462","113","0"
"410755","FAROL","PR","08/2024","485","133","0"
"410755","FAROL","PR","03/2024","514","128","0"
"410755","FAROL","PR","07/2024","479","135","0"
"410755","FAROL","PR","06/2024","516","118","0"
"410755","FAROL","PR","05/2024","518","123","0"
"410755","FAROL","PR","01/2025","450","136","0"
"410755","FAROL","PR","12/2024","470","127","0"
"410755","FAROL","PR","04/2024","519","132","0"
"410755","FAROL","PR","10/2024","462","137","0"
"410755","FAROL","PR","09/2024","498","119","0"
"410755","FAROL","PR","11/2024","466","131","0"
"410755","FAROL","PR","02/2024","534","114","0"
"410755","FAROL","PR","09/2023","546","106","0"
"410755","FAROL","PR","02/2023","590","56","0"
"410755","FAROL","PR","07/2023","532","122","0"
"410755","FAROL","PR","10/2023","547","109","0"
"410755","FAROL","PR","03/2023","581","58","0"
"410755","FAROL","PR","11/2023","520","130","0"
"410755","FAROL","PR","12/2023","519","130","0"
"410755","FAROL","PR","06/2023","580","58","0"
"410755","FAROL","PR","05/2023","573","61","0"
"410755","FAROL","PR","08/2023","534","115","0"
"410755","FAROL","PR","04/2023","578","58","0"
"410760","FAXINAL","PR","11/2023","3683","790","0"
"410760","FAXINAL","PR","05/2023","4229","304","0"
"410760","FAXINAL","PR","02/2023","4164","358","0"
"410760","FAXINAL","PR","09/2023","3687","732","0"
"410760","FAXINAL","PR","12/2023","3696","756","0"
"410760","FAXINAL","PR","04/2023","4235","291","0"
"410760","FAXINAL","PR","07/2023","3718","789","0"
"410760","FAXINAL","PR","08/2023","3729","753","0"
"410760","FAXINAL","PR","10/2023","3785","695","0"
"410760","FAXINAL","PR","06/2023","4088","406","0"
"410760","FAXINAL","PR","01/2024","3723","745","0"
"410760","FAXINAL","PR","05/2024","3752","836","0"
"410760","FAXINAL","PR","06/2024","3786","800","0"
"410760","FAXINAL","PR","12/2024","3786","866","0"
"410760","FAXINAL","PR","03/2024","3690","868","0"
"410760","FAXINAL","PR","09/2024","3682","877","0"
"410760","FAXINAL","PR","07/2024","3638","907","0"
"410760","FAXINAL","PR","10/2024","3706","937","0"
"410760","FAXINAL","PR","02/2024","3792","750","0"
"410760","FAXINAL","PR","01/2025","3676","974","0"
"410760","FAXINAL","PR","11/2024","3725","888","0"
"410760","FAXINAL","PR","03/2023","4217","309","0"
"410760","FAXINAL","PR","08/2024","3663","892","0"
"410760","FAXINAL","PR","04/2024","3698","873","0"
"410760","FAXINAL","PR","01/2026","3569","699","0"
"410760","FAXINAL","PR","06/2025","3691","934","0"
"410760","FAXINAL","PR","07/2025","3483","839","0"
"410760","FAXINAL","PR","05/2025","3670","971","0"
"410760","FAXINAL","PR","09/2025","3578","839","0"
"410760","FAXINAL","PR","11/2025","3552","744","0"
"410760","FAXINAL","PR","12/2025","3589","722","0"
"410760","FAXINAL","PR","04/2025","3673","988","0"
"410760","FAXINAL","PR","08/2025","3557","857","0"
"410760","FAXINAL","PR","03/2025","3638","1011","0"
"410760","FAXINAL","PR","10/2025","3578","799","0"
"410760","FAXINAL","PR","02/2025","3666","965","0"
"410760","FAXINAL","PR","02/2026","3536","720","0"
"410760","FAXINAL","PR","03/2026","3667","648","0"
"410760","FAXINAL","PR","04/2026","3707","623","0"
"410760","FAXINAL","PR","05/2026","3746","597","0"
"410760","FAXINAL","PR","06/2026","3701","633","0"
"410760","FAXINAL","PR","08/2026","3697","581","0"
"410765","FAZENDA RIO GRANDE","PR","04/2023","19964","1745","0"
"410765","FAZENDA RIO GRANDE","PR","06/2026","20508","4470","0"
"410765","FAZENDA RIO GRANDE","PR","05/2026","18934","4424","0"
"410765","FAZENDA RIO GRANDE","PR","04/2026","18325","4534","0"
"410765","FAZENDA RIO GRANDE","PR","03/2026","18303","4584","0"
"410765","FAZENDA RIO GRANDE","PR","02/2026","18304","4995","0"
"410765","FAZENDA RIO GRANDE","PR","03/2025","18894","6459","0"
"410765","FAZENDA RIO GRANDE","PR","01/2026","18386","4864","0"
"410765","FAZENDA RIO GRANDE","PR","10/2025","18020","5255","0"
"410765","FAZENDA RIO GRANDE","PR","08/2025","17834","5408","0"
"410765","FAZENDA RIO GRANDE","PR","07/2025","18346","5450","0"
"410765","FAZENDA RIO GRANDE","PR","05/2025","19057","6212","0"
"410765","FAZENDA RIO GRANDE","PR","09/2025","17972","5263","0"
"410765","FAZENDA RIO GRANDE","PR","04/2025","19063","6287","0"
"410765","FAZENDA RIO GRANDE","PR","06/2025","19105","6176","0"
"410765","FAZENDA RIO GRANDE","PR","11/2025","18010","4932","0"
"410765","FAZENDA RIO GRANDE","PR","02/2025","19466","6049","0"
"410765","FAZENDA RIO GRANDE","PR","12/2025","18251","4661","0"
"410765","FAZENDA RIO GRANDE","PR","07/2024","19812","6113","0"
"410765","FAZENDA RIO GRANDE","PR","09/2024","20214","5580","0"
"410765","FAZENDA RIO GRANDE","PR","06/2024","18718","5658","0"
"410765","FAZENDA RIO GRANDE","PR","10/2024","20098","5936","0"
"410765","FAZENDA RIO GRANDE","PR","08/2024","19908","5895","0"
"410765","FAZENDA RIO GRANDE","PR","03/2024","18225","6186","0"
"410765","FAZENDA RIO GRANDE","PR","05/2024","18482","5859","0"
"410765","FAZENDA RIO GRANDE","PR","02/2024","19433","5152","0"
"410765","FAZENDA RIO GRANDE","PR","04/2024","18381","6090","0"
"410765","FAZENDA RIO GRANDE","PR","12/2024","20363","5598","0"
"410765","FAZENDA RIO GRANDE","PR","11/2024","20268","5800","0"
"410765","FAZENDA RIO GRANDE","PR","01/2025","19450","6073","0"
"410765","FAZENDA RIO GRANDE","PR","09/2023","16988","4731","0"
"410765","FAZENDA RIO GRANDE","PR","07/2023","16699","5223","0"
"410765","FAZENDA RIO GRANDE","PR","08/2026","20503","4144","0"
"410765","FAZENDA RIO GRANDE","PR","08/2023","16803","4952","0"
"410765","FAZENDA RIO GRANDE","PR","06/2023","19950","2091","0"
"410765","FAZENDA RIO GRANDE","PR","05/2023","20036","2012","0"
"410765","FAZENDA RIO GRANDE","PR","03/2023","20034","1753","0"
"410765","FAZENDA RIO GRANDE","PR","12/2023","19506","5442","0"
"410765","FAZENDA RIO GRANDE","PR","01/2024","19632","5311","0"
"410765","FAZENDA RIO GRANDE","PR","11/2023","19464","5522","0"
"410765","FAZENDA RIO GRANDE","PR","02/2023","20343","2013","0"
"410765","FAZENDA RIO GRANDE","PR","10/2023","17099","4621","0"
"410770","FÊNIX","PR","02/2026","714","184","0"
"410770","FÊNIX","PR","08/2023","971","197","0"
"410770","FÊNIX","PR","02/2023","1055","120","0"
"410770","FÊNIX","PR","01/2024","854","304","0"
"410770","FÊNIX","PR","12/2023","847","305","0"
"410770","FÊNIX","PR","11/2023","848","302","0"
"410770","FÊNIX","PR","10/2023","986","198","0"
"410770","FÊNIX","PR","07/2023","967","193","0"
"410770","FÊNIX","PR","06/2023","1036","101","0"
"410770","FÊNIX","PR","09/2023","984","192","0"
"410770","FÊNIX","PR","04/2023","1010","108","0"
"410770","FÊNIX","PR","05/2023","1021","102","0"
"410770","FÊNIX","PR","03/2023","1005","106","0"
"410770","FÊNIX","PR","04/2024","826","307","0"
"410770","FÊNIX","PR","03/2024","818","315","0"
"410770","FÊNIX","PR","06/2024","857","268","0"
"410770","FÊNIX","PR","10/2024","773","309","0"
"410770","FÊNIX","PR","05/2024","847","274","0"
"410770","FÊNIX","PR","07/2024","793","304","0"
"410770","FÊNIX","PR","12/2024","788","287","0"
"410770","FÊNIX","PR","01/2025","750","306","0"
"410770","FÊNIX","PR","09/2024","812","284","0"
"410770","FÊNIX","PR","11/2024","771","308","0"
"410770","FÊNIX","PR","02/2024","861","301","0"
"410770","FÊNIX","PR","08/2024","796","301","0"
"410770","FÊNIX","PR","08/2025","643","305","0"
"410770","FÊNIX","PR","12/2025","707","199","0"
"410770","FÊNIX","PR","09/2025","635","295","0"
"410770","FÊNIX","PR","06/2025","724","308","0"
"410770","FÊNIX","PR","07/2025","662","318","0"
"410770","FÊNIX","PR","01/2026","717","179","0"
"410770","FÊNIX","PR","03/2025","720","316","0"
"410770","FÊNIX","PR","05/2025","721","311","0"
"410770","FÊNIX","PR","11/2025","637","204","0"
"410770","FÊNIX","PR","10/2025","645","264","0"
"410770","FÊNIX","PR","02/2025","752","299","0"
"410770","FÊNIX","PR","04/2025","721","311","0"
"410770","FÊNIX","PR","03/2026","721","155","0"
"410770","FÊNIX","PR","04/2026","723","160","0"
"410770","FÊNIX","PR","05/2026","749","154","0"
"410770","FÊNIX","PR","06/2026","807","140","0"
"410770","FÊNIX","PR","08/2026","800","131","0"
"410773","FERNANDES PINHEIRO","PR","08/2024","1629","483","0"
"410773","FERNANDES PINHEIRO","PR","01/2024","1818","524","0"
"410773","FERNANDES PINHEIRO","PR","08/2023","1866","428","0"
"410773","FERNANDES PINHEIRO","PR","12/2023","1819","521","0"
"410773","FERNANDES PINHEIRO","PR","02/2023","2213","159","0"
"410773","FERNANDES PINHEIRO","PR","11/2023","1808","518","0"
"410773","FERNANDES PINHEIRO","PR","04/2023","2095","126","0"
"410773","FERNANDES PINHEIRO","PR","07/2023","1810","433","0"
"410773","FERNANDES PINHEIRO","PR","03/2023","2106","129","0"
"410773","FERNANDES PINHEIRO","PR","10/2023","1958","420","0"
"410773","FERNANDES PINHEIRO","PR","09/2023","1922","423","0"
"410773","FERNANDES PINHEIRO","PR","05/2023","2024","200","0"
"410773","FERNANDES PINHEIRO","PR","06/2023","2032","203","0"
"410773","FERNANDES PINHEIRO","PR","11/2024","1583","518","0"
"410773","FERNANDES PINHEIRO","PR","12/2024","1620","491","0"
"410773","FERNANDES PINHEIRO","PR","04/2024","1746","524","0"
"410773","FERNANDES PINHEIRO","PR","05/2024","1775","490","0"
"410773","FERNANDES PINHEIRO","PR","02/2024","1811","513","0"
"410773","FERNANDES PINHEIRO","PR","06/2024","1741","433","0"
"410773","FERNANDES PINHEIRO","PR","07/2024","1633","496","0"
"410773","FERNANDES PINHEIRO","PR","03/2024","1750","539","0"
"410773","FERNANDES PINHEIRO","PR","10/2024","1580","528","0"
"410773","FERNANDES PINHEIRO","PR","01/2025","1569","484","0"
"410773","FERNANDES PINHEIRO","PR","09/2024","1654","452","0"
"410773","FERNANDES PINHEIRO","PR","05/2025","1576","411","0"
"410773","FERNANDES PINHEIRO","PR","08/2025","1537","320","0"
"410773","FERNANDES PINHEIRO","PR","02/2025","1574","484","0"
"410773","FERNANDES PINHEIRO","PR","09/2025","1578","303","0"
"410773","FERNANDES PINHEIRO","PR","04/2025","1576","465","0"
"410773","FERNANDES PINHEIRO","PR","06/2025","1579","411","0"
"410773","FERNANDES PINHEIRO","PR","01/2026","1599","244","0"
"410773","FERNANDES PINHEIRO","PR","10/2025","1580","309","0"
"410773","FERNANDES PINHEIRO","PR","11/2025","1576","262","0"
"410773","FERNANDES PINHEIRO","PR","12/2025","1620","238","0"
"410773","FERNANDES PINHEIRO","PR","07/2025","1543","310","0"
"410773","FERNANDES PINHEIRO","PR","03/2025","1569","478","0"
"410773","FERNANDES PINHEIRO","PR","02/2026","1596","262","0"
"410773","FERNANDES PINHEIRO","PR","03/2026","1635","278","0"
"410773","FERNANDES PINHEIRO","PR","04/2026","1625","287","0"
"410773","FERNANDES PINHEIRO","PR","05/2026","1648","277","0"
"410773","FERNANDES PINHEIRO","PR","06/2026","1670","278","0"
"410773","FERNANDES PINHEIRO","PR","08/2026","1682","254","0"
"410775","FIGUEIRA","PR","06/2026","2004","214","0"
"410775","FIGUEIRA","PR","05/2023","2489","21","0"
"410775","FIGUEIRA","PR","11/2023","2174","303","0"
"410775","FIGUEIRA","PR","06/2023","2478","26","0"
"410775","FIGUEIRA","PR","08/2023","2145","265","0"
"410775","FIGUEIRA","PR","09/2023","2139","251","0"
"410775","FIGUEIRA","PR","10/2023","2274","242","0"
"410775","FIGUEIRA","PR","01/2024","2188","279","0"
"410775","FIGUEIRA","PR","12/2023","2176","294","0"
"410775","FIGUEIRA","PR","02/2023","2642","27","0"
"410775","FIGUEIRA","PR","03/2023","2514","18","0"
"410775","FIGUEIRA","PR","04/2023","2503","18","0"
"410775","FIGUEIRA","PR","07/2023","2145","285","0"
"410775","FIGUEIRA","PR","11/2024","2125","261","0"
"410775","FIGUEIRA","PR","04/2024","2126","291","0"
"410775","FIGUEIRA","PR","09/2024","2097","244","0"
"410775","FIGUEIRA","PR","12/2024","2082","250","0"
"410775","FIGUEIRA","PR","02/2024","2169","263","0"
"410775","FIGUEIRA","PR","10/2024","2101","266","0"
"410775","FIGUEIRA","PR","07/2024","2085","284","0"
"410775","FIGUEIRA","PR","08/2026","2020","199","0"
"410775","FIGUEIRA","PR","05/2024","2110","260","0"
"410775","FIGUEIRA","PR","01/2025","2011","283","0"
"410775","FIGUEIRA","PR","06/2024","2104","253","0"
"410775","FIGUEIRA","PR","03/2024","2123","306","0"
"410775","FIGUEIRA","PR","08/2024","2090","269","0"
"410775","FIGUEIRA","PR","05/2025","1964","279","0"
"410775","FIGUEIRA","PR","04/2025","1970","279","0"
"410775","FIGUEIRA","PR","07/2025","1864","275","0"
"410775","FIGUEIRA","PR","03/2025","1973","287","0"
"410775","FIGUEIRA","PR","02/2025","2009","282","0"
"410775","FIGUEIRA","PR","09/2025","1762","293","0"
"410775","FIGUEIRA","PR","06/2025","1993","278","0"
"410775","FIGUEIRA","PR","12/2025","1826","242","0"
"410775","FIGUEIRA","PR","10/2025","1752","269","0"
"410775","FIGUEIRA","PR","11/2025","1734","254","0"
"410775","FIGUEIRA","PR","01/2026","1819","238","0"
"410775","FIGUEIRA","PR","08/2025","1772","287","0"
"410775","FIGUEIRA","PR","02/2026","1822","243","0"
"410775","FIGUEIRA","PR","03/2026","1851","248","0"
"410775","FIGUEIRA","PR","04/2026","1863","223","0"
"410775","FIGUEIRA","PR","05/2026","1872","220","0"
"410780","FLORAÍ","PR","06/2024","325","123","0"
"410780","FLORAÍ","PR","12/2023","380","120","0"
"410780","FLORAÍ","PR","03/2023","477","57","0"
"410780","FLORAÍ","PR","11/2023","392","118","0"
"410780","FLORAÍ","PR","02/2023","501","64","0"
"410780","FLORAÍ","PR","06/2023","480","52","0"
"410780","FLORAÍ","PR","04/2023","481","55","0"
"410780","FLORAÍ","PR","10/2023","430","92","0"
"410780","FLORAÍ","PR","01/2024","382","114","0"
"410780","FLORAÍ","PR","09/2023","438","86","0"
"410780","FLORAÍ","PR","05/2023","477","52","0"
"410780","FLORAÍ","PR","07/2023","432","89","0"
"410780","FLORAÍ","PR","08/2023","437","86","0"
"410780","FLORAÍ","PR","04/2024","329","124","0"
"410780","FLORAÍ","PR","02/2024","369","112","0"
"410780","FLORAÍ","PR","07/2024","330","128","0"
"410780","FLORAÍ","PR","10/2024","311","131","0"
"410780","FLORAÍ","PR","12/2024","334","120","0"
"410780","FLORAÍ","PR","09/2024","323","123","0"
"410780","FLORAÍ","PR","05/2024","326","130","0"
"410780","FLORAÍ","PR","01/2025","302","129","0"
"410780","FLORAÍ","PR","11/2024","321","123","0"
"410780","FLORAÍ","PR","03/2024","328","137","0"
"410780","FLORAÍ","PR","08/2024","331","124","0"
"410780","FLORAÍ","PR","03/2025","315","132","0"
"410780","FLORAÍ","PR","05/2025","323","126","0"
"410780","FLORAÍ","PR","12/2025","355","55","0"
"410780","FLORAÍ","PR","06/2025","323","123","0"
"410780","FLORAÍ","PR","09/2025","336","95","0"
"410780","FLORAÍ","PR","07/2025","345","83","0"
"410780","FLORAÍ","PR","01/2026","349","66","0"
"410780","FLORAÍ","PR","11/2025","326","69","0"
"410780","FLORAÍ","PR","08/2025","345","89","0"
"410780","FLORAÍ","PR","10/2025","334","88","0"
"410780","FLORAÍ","PR","02/2025","316","130","0"
"410780","FLORAÍ","PR","04/2025","323","126","0"
"410780","FLORAÍ","PR","02/2026","349","64","0"
"410780","FLORAÍ","PR","03/2026","353","56","0"
"410780","FLORAÍ","PR","04/2026","357","54","0"
"410780","FLORAÍ","PR","05/2026","364","50","0"
"410780","FLORAÍ","PR","06/2026","373","48","0"
"410780","FLORAÍ","PR","08/2026","382","57","0"
"410785","FLOR DA SERRA DO SUL","PR","10/2024","1033","162","0"
"410785","FLOR DA SERRA DO SUL","PR","06/2023","856","83","0"
"410785","FLOR DA SERRA DO SUL","PR","08/2023","846","167","0"
"410785","FLOR DA SERRA DO SUL","PR","05/2023","869","84","0"
"410785","FLOR DA SERRA DO SUL","PR","12/2023","1032","135","0"
"410785","FLOR DA SERRA DO SUL","PR","04/2023","862","86","0"
"410785","FLOR DA SERRA DO SUL","PR","01/2024","1043","128","0"
"410785","FLOR DA SERRA DO SUL","PR","09/2023","925","137","0"
"410785","FLOR DA SERRA DO SUL","PR","11/2023","997","151","0"
"410785","FLOR DA SERRA DO SUL","PR","07/2023","809","193","0"
"410785","FLOR DA SERRA DO SUL","PR","03/2023","864","89","0"
"410785","FLOR DA SERRA DO SUL","PR","02/2023","888","91","0"
"410785","FLOR DA SERRA DO SUL","PR","10/2023","991","130","0"
"410785","FLOR DA SERRA DO SUL","PR","11/2024","1052","147","0"
"410785","FLOR DA SERRA DO SUL","PR","04/2024","1138","122","0"
"410785","FLOR DA SERRA DO SUL","PR","02/2024","1075","129","0"
"410785","FLOR DA SERRA DO SUL","PR","03/2024","1077","157","0"
"410785","FLOR DA SERRA DO SUL","PR","05/2024","1163","97","0"
"410785","FLOR DA SERRA DO SUL","PR","12/2024","1037","149","0"
"410785","FLOR DA SERRA DO SUL","PR","09/2024","1098","134","0"
"410785","FLOR DA SERRA DO SUL","PR","01/2025","987","171","0"
"410785","FLOR DA SERRA DO SUL","PR","07/2024","1069","168","0"
"410785","FLOR DA SERRA DO SUL","PR","08/2024","1063","159","0"
"410785","FLOR DA SERRA DO SUL","PR","06/2024","1191","89","0"
"410785","FLOR DA SERRA DO SUL","PR","12/2025","745","182","0"
"410785","FLOR DA SERRA DO SUL","PR","09/2025","746","242","0"
"410785","FLOR DA SERRA DO SUL","PR","06/2025","973","166","0"
"410785","FLOR DA SERRA DO SUL","PR","11/2025","707","180","0"
"410785","FLOR DA SERRA DO SUL","PR","05/2025","975","169","0"
"410785","FLOR DA SERRA DO SUL","PR","10/2025","722","209","0"
"410785","FLOR DA SERRA DO SUL","PR","07/2025","794","246","0"
"410785","FLOR DA SERRA DO SUL","PR","02/2025","992","158","0"
"410785","FLOR DA SERRA DO SUL","PR","08/2025","758","252","0"
"410785","FLOR DA SERRA DO SUL","PR","03/2025","1013","166","0"
"410785","FLOR DA SERRA DO SUL","PR","04/2025","995","172","0"
"410785","FLOR DA SERRA DO SUL","PR","01/2026","688","157","0"
"410785","FLOR DA SERRA DO SUL","PR","02/2026","671","156","0"
"410785","FLOR DA SERRA DO SUL","PR","03/2026","653","136","0"
"410785","FLOR DA SERRA DO SUL","PR","04/2026","629","148","0"
"410785","FLOR DA SERRA DO SUL","PR","05/2026","612","159","0"
"410785","FLOR DA SERRA DO SUL","PR","06/2026","582","147","0"
"410785","FLOR DA SERRA DO SUL","PR","08/2026","593","133","0"
"410790","FLORESTA","PR","05/2026","1302","306","0"
"410790","FLORESTA","PR","02/2023","884","161","0"
"410790","FLORESTA","PR","06/2023","830","166","0"
"410790","FLORESTA","PR","12/2023","792","221","0"
"410790","FLORESTA","PR","01/2024","816","226","0"
"410790","FLORESTA","PR","10/2023","809","178","0"
"410790","FLORESTA","PR","04/2023","824","145","0"
"410790","FLORESTA","PR","07/2023","752","221","0"
"410790","FLORESTA","PR","03/2023","853","132","0"
"410790","FLORESTA","PR","05/2023","830","158","0"
"410790","FLORESTA","PR","08/2023","777","192","0"
"410790","FLORESTA","PR","09/2023","799","175","0"
"410790","FLORESTA","PR","11/2023","767","217","0"
"410790","FLORESTA","PR","08/2024","1175","179","0"
"410790","FLORESTA","PR","04/2024","811","229","0"
"410790","FLORESTA","PR","02/2024","824","217","0"
"410790","FLORESTA","PR","05/2024","813","219","0"
"410790","FLORESTA","PR","10/2024","1278","264","0"
"410790","FLORESTA","PR","07/2024","1134","192","0"
"410790","FLORESTA","PR","03/2024","775","250","0"
"410790","FLORESTA","PR","06/2026","1254","324","0"
"410790","FLORESTA","PR","12/2024","1304","272","0"
"410790","FLORESTA","PR","08/2026","1205","343","0"
"410790","FLORESTA","PR","06/2024","857","226","0"
"410790","FLORESTA","PR","01/2025","1225","346","0"
"410790","FLORESTA","PR","09/2024","1205","186","0"
"410790","FLORESTA","PR","11/2024","1312","263","0"
"410790","FLORESTA","PR","05/2025","1247","392","0"
"410790","FLORESTA","PR","09/2025","1266","289","0"
"410790","FLORESTA","PR","04/2025","1242","392","0"
"410790","FLORESTA","PR","12/2025","1282","308","0"
"410790","FLORESTA","PR","07/2025","1282","425","0"
"410790","FLORESTA","PR","10/2025","1277","322","0"
"410790","FLORESTA","PR","11/2025","1290","305","0"
"410790","FLORESTA","PR","01/2026","1298","286","0"
"410790","FLORESTA","PR","08/2025","1266","420","0"
"410790","FLORESTA","PR","02/2025","1255","350","0"
"410790","FLORESTA","PR","03/2025","1241","389","0"
"410790","FLORESTA","PR","06/2025","1275","385","0"
"410790","FLORESTA","PR","02/2026","1292","306","0"
"410790","FLORESTA","PR","03/2026","1301","314","0"
"410790","FLORESTA","PR","04/2026","1316","297","0"
"410800","FLORESTÓPOLIS","PR","04/2023","3772","64","0"
"410800","FLORESTÓPOLIS","PR","11/2023","2973","634","0"
"410800","FLORESTÓPOLIS","PR","06/2023","3760","65","0"
"410800","FLORESTÓPOLIS","PR","08/2023","3176","530","0"
"410800","FLORESTÓPOLIS","PR","10/2023","3210","474","0"
"410800","FLORESTÓPOLIS","PR","05/2023","3778","62","0"
"410800","FLORESTÓPOLIS","PR","01/2024","3021","554","0"
"410800","FLORESTÓPOLIS","PR","03/2023","3787","70","0"
"410800","FLORESTÓPOLIS","PR","07/2023","3139","550","0"
"410800","FLORESTÓPOLIS","PR","09/2023","3216","482","0"
"410800","FLORESTÓPOLIS","PR","02/2023","4161","85","0"
"410800","FLORESTÓPOLIS","PR","12/2023","2977","616","0"
"410800","FLORESTÓPOLIS","PR","12/2024","3065","538","0"
"410800","FLORESTÓPOLIS","PR","02/2024","3023","539","0"
"410800","FLORESTÓPOLIS","PR","06/2024","2926","476","0"
"410800","FLORESTÓPOLIS","PR","07/2024","2974","587","0"
"410800","FLORESTÓPOLIS","PR","10/2024","3021","559","0"
"410800","FLORESTÓPOLIS","PR","01/2025","2922","625","0"
"410800","FLORESTÓPOLIS","PR","04/2024","2961","551","0"
"410800","FLORESTÓPOLIS","PR","05/2024","2927","509","0"
"410800","FLORESTÓPOLIS","PR","09/2024","3016","530","0"
"410800","FLORESTÓPOLIS","PR","11/2024","3040","546","0"
"410800","FLORESTÓPOLIS","PR","03/2024","2907","600","0"
"410800","FLORESTÓPOLIS","PR","08/2024","2994","575","0"
"410800","FLORESTÓPOLIS","PR","08/2025","2765","477","0"
"410800","FLORESTÓPOLIS","PR","02/2025","2931","620","0"
"410800","FLORESTÓPOLIS","PR","06/2025","2951","637","0"
"410800","FLORESTÓPOLIS","PR","01/2026","2843","388","0"
"410800","FLORESTÓPOLIS","PR","09/2025","2738","451","0"
"410800","FLORESTÓPOLIS","PR","05/2025","2946","638","0"
"410800","FLORESTÓPOLIS","PR","11/2025","2679","405","0"
"410800","FLORESTÓPOLIS","PR","12/2025","2855","387","0"
"410800","FLORESTÓPOLIS","PR","03/2025","2935","654","0"
"410800","FLORESTÓPOLIS","PR","07/2025","2832","466","0"
"410800","FLORESTÓPOLIS","PR","04/2025","2946","638","0"
"410800","FLORESTÓPOLIS","PR","10/2025","2703","411","0"
"410800","FLORESTÓPOLIS","PR","02/2026","2819","406","0"
"410800","FLORESTÓPOLIS","PR","03/2026","2775","375","0"
"410800","FLORESTÓPOLIS","PR","04/2026","2969","358","0"
"410800","FLORESTÓPOLIS","PR","05/2026","2964","335","0"
"410800","FLORESTÓPOLIS","PR","06/2026","3017","351","0"
"410800","FLORESTÓPOLIS","PR","08/2026","3042","317","0"
"410810","FLÓRIDA","PR","02/2023","565","39","0"
"410810","FLÓRIDA","PR","06/2026","300","104","0"
"410810","FLÓRIDA","PR","05/2026","300","102","0"
"410810","FLÓRIDA","PR","04/2026","298","115","0"
"410810","FLÓRIDA","PR","03/2026","296","118","0"
"410810","FLÓRIDA","PR","02/2026","293","106","0"
"410810","FLÓRIDA","PR","08/2025","284","122","0"
"410810","FLÓRIDA","PR","10/2025","262","121","0"
"410810","FLÓRIDA","PR","02/2025","338","146","0"
"410810","FLÓRIDA","PR","12/2025","306","99","0"
"410810","FLÓRIDA","PR","01/2026","302","102","0"
"410810","FLÓRIDA","PR","11/2025","270","103","0"
"410810","FLÓRIDA","PR","07/2025","300","115","0"
"410810","FLÓRIDA","PR","06/2025","319","124","0"
"410810","FLÓRIDA","PR","04/2025","319","134","0"
"410810","FLÓRIDA","PR","05/2025","319","126","0"
"410810","FLÓRIDA","PR","03/2025","316","155","0"
"410810","FLÓRIDA","PR","09/2025","275","128","0"
"410810","FLÓRIDA","PR","08/2024","344","146","0"
"410810","FLÓRIDA","PR","10/2024","347","153","0"
"410810","FLÓRIDA","PR","09/2024","349","142","0"
"410810","FLÓRIDA","PR","06/2024","339","128","0"
"410810","FLÓRIDA","PR","05/2024","335","138","0"
"410810","FLÓRIDA","PR","01/2025","324","160","0"
"410810","FLÓRIDA","PR","12/2024","333","159","0"
"410810","FLÓRIDA","PR","07/2024","340","148","0"
"410810","FLÓRIDA","PR","02/2024","390","122","0"
"410810","FLÓRIDA","PR","08/2026","306","106","0"
"410810","FLÓRIDA","PR","03/2024","373","135","0"
"410810","FLÓRIDA","PR","04/2024","348","153","0"
"410810","FLÓRIDA","PR","11/2024","322","153","0"
"410810","FLÓRIDA","PR","08/2023","422","111","0"
"410810","FLÓRIDA","PR","01/2024","396","122","0"
"410810","FLÓRIDA","PR","07/2023","400","136","0"
"410810","FLÓRIDA","PR","12/2023","402","121","0"
"410810","FLÓRIDA","PR","10/2023","414","118","0"
"410810","FLÓRIDA","PR","03/2023","532","36","0"
"410810","FLÓRIDA","PR","04/2023","513","46","0"
"410810","FLÓRIDA","PR","09/2023","420","115","0"
"410810","FLÓRIDA","PR","05/2023","489","60","0"
"410810","FLÓRIDA","PR","11/2023","397","126","0"
"410810","FLÓRIDA","PR","06/2023","486","67","0"
"410820","FORMOSA DO OESTE","PR","02/2023","616","131","0"
"410820","FORMOSA DO OESTE","PR","12/2023","537","196","0"
"410820","FORMOSA DO OESTE","PR","01/2024","565","188","0"
"410820","FORMOSA DO OESTE","PR","11/2023","541","195","0"
"410820","FORMOSA DO OESTE","PR","06/2023","531","153","0"
"410820","FORMOSA DO OESTE","PR","07/2023","517","207","0"
"410820","FORMOSA DO OESTE","PR","08/2023","535","178","0"
"410820","FORMOSA DO OESTE","PR","03/2023","599","112","0"
"410820","FORMOSA DO OESTE","PR","09/2023","562","157","0"
"410820","FORMOSA DO OESTE","PR","05/2023","553","130","0"
"410820","FORMOSA DO OESTE","PR","10/2023","570","161","0"
"410820","FORMOSA DO OESTE","PR","04/2023","579","115","0"
"410820","FORMOSA DO OESTE","PR","11/2024","526","216","0"
"410820","FORMOSA DO OESTE","PR","02/2024","556","176","0"
"410820","FORMOSA DO OESTE","PR","12/2024","509","225","0"
"410820","FORMOSA DO OESTE","PR","06/2024","565","201","0"
"410820","FORMOSA DO OESTE","PR","05/2024","567","189","0"
"410820","FORMOSA DO OESTE","PR","03/2024","531","183","0"
"410820","FORMOSA DO OESTE","PR","07/2024","517","226","0"
"410820","FORMOSA DO OESTE","PR","09/2024","514","213","0"
"410820","FORMOSA DO OESTE","PR","01/2025","457","245","0"
"410820","FORMOSA DO OESTE","PR","10/2024","535","217","0"
"410820","FORMOSA DO OESTE","PR","08/2024","536","215","0"
"410820","FORMOSA DO OESTE","PR","04/2024","522","199","0"
"410820","FORMOSA DO OESTE","PR","02/2025","456","251","0"
"410820","FORMOSA DO OESTE","PR","06/2025","448","211","0"
"410820","FORMOSA DO OESTE","PR","01/2026","411","192","0"
"410820","FORMOSA DO OESTE","PR","08/2025","417","205","0"
"410820","FORMOSA DO OESTE","PR","10/2025","395","206","0"
"410820","FORMOSA DO OESTE","PR","05/2025","448","222","0"
"410820","FORMOSA DO OESTE","PR","11/2025","403","187","0"
"410820","FORMOSA DO OESTE","PR","07/2025","434","212","0"
"410820","FORMOSA DO OESTE","PR","03/2025","464","241","0"
"410820","FORMOSA DO OESTE","PR","12/2025","404","176","0"
"410820","FORMOSA DO OESTE","PR","09/2025","404","208","0"
"410820","FORMOSA DO OESTE","PR","04/2025","459","242","0"
"410820","FORMOSA DO OESTE","PR","02/2026","429","206","0"
"410820","FORMOSA DO OESTE","PR","03/2026","434","199","0"
"410820","FORMOSA DO OESTE","PR","04/2026","427","195","0"
"410820","FORMOSA DO OESTE","PR","05/2026","431","193","0"
"410820","FORMOSA DO OESTE","PR","06/2026","426","177","0"
"410820","FORMOSA DO OESTE","PR","08/2026","409","171","0"
"410830","FOZ DO IGUAÇU","PR","06/2026","42886","9979","0"
"410830","FOZ DO IGUAÇU","PR","12/2023","48385","11130","0"
"410830","FOZ DO IGUAÇU","PR","04/2023","50595","3941","0"
"410830","FOZ DO IGUAÇU","PR","02/2023","52193","4468","0"
"410830","FOZ DO IGUAÇU","PR","06/2023","49970","4386","0"
"410830","FOZ DO IGUAÇU","PR","05/2023","50134","4225","0"
"410830","FOZ DO IGUAÇU","PR","01/2024","48467","10872","0"
"410830","FOZ DO IGUAÇU","PR","03/2023","50785","4004","0"
"410830","FOZ DO IGUAÇU","PR","07/2023","43036","10224","0"
"410830","FOZ DO IGUAÇU","PR","10/2023","50940","9017","0"
"410830","FOZ DO IGUAÇU","PR","08/2023","48490","9441","0"
"410830","FOZ DO IGUAÇU","PR","09/2023","49838","9152","0"
"410830","FOZ DO IGUAÇU","PR","11/2023","47891","11344","0"
"410830","FOZ DO IGUAÇU","PR","11/2024","44377","12347","0"
"410830","FOZ DO IGUAÇU","PR","02/2024","49350","10652","0"
"410830","FOZ DO IGUAÇU","PR","03/2024","46353","12412","0"
"410830","FOZ DO IGUAÇU","PR","12/2024","45623","11963","0"
"410830","FOZ DO IGUAÇU","PR","04/2024","46202","12282","0"
"410830","FOZ DO IGUAÇU","PR","01/2025","43925","12858","0"
"410830","FOZ DO IGUAÇU","PR","05/2024","45783","11879","0"
"410830","FOZ DO IGUAÇU","PR","06/2024","47541","11414","0"
"410830","FOZ DO IGUAÇU","PR","07/2024","44639","13022","0"
"410830","FOZ DO IGUAÇU","PR","08/2024","44553","12610","0"
"410830","FOZ DO IGUAÇU","PR","10/2024","44285","12833","0"
"410830","FOZ DO IGUAÇU","PR","09/2024","44771","12169","0"
"410830","FOZ DO IGUAÇU","PR","02/2025","44563","12665","0"
"410830","FOZ DO IGUAÇU","PR","01/2026","41255","9939","0"
"410830","FOZ DO IGUAÇU","PR","10/2025","41457","10700","0"
"410830","FOZ DO IGUAÇU","PR","07/2025","42478","11207","0"
"410830","FOZ DO IGUAÇU","PR","03/2025","44167","13301","0"
"410830","FOZ DO IGUAÇU","PR","06/2025","44272","12685","0"
"410830","FOZ DO IGUAÇU","PR","09/2025","42149","10879","0"
"410830","FOZ DO IGUAÇU","PR","11/2025","40994","10061","0"
"410830","FOZ DO IGUAÇU","PR","08/2025","42784","11110","0"
"410830","FOZ DO IGUAÇU","PR","12/2025","41234","9416","0"
"410830","FOZ DO IGUAÇU","PR","05/2025","44234","12806","0"
"410830","FOZ DO IGUAÇU","PR","04/2025","44333","12921","0"
"410830","FOZ DO IGUAÇU","PR","02/2026","41532","10643","0"
"410830","FOZ DO IGUAÇU","PR","03/2026","43151","9990","0"
"410830","FOZ DO IGUAÇU","PR","04/2026","43240","10056","0"
"410830","FOZ DO IGUAÇU","PR","05/2026","42955","9938","0"
"410830","FOZ DO IGUAÇU","PR","08/2026","42638","9628","0"
"410832","FRANCISCO ALVES","PR","06/2026","1048","323","0"
"410832","FRANCISCO ALVES","PR","05/2026","1038","319","0"
"410832","FRANCISCO ALVES","PR","04/2026","1049","321","0"
"410832","FRANCISCO ALVES","PR","03/2026","965","319","0"
"410832","FRANCISCO ALVES","PR","02/2026","971","358","0"
"410832","FRANCISCO ALVES","PR","06/2025","1020","456","0"
"410832","FRANCISCO ALVES","PR","04/2025","1010","463","0"
"410832","FRANCISCO ALVES","PR","03/2025","1005","462","0"
"410832","FRANCISCO ALVES","PR","01/2026","1006","338","0"
"410832","FRANCISCO ALVES","PR","05/2025","1010","456","0"
"410832","FRANCISCO ALVES","PR","10/2025","965","338","0"
"410832","FRANCISCO ALVES","PR","02/2025","954","457","0"
"410832","FRANCISCO ALVES","PR","07/2025","975","364","0"
"410832","FRANCISCO ALVES","PR","11/2025","937","347","0"
"410832","FRANCISCO ALVES","PR","08/2025","989","346","0"
"410832","FRANCISCO ALVES","PR","09/2025","969","358","0"
"410832","FRANCISCO ALVES","PR","12/2025","1011","330","0"
"410832","FRANCISCO ALVES","PR","05/2024","1148","441","0"
"410832","FRANCISCO ALVES","PR","08/2024","1079","467","0"
"410832","FRANCISCO ALVES","PR","11/2024","1015","469","0"
"410832","FRANCISCO ALVES","PR","09/2024","1085","445","0"
"410832","FRANCISCO ALVES","PR","12/2024","1040","442","0"
"410832","FRANCISCO ALVES","PR","07/2024","1076","477","0"
"410832","FRANCISCO ALVES","PR","10/2024","997","479","0"
"410832","FRANCISCO ALVES","PR","01/2025","964","464","0"
"410832","FRANCISCO ALVES","PR","06/2024","1170","426","0"
"410832","FRANCISCO ALVES","PR","04/2024","1121","455","0"
"410832","FRANCISCO ALVES","PR","03/2024","1107","462","0"
"410832","FRANCISCO ALVES","PR","02/2024","1198","395","0"
"410832","FRANCISCO ALVES","PR","07/2023","1234","365","0"
"410832","FRANCISCO ALVES","PR","01/2024","1206","402","0"
"410832","FRANCISCO ALVES","PR","06/2023","1484","133","0"
"410832","FRANCISCO ALVES","PR","09/2023","1323","334","0"
"410832","FRANCISCO ALVES","PR","08/2023","1311","342","0"
"410832","FRANCISCO ALVES","PR","03/2023","1505","126","0"
"410832","FRANCISCO ALVES","PR","05/2023","1497","128","0"
"410832","FRANCISCO ALVES","PR","11/2023","1212","419","0"
"410832","FRANCISCO ALVES","PR","12/2023","1216","411","0"
"410832","FRANCISCO ALVES","PR","02/2023","1637","141","0"
"410832","FRANCISCO ALVES","PR","04/2023","1525","114","0"
"410832","FRANCISCO ALVES","PR","10/2023","1334","337","0"
"410832","FRANCISCO ALVES","PR","08/2026","1063","308","0"
"410840","FRANCISCO BELTRÃO","PR","11/2025","3553","1925","0"
"410840","FRANCISCO BELTRÃO","PR","05/2023","6353","1939","0"
"410840","FRANCISCO BELTRÃO","PR","12/2023","5285","2721","0"
"410840","FRANCISCO BELTRÃO","PR","08/2023","5661","2636","0"
"410840","FRANCISCO BELTRÃO","PR","09/2023","5755","2554","0"
"410840","FRANCISCO BELTRÃO","PR","10/2023","5731","2521","0"
"410840","FRANCISCO BELTRÃO","PR","07/2023","5545","2831","0"
"410840","FRANCISCO BELTRÃO","PR","03/2023","6581","1785","0"
"410840","FRANCISCO BELTRÃO","PR","11/2023","5215","2748","0"
"410840","FRANCISCO BELTRÃO","PR","02/2023","7002","1818","0"
"410840","FRANCISCO BELTRÃO","PR","04/2023","6519","1861","0"
"410840","FRANCISCO BELTRÃO","PR","06/2023","6126","2130","0"
"410840","FRANCISCO BELTRÃO","PR","01/2024","5122","2689","0"
"410840","FRANCISCO BELTRÃO","PR","04/2024","4992","2795","0"
"410840","FRANCISCO BELTRÃO","PR","11/2024","4336","2695","0"
"410840","FRANCISCO BELTRÃO","PR","01/2025","4305","2563","0"
"410840","FRANCISCO BELTRÃO","PR","05/2024","5013","2666","0"
"410840","FRANCISCO BELTRÃO","PR","12/2024","4497","2572","0"
"410840","FRANCISCO BELTRÃO","PR","06/2024","5056","2581","0"
"410840","FRANCISCO BELTRÃO","PR","10/2024","4414","2806","0"
"410840","FRANCISCO BELTRÃO","PR","03/2024","4824","2965","0"
"410840","FRANCISCO BELTRÃO","PR","07/2024","4527","2910","0"
"410840","FRANCISCO BELTRÃO","PR","02/2024","5246","2710","0"
"410840","FRANCISCO BELTRÃO","PR","09/2024","4442","2772","0"
"410840","FRANCISCO BELTRÃO","PR","08/2024","4498","2828","0"
"410840","FRANCISCO BELTRÃO","PR","01/2026","3608","1876","0"
"410840","FRANCISCO BELTRÃO","PR","10/2025","3613","2124","0"
"410840","FRANCISCO BELTRÃO","PR","09/2025","3733","2183","0"
"410840","FRANCISCO BELTRÃO","PR","08/2025","3851","2251","0"
"410840","FRANCISCO BELTRÃO","PR","03/2025","4274","2513","0"
"410840","FRANCISCO BELTRÃO","PR","04/2025","4296","2443","0"
"410840","FRANCISCO BELTRÃO","PR","06/2025","4184","2196","0"
"410840","FRANCISCO BELTRÃO","PR","12/2025","3675","1863","0"
"410840","FRANCISCO BELTRÃO","PR","07/2025","3767","2245","0"
"410840","FRANCISCO BELTRÃO","PR","05/2025","4206","2297","0"
"410840","FRANCISCO BELTRÃO","PR","02/2025","4388","2496","0"
"410840","FRANCISCO BELTRÃO","PR","02/2026","3772","1866","0"
"410840","FRANCISCO BELTRÃO","PR","03/2026","3809","1743","0"
"410840","FRANCISCO BELTRÃO","PR","04/2026","3755","1692","0"
"410840","FRANCISCO BELTRÃO","PR","05/2026","3770","1711","0"
"410840","FRANCISCO BELTRÃO","PR","06/2026","3826","1705","0"
"410840","FRANCISCO BELTRÃO","PR","08/2026","3757","1576","0"
"410845","FOZ DO JORDÃO","PR","06/2026","1234","226","0"
"410845","FOZ DO JORDÃO","PR","05/2026","1241","225","0"
"410845","FOZ DO JORDÃO","PR","08/2026","1256","202","0"
"410845","FOZ DO JORDÃO","PR","04/2026","1239","232","0"
"410845","FOZ DO JORDÃO","PR","03/2026","1106","243","0"
"410845","FOZ DO JORDÃO","PR","02/2026","1135","281","0"
"410845","FOZ DO JORDÃO","PR","08/2025","1249","290","0"
"410845","FOZ DO JORDÃO","PR","10/2025","1254","235","0"
"410845","FOZ DO JORDÃO","PR","11/2025","1218","244","0"
"410845","FOZ DO JORDÃO","PR","12/2025","1170","256","0"
"410845","FOZ DO JORDÃO","PR","05/2025","1310","300","0"
"410845","FOZ DO JORDÃO","PR","06/2025","1315","298","0"
"410845","FOZ DO JORDÃO","PR","07/2025","1304","264","0"
"410845","FOZ DO JORDÃO","PR","04/2025","1310","300","0"
"410845","FOZ DO JORDÃO","PR","03/2025","1319","302","0"
"410845","FOZ DO JORDÃO","PR","09/2025","1242","271","0"
"410845","FOZ DO JORDÃO","PR","02/2025","1347","297","0"
"410845","FOZ DO JORDÃO","PR","01/2026","1133","277","0"
"410845","FOZ DO JORDÃO","PR","08/2024","1467","273","0"
"410845","FOZ DO JORDÃO","PR","01/2025","1342","297","0"
"410845","FOZ DO JORDÃO","PR","05/2024","1591","246","0"
"410845","FOZ DO JORDÃO","PR","10/2024","1395","292","0"
"410845","FOZ DO JORDÃO","PR","12/2023","1603","194","0"
"410845","FOZ DO JORDÃO","PR","07/2024","1493","274","0"
"410845","FOZ DO JORDÃO","PR","09/2024","1485","240","0"
"410845","FOZ DO JORDÃO","PR","04/2024","1581","261","0"
"410845","FOZ DO JORDÃO","PR","06/2024","1597","250","0"
"410845","FOZ DO JORDÃO","PR","12/2024","1409","275","0"
"410845","FOZ DO JORDÃO","PR","03/2024","1572","264","0"
"410845","FOZ DO JORDÃO","PR","02/2024","1654","190","0"
"410845","FOZ DO JORDÃO","PR","11/2024","1408","286","0"
"410845","FOZ DO JORDÃO","PR","11/2023","1586","195","0"
"410845","FOZ DO JORDÃO","PR","10/2023","1690","137","0"
"410845","FOZ DO JORDÃO","PR","05/2023","1664","79","0"
"410845","FOZ DO JORDÃO","PR","02/2023","1605","102","0"
"410845","FOZ DO JORDÃO","PR","04/2023","1617","89","0"
"410845","FOZ DO JORDÃO","PR","07/2023","1554","193","0"
"410845","FOZ DO JORDÃO","PR","09/2023","1653","137","0"
"410845","FOZ DO JORDÃO","PR","08/2023","1573","175","0"
"410845","FOZ DO JORDÃO","PR","03/2023","1607","89","0"
"410845","FOZ DO JORDÃO","PR","01/2024","1612","192","0"
"410845","FOZ DO JORDÃO","PR","06/2023","1650","77","0"
"410850","GENERAL CARNEIRO","PR","04/2023","3503","265","0"
"410850","GENERAL CARNEIRO","PR","08/2023","3250","624","0"
"410850","GENERAL CARNEIRO","PR","12/2023","3265","729","0"
"410850","GENERAL CARNEIRO","PR","10/2023","3340","616","0"
"410850","GENERAL CARNEIRO","PR","11/2023","3194","743","0"
"410850","GENERAL CARNEIRO","PR","07/2023","3186","667","0"
"410850","GENERAL CARNEIRO","PR","03/2023","3508","263","0"
"410850","GENERAL CARNEIRO","PR","02/2023","3643","303","0"
"410850","GENERAL CARNEIRO","PR","09/2023","3291","617","0"
"410850","GENERAL CARNEIRO","PR","01/2024","3262","722","0"
"410850","GENERAL CARNEIRO","PR","08/2024","3082","814","0"
"410850","GENERAL CARNEIRO","PR","11/2024","2919","871","0"
"410850","GENERAL CARNEIRO","PR","02/2024","3281","698","0"
"410850","GENERAL CARNEIRO","PR","04/2024","3183","775","0"
"410850","GENERAL CARNEIRO","PR","03/2024","3169","787","0"
"410850","GENERAL CARNEIRO","PR","01/2025","2910","887","0"
"410850","GENERAL CARNEIRO","PR","09/2024","3046","797","0"
"410850","GENERAL CARNEIRO","PR","05/2024","3222","743","0"
"410850","GENERAL CARNEIRO","PR","10/2024","2937","869","0"
"410850","GENERAL CARNEIRO","PR","07/2024","3073","817","0"
"410850","GENERAL CARNEIRO","PR","12/2024","2984","842","0"
"410850","GENERAL CARNEIRO","PR","06/2024","3267","717","0"
"410850","GENERAL CARNEIRO","PR","01/2026","2476","853","0"
"410850","GENERAL CARNEIRO","PR","03/2025","2810","960","0"
"410850","GENERAL CARNEIRO","PR","12/2025","2536","839","0"
"410850","GENERAL CARNEIRO","PR","07/2025","2653","898","0"
"410850","GENERAL CARNEIRO","PR","11/2025","2528","851","0"
"410850","GENERAL CARNEIRO","PR","06/2025","2816","954","0"
"410850","GENERAL CARNEIRO","PR","10/2025","2584","929","0"
"410850","GENERAL CARNEIRO","PR","08/2025","2719","890","0"
"410850","GENERAL CARNEIRO","PR","05/2025","2819","953","0"
"410850","GENERAL CARNEIRO","PR","04/2025","2818","953","0"
"410850","GENERAL CARNEIRO","PR","02/2025","2893","895","0"
"410850","GENERAL CARNEIRO","PR","09/2025","2672","911","0"
"410850","GENERAL CARNEIRO","PR","02/2026","2418","856","0"
"410850","GENERAL CARNEIRO","PR","03/2026","2435","822","0"
"410850","GENERAL CARNEIRO","PR","04/2026","2414","824","0"
"410850","GENERAL CARNEIRO","PR","05/2026","2389","831","0"
"410850","GENERAL CARNEIRO","PR","06/2026","2404","811","0"
"410850","GENERAL CARNEIRO","PR","08/2026","2386","741","0"
"410850","GENERAL CARNEIRO","PR","06/2023","3521","294","0"
"410850","GENERAL CARNEIRO","PR","05/2023","3563","266","0"
"410855","GODOY MOREIRA","PR","07/2024","607","119","0"
"410855","GODOY MOREIRA","PR","08/2026","484","124","0"
"410855","GODOY MOREIRA","PR","06/2026","483","147","0"
"410855","GODOY MOREIRA","PR","05/2026","465","155","0"
"410855","GODOY MOREIRA","PR","04/2026","459","164","0"
"410855","GODOY MOREIRA","PR","03/2026","440","164","0"
"410855","GODOY MOREIRA","PR","02/2026","446","169","0"
"410855","GODOY MOREIRA","PR","04/2025","529","161","0"
"410855","GODOY MOREIRA","PR","08/2025","464","187","0"
"410855","GODOY MOREIRA","PR","09/2025","454","182","0"
"410855","GODOY MOREIRA","PR","07/2025","486","177","0"
"410855","GODOY MOREIRA","PR","11/2025","445","174","0"
"410855","GODOY MOREIRA","PR","05/2025","529","161","0"
"410855","GODOY MOREIRA","PR","10/2025","448","177","0"
"410855","GODOY MOREIRA","PR","03/2025","549","158","0"
"410855","GODOY MOREIRA","PR","01/2026","458","165","0"
"410855","GODOY MOREIRA","PR","02/2025","567","145","0"
"410855","GODOY MOREIRA","PR","12/2025","473","164","0"
"410855","GODOY MOREIRA","PR","06/2025","529","158","0"
"410855","GODOY MOREIRA","PR","08/2024","605","114","0"
"410855","GODOY MOREIRA","PR","10/2024","563","146","0"
"410855","GODOY MOREIRA","PR","11/2024","556","150","0"
"410855","GODOY MOREIRA","PR","01/2025","563","146","0"
"410855","GODOY MOREIRA","PR","05/2024","621","100","0"
"410855","GODOY MOREIRA","PR","09/2024","588","120","0"
"410855","GODOY MOREIRA","PR","06/2024","629","98","0"
"410855","GODOY MOREIRA","PR","02/2024","633","98","0"
"410855","GODOY MOREIRA","PR","03/2024","612","99","0"
"410855","GODOY MOREIRA","PR","04/2024","618","99","0"
"410855","GODOY MOREIRA","PR","12/2024","566","143","0"
"410855","GODOY MOREIRA","PR","12/2023","635","97","0"
"410855","GODOY MOREIRA","PR","01/2024","634","98","0"
"410855","GODOY MOREIRA","PR","05/2023","677","76","0"
"410855","GODOY MOREIRA","PR","07/2023","647","110","0"
"410855","GODOY MOREIRA","PR","03/2023","693","65","0"
"410855","GODOY MOREIRA","PR","02/2023","706","74","0"
"410855","GODOY MOREIRA","PR","09/2023","678","75","0"
"410855","GODOY MOREIRA","PR","10/2023","664","78","0"
"410855","GODOY MOREIRA","PR","11/2023","643","95","0"
"410855","GODOY MOREIRA","PR","04/2023","673","73","0"
"410855","GODOY MOREIRA","PR","08/2023","646","88","0"
"410855","GODOY MOREIRA","PR","06/2023","668","88","0"
"410860","GOIOERÊ","PR","07/2023","5538","951","0"
"410860","GOIOERÊ","PR","04/2023","6493","177","0"
"410860","GOIOERÊ","PR","09/2023","6062","883","0"
"410860","GOIOERÊ","PR","10/2023","6149","859","0"
"410860","GOIOERÊ","PR","03/2023","6534","179","0"
"410860","GOIOERÊ","PR","08/2023","5529","922","0"
"410860","GOIOERÊ","PR","12/2023","5734","1171","0"
"410860","GOIOERÊ","PR","04/2024","5308","1203","0"
"410860","GOIOERÊ","PR","12/2024","4627","1264","0"
"410860","GOIOERÊ","PR","09/2024","4852","1184","0"
"410860","GOIOERÊ","PR","05/2024","5195","1170","0"
"410860","GOIOERÊ","PR","11/2024","4635","1298","0"
"410860","GOIOERÊ","PR","08/2024","4817","1228","0"
"410860","GOIOERÊ","PR","10/2024","4593","1324","0"
"410860","GOIOERÊ","PR","02/2024","5630","1030","0"
"410860","GOIOERÊ","PR","03/2024","5316","1247","0"
"410860","GOIOERÊ","PR","01/2025","4437","1345","0"
"410860","GOIOERÊ","PR","06/2024","5158","1132","0"
"410860","GOIOERÊ","PR","07/2024","4812","1258","0"
"410860","GOIOERÊ","PR","04/2025","4287","1399","0"
"410860","GOIOERÊ","PR","03/2025","4255","1408","0"
"410860","GOIOERÊ","PR","02/2025","4418","1310","0"
"410860","GOIOERÊ","PR","09/2025","3917","1097","0"
"410860","GOIOERÊ","PR","12/2025","4273","917","0"
"410860","GOIOERÊ","PR","06/2025","4299","1405","0"
"410860","GOIOERÊ","PR","05/2025","4285","1399","0"
"410860","GOIOERÊ","PR","08/2025","4038","1097","0"
"410860","GOIOERÊ","PR","11/2025","3854","976","0"
"410860","GOIOERÊ","PR","10/2025","3855","1106","0"
"410860","GOIOERÊ","PR","07/2025","4129","1145","0"
"410860","GOIOERÊ","PR","01/2026","4259","959","0"
"410860","GOIOERÊ","PR","01/2024","5715","1096","0"
"410860","GOIOERÊ","PR","02/2026","4207","1023","0"
"410860","GOIOERÊ","PR","03/2026","4208","894","0"
"410860","GOIOERÊ","PR","04/2026","4182","885","0"
"410860","GOIOERÊ","PR","05/2026","4481","841","0"
"410860","GOIOERÊ","PR","06/2026","4733","843","0"
"410860","GOIOERÊ","PR","08/2026","4730","791","0"
"410860","GOIOERÊ","PR","02/2023","6792","199","0"
"410860","GOIOERÊ","PR","06/2023","6406","199","0"
"410860","GOIOERÊ","PR","11/2023","5735","1206","0"
"410860","GOIOERÊ","PR","05/2023","6470","179","0"
"410865","GOIOXIM","PR","11/2025","1740","562","0"
"410865","GOIOXIM","PR","09/2023","2468","257","0"
"410865","GOIOXIM","PR","01/2024","2378","321","0"
"410865","GOIOXIM","PR","08/2026","1683","478","0"
"410865","GOIOXIM","PR","05/2023","2568","90","0"
"410865","GOIOXIM","PR","04/2023","2552","103","0"
"410865","GOIOXIM","PR","11/2023","2348","344","0"
"410865","GOIOXIM","PR","08/2023","2407","278","0"
"410865","GOIOXIM","PR","02/2023","2513","113","0"
"410865","GOIOXIM","PR","12/2023","2364","341","0"
"410865","GOIOXIM","PR","03/2023","2531","103","0"
"410865","GOIOXIM","PR","07/2023","2375","290","0"
"410865","GOIOXIM","PR","10/2023","2481","257","0"
"410865","GOIOXIM","PR","06/2023","2523","108","0"
"410865","GOIOXIM","PR","04/2024","2345","358","0"
"410865","GOIOXIM","PR","02/2024","2360","321","0"
"410865","GOIOXIM","PR","06/2024","2413","308","0"
"410865","GOIOXIM","PR","12/2024","2196","413","0"
"410865","GOIOXIM","PR","07/2024","2252","412","0"
"410865","GOIOXIM","PR","10/2024","2248","413","0"
"410865","GOIOXIM","PR","09/2024","2280","360","0"
"410865","GOIOXIM","PR","05/2024","2365","328","0"
"410865","GOIOXIM","PR","01/2025","2144","474","0"
"410865","GOIOXIM","PR","11/2024","2239","407","0"
"410865","GOIOXIM","PR","03/2024","2309","379","0"
"410865","GOIOXIM","PR","08/2024","2232","406","0"
"410865","GOIOXIM","PR","10/2025","1748","593","0"
"410865","GOIOXIM","PR","08/2025","1819","596","0"
"410865","GOIOXIM","PR","07/2025","1926","549","0"
"410865","GOIOXIM","PR","06/2025","2103","497","0"
"410865","GOIOXIM","PR","01/2026","1749","582","0"
"410865","GOIOXIM","PR","12/2025","1797","575","0"
"410865","GOIOXIM","PR","02/2025","2138","465","0"
"410865","GOIOXIM","PR","05/2025","2090","494","0"
"410865","GOIOXIM","PR","09/2025","1773","605","0"
"410865","GOIOXIM","PR","03/2025","2137","482","0"
"410865","GOIOXIM","PR","04/2025","2093","501","0"
"410865","GOIOXIM","PR","02/2026","1727","576","0"
"410865","GOIOXIM","PR","03/2026","1704","560","0"
"410865","GOIOXIM","PR","04/2026","1757","530","0"
"410865","GOIOXIM","PR","05/2026","1752","516","0"
"410865","GOIOXIM","PR","06/2026","1711","534","0"
"410870","GRANDES RIOS","PR","05/2023","1700","174","0"
"410870","GRANDES RIOS","PR","12/2023","1532","395","0"
"410870","GRANDES RIOS","PR","03/2023","1736","153","0"
"410870","GRANDES RIOS","PR","06/2023","1658","214","0"
"410870","GRANDES RIOS","PR","02/2023","1786","171","0"
"410870","GRANDES RIOS","PR","09/2023","1582","358","0"
"410870","GRANDES RIOS","PR","07/2023","1528","391","0"
"410870","GRANDES RIOS","PR","11/2023","1561","382","0"
"410870","GRANDES RIOS","PR","08/2023","1535","361","0"
"410870","GRANDES RIOS","PR","04/2023","1735","163","0"
"410870","GRANDES RIOS","PR","10/2023","1600","349","0"
"410870","GRANDES RIOS","PR","01/2024","1554","387","0"
"410870","GRANDES RIOS","PR","12/2024","1419","412","0"
"410870","GRANDES RIOS","PR","05/2024","1528","329","0"
"410870","GRANDES RIOS","PR","02/2024","1575","355","0"
"410870","GRANDES RIOS","PR","04/2024","1510","367","0"
"410870","GRANDES RIOS","PR","09/2024","1462","337","0"
"410870","GRANDES RIOS","PR","01/2025","1326","466","0"
"410870","GRANDES RIOS","PR","10/2024","1390","406","0"
"410870","GRANDES RIOS","PR","07/2024","1479","339","0"
"410870","GRANDES RIOS","PR","06/2024","1519","319","0"
"410870","GRANDES RIOS","PR","11/2024","1390","415","0"
"410870","GRANDES RIOS","PR","03/2024","1537","382","0"
"410870","GRANDES RIOS","PR","08/2024","1465","343","0"
"410870","GRANDES RIOS","PR","02/2025","1336","455","0"
"410870","GRANDES RIOS","PR","04/2025","1311","467","0"
"410870","GRANDES RIOS","PR","07/2025","1254","418","0"
"410870","GRANDES RIOS","PR","06/2025","1311","442","0"
"410870","GRANDES RIOS","PR","09/2025","1257","382","0"
"410870","GRANDES RIOS","PR","10/2025","1257","358","0"
"410870","GRANDES RIOS","PR","11/2025","1251","309","0"
"410870","GRANDES RIOS","PR","12/2025","1267","305","0"
"410870","GRANDES RIOS","PR","01/2026","1240","318","0"
"410870","GRANDES RIOS","PR","08/2025","1259","416","0"
"410870","GRANDES RIOS","PR","03/2025","1312","471","0"
"410870","GRANDES RIOS","PR","05/2025","1311","463","0"
"410870","GRANDES RIOS","PR","02/2026","1246","316","0"
"410870","GRANDES RIOS","PR","03/2026","1261","307","0"
"410870","GRANDES RIOS","PR","04/2026","1256","317","0"
"410870","GRANDES RIOS","PR","05/2026","1263","312","0"
"410870","GRANDES RIOS","PR","06/2026","1246","307","0"
"410870","GRANDES RIOS","PR","08/2026","1242","268","0"
"410880","GUAÍRA","PR","02/2023","2997","814","0"
"410880","GUAÍRA","PR","08/2026","2204","917","0"
"410880","GUAÍRA","PR","06/2026","2103","989","0"
"410880","GUAÍRA","PR","05/2026","2038","993","0"
"410880","GUAÍRA","PR","04/2026","1999","1060","0"
"410880","GUAÍRA","PR","03/2026","1993","1079","0"
"410880","GUAÍRA","PR","02/2026","2002","1171","0"
"410880","GUAÍRA","PR","06/2025","2159","1239","0"
"410880","GUAÍRA","PR","05/2025","2169","1287","0"
"410880","GUAÍRA","PR","08/2025","2039","1290","0"
"410880","GUAÍRA","PR","12/2025","1986","1179","0"
"410880","GUAÍRA","PR","11/2025","2000","1197","0"
"410880","GUAÍRA","PR","10/2025","1997","1263","0"
"410880","GUAÍRA","PR","07/2025","2071","1282","0"
"410880","GUAÍRA","PR","01/2026","1945","1196","0"
"410880","GUAÍRA","PR","04/2025","2168","1332","0"
"410880","GUAÍRA","PR","03/2025","2161","1373","0"
"410880","GUAÍRA","PR","09/2025","2052","1248","0"
"410880","GUAÍRA","PR","02/2025","2180","1340","0"
"410880","GUAÍRA","PR","08/2024","2355","1418","0"
"410880","GUAÍRA","PR","01/2025","2170","1378","0"
"410880","GUAÍRA","PR","07/2024","2382","1437","0"
"410880","GUAÍRA","PR","06/2024","2650","1241","0"
"410880","GUAÍRA","PR","02/2024","2821","1236","0"
"410880","GUAÍRA","PR","10/2024","2231","1475","0"
"410880","GUAÍRA","PR","11/2024","2233","1445","0"
"410880","GUAÍRA","PR","09/2024","2323","1412","0"
"410880","GUAÍRA","PR","05/2024","2649","1294","0"
"410880","GUAÍRA","PR","12/2024","2247","1397","0"
"410880","GUAÍRA","PR","04/2024","2665","1373","0"
"410880","GUAÍRA","PR","03/2024","2648","1384","0"
"410880","GUAÍRA","PR","09/2023","2873","1149","0"
"410880","GUAÍRA","PR","01/2024","2789","1214","0"
"410880","GUAÍRA","PR","10/2023","2936","1127","0"
"410880","GUAÍRA","PR","04/2023","2964","844","0"
"410880","GUAÍRA","PR","07/2023","2784","1227","0"
"410880","GUAÍRA","PR","03/2023","2970","797","0"
"410880","GUAÍRA","PR","05/2023","2923","901","0"
"410880","GUAÍRA","PR","06/2023","2816","1000","0"
"410880","GUAÍRA","PR","08/2023","2826","1149","0"
"410880","GUAÍRA","PR","12/2023","2781","1204","0"
"410880","GUAÍRA","PR","11/2023","2769","1228","0"
"410890","GUAIRAÇÁ","PR","04/2023","1447","53","0"
"410890","GUAIRAÇÁ","PR","08/2023","1219","227","0"
"410890","GUAIRAÇÁ","PR","08/2026","1156","216","0"
"410890","GUAIRAÇÁ","PR","06/2026","1122","226","0"
"410890","GUAIRAÇÁ","PR","05/2026","1117","233","0"
"410890","GUAIRAÇÁ","PR","04/2026","1100","237","0"
"410890","GUAIRAÇÁ","PR","03/2026","1082","229","0"
"410890","GUAIRAÇÁ","PR","02/2026","1087","259","0"
"410890","GUAIRAÇÁ","PR","04/2025","1124","418","0"
"410890","GUAIRAÇÁ","PR","08/2025","1068","306","0"
"410890","GUAIRAÇÁ","PR","11/2025","1054","255","0"
"410890","GUAIRAÇÁ","PR","01/2026","1106","253","0"
"410890","GUAIRAÇÁ","PR","07/2025","1096","305","0"
"410890","GUAIRAÇÁ","PR","12/2025","1135","248","0"
"410890","GUAIRAÇÁ","PR","06/2025","1124","418","0"
"410890","GUAIRAÇÁ","PR","05/2025","1124","418","0"
"410890","GUAIRAÇÁ","PR","02/2025","1174","389","0"
"410890","GUAIRAÇÁ","PR","03/2025","1115","430","0"
"410890","GUAIRAÇÁ","PR","10/2025","1069","292","0"
"410890","GUAIRAÇÁ","PR","09/2025","1078","282","0"
"410890","GUAIRAÇÁ","PR","05/2024","1236","339","0"
"410890","GUAIRAÇÁ","PR","02/2024","1352","288","0"
"410890","GUAIRAÇÁ","PR","01/2025","1156","396","0"
"410890","GUAIRAÇÁ","PR","06/2024","1239","342","0"
"410890","GUAIRAÇÁ","PR","04/2024","1240","357","0"
"410890","GUAIRAÇÁ","PR","12/2024","1224","364","0"
"410890","GUAIRAÇÁ","PR","03/2024","1254","383","0"
"410890","GUAIRAÇÁ","PR","10/2024","1208","391","0"
"410890","GUAIRAÇÁ","PR","09/2024","1222","364","0"
"410890","GUAIRAÇÁ","PR","07/2024","1208","408","0"
"410890","GUAIRAÇÁ","PR","08/2024","1206","372","0"
"410890","GUAIRAÇÁ","PR","11/2024","1211","384","0"
"410890","GUAIRAÇÁ","PR","09/2023","1217","226","0"
"410890","GUAIRAÇÁ","PR","05/2023","1434","57","0"
"410890","GUAIRAÇÁ","PR","07/2023","1202","249","0"
"410890","GUAIRAÇÁ","PR","02/2023","1513","58","0"
"410890","GUAIRAÇÁ","PR","03/2023","1440","46","0"
"410890","GUAIRAÇÁ","PR","01/2024","1357","291","0"
"410890","GUAIRAÇÁ","PR","11/2023","1377","320","0"
"410890","GUAIRAÇÁ","PR","10/2023","1495","220","0"
"410890","GUAIRAÇÁ","PR","12/2023","1369","309","0"
"410890","GUAIRAÇÁ","PR","06/2023","1440","57","0"
"410895","GUAMIRANGA","PR","11/2024","1429","359","0"
"410895","GUAMIRANGA","PR","01/2024","1531","361","0"
"410895","GUAMIRANGA","PR","03/2023","1604","174","0"
"410895","GUAMIRANGA","PR","12/2023","1529","365","0"
"410895","GUAMIRANGA","PR","04/2023","1634","164","0"
"410895","GUAMIRANGA","PR","06/2023","1577","203","0"
"410895","GUAMIRANGA","PR","08/2023","1551","264","0"
"410895","GUAMIRANGA","PR","10/2023","1609","278","0"
"410895","GUAMIRANGA","PR","07/2023","1533","291","0"
"410895","GUAMIRANGA","PR","02/2023","1657","174","0"
"410895","GUAMIRANGA","PR","09/2023","1581","257","0"
"410895","GUAMIRANGA","PR","05/2023","1616","180","0"
"410895","GUAMIRANGA","PR","11/2023","1512","357","0"
"410895","GUAMIRANGA","PR","04/2024","1523","346","0"
"410895","GUAMIRANGA","PR","12/2024","1456","362","0"
"410895","GUAMIRANGA","PR","07/2024","1463","364","0"
"410895","GUAMIRANGA","PR","05/2024","1525","354","0"
"410895","GUAMIRANGA","PR","10/2024","1401","388","0"
"410895","GUAMIRANGA","PR","06/2024","1519","342","0"
"410895","GUAMIRANGA","PR","03/2024","1528","356","0"
"410895","GUAMIRANGA","PR","01/2025","1406","381","0"
"410895","GUAMIRANGA","PR","09/2024","1411","369","0"
"410895","GUAMIRANGA","PR","02/2024","1548","355","0"
"410895","GUAMIRANGA","PR","08/2024","1438","365","0"
"410895","GUAMIRANGA","PR","03/2025","1403","383","0"
"410895","GUAMIRANGA","PR","12/2025","1260","329","0"
"410895","GUAMIRANGA","PR","05/2025","1402","383","0"
"410895","GUAMIRANGA","PR","09/2025","1272","389","0"
"410895","GUAMIRANGA","PR","06/2025","1407","369","0"
"410895","GUAMIRANGA","PR","08/2025","1302","388","0"
"410895","GUAMIRANGA","PR","01/2026","1265","323","0"
"410895","GUAMIRANGA","PR","02/2025","1385","379","0"
"410895","GUAMIRANGA","PR","10/2025","1270","356","0"
"410895","GUAMIRANGA","PR","11/2025","1270","336","0"
"410895","GUAMIRANGA","PR","07/2025","1310","391","0"
"410895","GUAMIRANGA","PR","04/2025","1403","393","0"
"410895","GUAMIRANGA","PR","02/2026","1273","336","0"
"410895","GUAMIRANGA","PR","03/2026","1278","297","0"
"410895","GUAMIRANGA","PR","04/2026","1264","316","0"
"410895","GUAMIRANGA","PR","05/2026","1267","299","0"
"410895","GUAMIRANGA","PR","06/2026","1260","293","0"
"410895","GUAMIRANGA","PR","08/2026","1259","265","0"
"410900","GUAPIRAMA","PR","08/2026","543","211","0"
"410900","GUAPIRAMA","PR","11/2023","564","245","0"
"410900","GUAPIRAMA","PR","05/2023","486","267","0"
"410900","GUAPIRAMA","PR","08/2023","496","276","0"
"410900","GUAPIRAMA","PR","06/2023","473","267","0"
"410900","GUAPIRAMA","PR","07/2023","461","322","0"
"410900","GUAPIRAMA","PR","12/2023","569","242","0"
"410900","GUAPIRAMA","PR","02/2023","486","271","0"
"410900","GUAPIRAMA","PR","10/2023","556","263","0"
"410900","GUAPIRAMA","PR","01/2024","552","252","0"
"410900","GUAPIRAMA","PR","04/2023","464","254","0"
"410900","GUAPIRAMA","PR","03/2023","475","237","0"
"410900","GUAPIRAMA","PR","09/2023","522","281","0"
"410900","GUAPIRAMA","PR","11/2024","617","224","0"
"410900","GUAPIRAMA","PR","02/2024","548","270","0"
"410900","GUAPIRAMA","PR","05/2024","561","279","0"
"410900","GUAPIRAMA","PR","07/2024","568","295","0"
"410900","GUAPIRAMA","PR","10/2024","596","232","0"
"410900","GUAPIRAMA","PR","03/2024","502","317","0"
"410900","GUAPIRAMA","PR","01/2025","623","231","0"
"410900","GUAPIRAMA","PR","04/2024","537","294","0"
"410900","GUAPIRAMA","PR","12/2024","644","212","0"
"410900","GUAPIRAMA","PR","06/2024","608","260","0"
"410900","GUAPIRAMA","PR","09/2024","571","258","0"
"410900","GUAPIRAMA","PR","08/2024","564","295","0"
"410900","GUAPIRAMA","PR","10/2025","547","259","0"
"410900","GUAPIRAMA","PR","04/2025","636","197","0"
"410900","GUAPIRAMA","PR","11/2025","515","266","0"
"410900","GUAPIRAMA","PR","09/2025","593","226","0"
"410900","GUAPIRAMA","PR","06/2025","640","198","0"
"410900","GUAPIRAMA","PR","12/2025","578","265","0"
"410900","GUAPIRAMA","PR","02/2025","630","217","0"
"410900","GUAPIRAMA","PR","01/2026","570","259","0"
"410900","GUAPIRAMA","PR","08/2025","603","235","0"
"410900","GUAPIRAMA","PR","03/2025","637","217","0"
"410900","GUAPIRAMA","PR","07/2025","566","245","0"
"410900","GUAPIRAMA","PR","05/2025","630","194","0"
"410900","GUAPIRAMA","PR","02/2026","555","266","0"
"410900","GUAPIRAMA","PR","03/2026","573","245","0"
"410900","GUAPIRAMA","PR","04/2026","566","233","0"
"410900","GUAPIRAMA","PR","05/2026","557","225","0"
"410900","GUAPIRAMA","PR","06/2026","557","207","0"
"410910","GUAPOREMA","PR","07/2024","324","60","0"
"410910","GUAPOREMA","PR","06/2023","336","35","0"
"410910","GUAPOREMA","PR","08/2023","289","65","0"
"410910","GUAPOREMA","PR","05/2023","346","27","0"
"410910","GUAPOREMA","PR","12/2023","313","58","0"
"410910","GUAPOREMA","PR","07/2023","292","68","0"
"410910","GUAPOREMA","PR","09/2023","281","60","0"
"410910","GUAPOREMA","PR","02/2023","393","35","0"
"410910","GUAPOREMA","PR","03/2023","360","23","0"
"410910","GUAPOREMA","PR","11/2023","318","62","0"
"410910","GUAPOREMA","PR","01/2024","307","58","0"
"410910","GUAPOREMA","PR","04/2023","354","25","0"
"410910","GUAPOREMA","PR","10/2023","283","52","0"
"410910","GUAPOREMA","PR","04/2024","292","55","0"
"410910","GUAPOREMA","PR","08/2024","319","58","0"
"410910","GUAPOREMA","PR","03/2024","288","63","0"
"410910","GUAPOREMA","PR","06/2024","294","47","0"
"410910","GUAPOREMA","PR","02/2024","295","60","0"
"410910","GUAPOREMA","PR","05/2024","292","57","0"
"410910","GUAPOREMA","PR","12/2024","294","68","0"
"410910","GUAPOREMA","PR","01/2025","281","64","0"
"410910","GUAPOREMA","PR","09/2024","308","59","0"
"410910","GUAPOREMA","PR","10/2024","302","76","0"
"410910","GUAPOREMA","PR","11/2024","300","74","0"
"410910","GUAPOREMA","PR","11/2025","230","66","0"
"410910","GUAPOREMA","PR","08/2025","251","73","0"
"410910","GUAPOREMA","PR","09/2025","248","71","0"
"410910","GUAPOREMA","PR","06/2025","271","78","0"
"410910","GUAPOREMA","PR","12/2025","243","67","0"
"410910","GUAPOREMA","PR","02/2025","282","64","0"
"410910","GUAPOREMA","PR","10/2025","238","73","0"
"410910","GUAPOREMA","PR","07/2025","251","83","0"
"410910","GUAPOREMA","PR","04/2025","262","78","0"
"410910","GUAPOREMA","PR","03/2025","267","80","0"
"410910","GUAPOREMA","PR","05/2025","262","78","0"
"410910","GUAPOREMA","PR","01/2026","233","63","0"
"410910","GUAPOREMA","PR","02/2026","231","65","0"
"410910","GUAPOREMA","PR","03/2026","238","64","0"
"410910","GUAPOREMA","PR","04/2026","239","67","0"
"410910","GUAPOREMA","PR","05/2026","245","63","0"
"410910","GUAPOREMA","PR","06/2026","242","68","0"
"410910","GUAPOREMA","PR","08/2026","241","60","0"
"410920","GUARACI","PR","06/2023","956","15","0"
"410920","GUARACI","PR","09/2023","903","139","0"
"410920","GUARACI","PR","10/2023","903","126","0"
"410920","GUARACI","PR","03/2023","961","15","0"
"410920","GUARACI","PR","05/2023","967","15","0"
"410920","GUARACI","PR","08/2023","806","153","0"
"410920","GUARACI","PR","02/2023","1052","15","0"
"410920","GUARACI","PR","12/2023","901","145","0"
"410920","GUARACI","PR","11/2023","905","149","0"
"410920","GUARACI","PR","04/2023","959","15","0"
"410920","GUARACI","PR","07/2023","800","163","0"
"410920","GUARACI","PR","01/2024","898","149","0"
"410920","GUARACI","PR","11/2024","826","212","0"
"410920","GUARACI","PR","03/2024","840","193","0"
"410920","GUARACI","PR","12/2024","799","206","0"
"410920","GUARACI","PR","02/2024","879","144","0"
"410920","GUARACI","PR","05/2024","859","191","0"
"410920","GUARACI","PR","07/2024","838","196","0"
"410920","GUARACI","PR","09/2024","852","198","0"
"410920","GUARACI","PR","01/2025","748","236","0"
"410920","GUARACI","PR","10/2024","832","213","0"
"410920","GUARACI","PR","08/2026","831","114","0"
"410920","GUARACI","PR","06/2024","859","171","0"
"410920","GUARACI","PR","08/2024","839","201","0"
"410920","GUARACI","PR","04/2024","866","198","0"
"410920","GUARACI","PR","07/2025","722","179","0"
"410920","GUARACI","PR","04/2025","781","224","0"
"410920","GUARACI","PR","09/2025","669","193","0"
"410920","GUARACI","PR","12/2025","739","138","0"
"410920","GUARACI","PR","01/2026","741","143","0"
"410920","GUARACI","PR","06/2025","785","224","0"
"410920","GUARACI","PR","10/2025","670","166","0"
"410920","GUARACI","PR","11/2025","653","147","0"
"410920","GUARACI","PR","02/2025","752","240","0"
"410920","GUARACI","PR","08/2025","675","200","0"
"410920","GUARACI","PR","03/2025","785","230","0"
"410920","GUARACI","PR","05/2025","781","224","0"
"410920","GUARACI","PR","02/2026","746","141","0"
"410920","GUARACI","PR","03/2026","738","138","0"
"410920","GUARACI","PR","04/2026","738","143","0"
"410920","GUARACI","PR","05/2026","788","133","0"
"410920","GUARACI","PR","06/2026","825","130","0"
"410930","GUARANIAÇU","PR","06/2026","635","464","0"
"410930","GUARANIAÇU","PR","12/2023","1119","507","0"
"410930","GUARANIAÇU","PR","09/2023","1170","421","0"
"410930","GUARANIAÇU","PR","06/2023","1329","238","0"
"410930","GUARANIAÇU","PR","04/2023","1361","210","0"
"410930","GUARANIAÇU","PR","02/2023","1360","212","0"
"410930","GUARANIAÇU","PR","11/2023","1115","498","0"
"410930","GUARANIAÇU","PR","10/2023","1154","466","0"
"410930","GUARANIAÇU","PR","01/2024","1113","526","0"
"410930","GUARANIAÇU","PR","07/2023","1174","429","0"
"410930","GUARANIAÇU","PR","03/2023","1352","205","0"
"410930","GUARANIAÇU","PR","05/2023","1349","215","0"
"410930","GUARANIAÇU","PR","08/2023","1175","421","0"
"410930","GUARANIAÇU","PR","11/2024","873","565","0"
"410930","GUARANIAÇU","PR","01/2025","838","625","0"
"410930","GUARANIAÇU","PR","03/2024","1025","578","0"
"410930","GUARANIAÇU","PR","10/2024","879","577","0"
"410930","GUARANIAÇU","PR","04/2024","1020","571","0"
"410930","GUARANIAÇU","PR","12/2024","880","568","0"
"410930","GUARANIAÇU","PR","05/2024","1033","583","0"
"410930","GUARANIAÇU","PR","09/2024","903","603","0"
"410930","GUARANIAÇU","PR","02/2024","1085","516","0"
"410930","GUARANIAÇU","PR","07/2024","921","644","0"
"410930","GUARANIAÇU","PR","08/2024","908","613","0"
"410930","GUARANIAÇU","PR","06/2024","1013","589","0"
"410930","GUARANIAÇU","PR","06/2025","789","595","0"
"410930","GUARANIAÇU","PR","09/2025","732","534","0"
"410930","GUARANIAÇU","PR","01/2026","631","539","0"
"410930","GUARANIAÇU","PR","07/2025","776","542","0"
"410930","GUARANIAÇU","PR","02/2025","833","617","0"
"410930","GUARANIAÇU","PR","05/2025","799","606","0"
"410930","GUARANIAÇU","PR","11/2025","661","559","0"
"410930","GUARANIAÇU","PR","03/2025","788","637","0"
"410930","GUARANIAÇU","PR","12/2025","623","555","0"
"410930","GUARANIAÇU","PR","08/2025","745","538","0"
"410930","GUARANIAÇU","PR","10/2025","687","560","0"
"410930","GUARANIAÇU","PR","04/2025","800","613","0"
"410930","GUARANIAÇU","PR","02/2026","630","548","0"
"410930","GUARANIAÇU","PR","03/2026","647","500","0"
"410930","GUARANIAÇU","PR","04/2026","647","477","0"
"410930","GUARANIAÇU","PR","05/2026","656","457","0"
"410930","GUARANIAÇU","PR","08/2026","649","404","0"
"410940","GUARAPUAVA","PR","10/2023","31286","5625","0"
"410940","GUARAPUAVA","PR","08/2026","28199","5741","0"
"410940","GUARAPUAVA","PR","06/2026","28456","6024","0"
"410940","GUARAPUAVA","PR","05/2026","27383","6052","0"
"410940","GUARAPUAVA","PR","04/2026","25765","6171","0"
"410940","GUARAPUAVA","PR","03/2026","26032","6252","0"
"410940","GUARAPUAVA","PR","02/2026","26169","6610","0"
"410940","GUARAPUAVA","PR","02/2025","27781","7801","0"
"410940","GUARAPUAVA","PR","11/2025","25673","6445","0"
"410940","GUARAPUAVA","PR","10/2025","25813","6907","0"
"410940","GUARAPUAVA","PR","07/2025","27211","7305","0"
"410940","GUARAPUAVA","PR","12/2025","26444","6154","0"
"410940","GUARAPUAVA","PR","09/2025","25937","7020","0"
"410940","GUARAPUAVA","PR","06/2025","28737","8014","0"
"410940","GUARAPUAVA","PR","04/2025","28276","8051","0"
"410940","GUARAPUAVA","PR","03/2025","28197","8226","0"
"410940","GUARAPUAVA","PR","05/2025","28296","7997","0"
"410940","GUARAPUAVA","PR","01/2026","26346","6303","0"
"410940","GUARAPUAVA","PR","08/2025","26213","7209","0"
"410940","GUARAPUAVA","PR","03/2024","29686","7563","0"
"410940","GUARAPUAVA","PR","11/2024","29644","7535","0"
"410940","GUARAPUAVA","PR","04/2024","30536","7241","0"
"410940","GUARAPUAVA","PR","02/2024","30757","6335","0"
"410940","GUARAPUAVA","PR","06/2024","31397","6642","0"
"410940","GUARAPUAVA","PR","12/2024","29085","7191","0"
"410940","GUARAPUAVA","PR","09/2024","30134","7116","0"
"410940","GUARAPUAVA","PR","10/2024","29438","7806","0"
"410940","GUARAPUAVA","PR","08/2024","29812","7641","0"
"410940","GUARAPUAVA","PR","07/2024","29636","7928","0"
"410940","GUARAPUAVA","PR","05/2024","30646","6896","0"
"410940","GUARAPUAVA","PR","01/2025","27607","7920","0"
"410940","GUARAPUAVA","PR","11/2023","29356","7184","0"
"410940","GUARAPUAVA","PR","08/2023","29382","6278","0"
"410940","GUARAPUAVA","PR","02/2023","32156","2200","0"
"410940","GUARAPUAVA","PR","04/2023","31767","1983","0"
"410940","GUARAPUAVA","PR","07/2023","28753","6690","0"
"410940","GUARAPUAVA","PR","09/2023","30424","5857","0"
"410940","GUARAPUAVA","PR","03/2023","31225","2070","0"
"410940","GUARAPUAVA","PR","06/2023","32589","2199","0"
"410940","GUARAPUAVA","PR","01/2024","30086","6601","0"
"410940","GUARAPUAVA","PR","12/2023","29805","6952","0"
"410940","GUARAPUAVA","PR","05/2023","32657","2059","0"
"410950","GUARAQUEÇABA","PR","08/2024","3765","416","0"
"410950","GUARAQUEÇABA","PR","08/2026","3160","496","0"
"410950","GUARAQUEÇABA","PR","06/2026","3184","514","0"
"410950","GUARAQUEÇABA","PR","05/2026","3165","527","0"
"410950","GUARAQUEÇABA","PR","04/2026","3155","572","0"
"410950","GUARAQUEÇABA","PR","03/2026","3082","596","0"
"410950","GUARAQUEÇABA","PR","02/2026","3090","634","0"
"410950","GUARAQUEÇABA","PR","05/2025","3626","517","0"
"410950","GUARAQUEÇABA","PR","10/2025","3275","493","0"
"410950","GUARAQUEÇABA","PR","11/2025","3233","488","0"
"410950","GUARAQUEÇABA","PR","06/2025","3641","506","0"
"410950","GUARAQUEÇABA","PR","04/2025","3626","530","0"
"410950","GUARAQUEÇABA","PR","07/2025","3473","479","0"
"410950","GUARAQUEÇABA","PR","02/2025","3624","510","0"
"410950","GUARAQUEÇABA","PR","01/2026","3116","587","0"
"410950","GUARAQUEÇABA","PR","08/2025","3367","471","0"
"410950","GUARAQUEÇABA","PR","03/2025","3621","543","0"
"410950","GUARAQUEÇABA","PR","09/2025","3335","465","0"
"410950","GUARAQUEÇABA","PR","12/2025","3206","496","0"
"410950","GUARAQUEÇABA","PR","07/2024","3741","450","0"
"410950","GUARAQUEÇABA","PR","02/2024","3818","428","0"
"410950","GUARAQUEÇABA","PR","10/2024","3728","455","0"
"410950","GUARAQUEÇABA","PR","06/2024","3801","380","0"
"410950","GUARAQUEÇABA","PR","12/2024","3754","467","0"
"410950","GUARAQUEÇABA","PR","03/2024","3783","459","0"
"410950","GUARAQUEÇABA","PR","01/2025","3619","511","0"
"410950","GUARAQUEÇABA","PR","11/2024","3718","466","0"
"410950","GUARAQUEÇABA","PR","09/2024","3774","398","0"
"410950","GUARAQUEÇABA","PR","05/2024","3807","398","0"
"410950","GUARAQUEÇABA","PR","04/2024","3800","430","0"
"410950","GUARAQUEÇABA","PR","06/2023","4077","190","0"
"410950","GUARAQUEÇABA","PR","07/2023","3818","462","0"
"410950","GUARAQUEÇABA","PR","10/2023","3954","403","0"
"410950","GUARAQUEÇABA","PR","09/2023","3936","410","0"
"410950","GUARAQUEÇABA","PR","02/2023","4275","154","0"
"410950","GUARAQUEÇABA","PR","01/2024","3803","468","0"
"410950","GUARAQUEÇABA","PR","03/2023","4113","148","0"
"410950","GUARAQUEÇABA","PR","12/2023","3765","497","0"
"410950","GUARAQUEÇABA","PR","04/2023","4133","152","0"
"410950","GUARAQUEÇABA","PR","05/2023","4107","172","0"
"410950","GUARAQUEÇABA","PR","08/2023","3894","443","0"
"410950","GUARAQUEÇABA","PR","11/2023","3783","494","0"
"410960","GUARATUBA","PR","06/2026","9003","2486","0"
"410960","GUARATUBA","PR","03/2023","10500","822","0"
"410960","GUARATUBA","PR","11/2023","9629","2154","0"
"410960","GUARATUBA","PR","02/2023","10745","880","0"
"410960","GUARATUBA","PR","12/2023","9804","2174","0"
"410960","GUARATUBA","PR","01/2024","9816","2163","0"
"410960","GUARATUBA","PR","04/2023","10420","806","0"
"410960","GUARATUBA","PR","05/2023","10211","912","0"
"410960","GUARATUBA","PR","09/2023","9953","1875","0"
"410960","GUARATUBA","PR","06/2023","10077","1049","0"
"410960","GUARATUBA","PR","08/2023","8828","1963","0"
"410960","GUARATUBA","PR","07/2023","8850","2151","0"
"410960","GUARATUBA","PR","10/2023","9907","1852","0"
"410960","GUARATUBA","PR","01/2025","9220","2944","0"
"410960","GUARATUBA","PR","04/2024","9536","2422","0"
"410960","GUARATUBA","PR","11/2024","9453","2712","0"
"410960","GUARATUBA","PR","06/2024","9557","2245","0"
"410960","GUARATUBA","PR","10/2024","9442","2720","0"
"410960","GUARATUBA","PR","07/2024","9551","2595","0"
"410960","GUARATUBA","PR","12/2024","9567","2666","0"
"410960","GUARATUBA","PR","08/2026","9115","2282","0"
"410960","GUARATUBA","PR","02/2024","9804","2153","0"
"410960","GUARATUBA","PR","05/2024","9563","2310","0"
"410960","GUARATUBA","PR","03/2024","9419","2478","0"
"410960","GUARATUBA","PR","09/2024","9662","2453","0"
"410960","GUARATUBA","PR","08/2024","9600","2510","0"
"410960","GUARATUBA","PR","08/2025","8558","2940","0"
"410960","GUARATUBA","PR","02/2025","9305","2908","0"
"410960","GUARATUBA","PR","05/2025","9134","3029","0"
"410960","GUARATUBA","PR","01/2026","8777","2605","0"
"410960","GUARATUBA","PR","06/2025","9150","2992","0"
"410960","GUARATUBA","PR","11/2025","8152","2603","0"
"410960","GUARATUBA","PR","07/2025","8632","2862","0"
"410960","GUARATUBA","PR","09/2025","8503","2846","0"
"410960","GUARATUBA","PR","10/2025","8278","2748","0"
"410960","GUARATUBA","PR","03/2025","9121","3085","0"
"410960","GUARATUBA","PR","12/2025","8838","2490","0"
"410960","GUARATUBA","PR","04/2025","9131","3064","0"
"410960","GUARATUBA","PR","02/2026","8487","2609","0"
"410960","GUARATUBA","PR","03/2026","8399","2539","0"
"410960","GUARATUBA","PR","04/2026","8816","2560","0"
"410960","GUARATUBA","PR","05/2026","8887","2513","0"
"410965","HONÓRIO SERPA","PR","02/2023","1017","234","0"
"410965","HONÓRIO SERPA","PR","08/2026","773","213","0"
"410965","HONÓRIO SERPA","PR","06/2026","792","231","0"
"410965","HONÓRIO SERPA","PR","05/2026","793","231","0"
"410965","HONÓRIO SERPA","PR","04/2026","798","225","0"
"410965","HONÓRIO SERPA","PR","03/2026","717","217","0"
"410965","HONÓRIO SERPA","PR","02/2026","739","207","0"
"410965","HONÓRIO SERPA","PR","10/2025","678","235","0"
"410965","HONÓRIO SERPA","PR","08/2025","693","244","0"
"410965","HONÓRIO SERPA","PR","03/2025","820","255","0"
"410965","HONÓRIO SERPA","PR","07/2025","729","234","0"
"410965","HONÓRIO SERPA","PR","11/2025","667","221","0"
"410965","HONÓRIO SERPA","PR","05/2025","760","238","0"
"410965","HONÓRIO SERPA","PR","01/2026","743","205","0"
"410965","HONÓRIO SERPA","PR","12/2025","766","203","0"
"410965","HONÓRIO SERPA","PR","06/2025","759","240","0"
"410965","HONÓRIO SERPA","PR","02/2025","837","235","0"
"410965","HONÓRIO SERPA","PR","09/2025","681","231","0"
"410965","HONÓRIO SERPA","PR","04/2025","769","238","0"
"410965","HONÓRIO SERPA","PR","05/2024","830","270","0"
"410965","HONÓRIO SERPA","PR","08/2024","771","228","0"
"410965","HONÓRIO SERPA","PR","03/2024","777","287","0"
"410965","HONÓRIO SERPA","PR","10/2024","787","246","0"
"410965","HONÓRIO SERPA","PR","12/2024","852","234","0"
"410965","HONÓRIO SERPA","PR","07/2024","770","268","0"
"410965","HONÓRIO SERPA","PR","02/2024","811","265","0"
"410965","HONÓRIO SERPA","PR","11/2024","797","247","0"
"410965","HONÓRIO SERPA","PR","06/2024","834","254","0"
"410965","HONÓRIO SERPA","PR","01/2025","816","244","0"
"410965","HONÓRIO SERPA","PR","04/2024","796","276","0"
"410965","HONÓRIO SERPA","PR","09/2024","789","218","0"
"410965","HONÓRIO SERPA","PR","01/2024","813","283","0"
"410965","HONÓRIO SERPA","PR","11/2023","788","301","0"
"410965","HONÓRIO SERPA","PR","05/2023","879","169","0"
"410965","HONÓRIO SERPA","PR","08/2023","858","245","0"
"410965","HONÓRIO SERPA","PR","10/2023","888","226","0"
"410965","HONÓRIO SERPA","PR","04/2023","898","179","0"
"410965","HONÓRIO SERPA","PR","07/2023","804","264","0"
"410965","HONÓRIO SERPA","PR","09/2023","887","251","0"
"410965","HONÓRIO SERPA","PR","03/2023","930","193","0"
"410965","HONÓRIO SERPA","PR","06/2023","880","178","0"
"410965","HONÓRIO SERPA","PR","12/2023","780","304","0"
"410970","IBAITI","PR","08/2026","2630","938","0"
"410970","IBAITI","PR","11/2023","3501","840","0"
"410970","IBAITI","PR","06/2023","3856","342","0"
"410970","IBAITI","PR","12/2023","3487","838","0"
"410970","IBAITI","PR","01/2024","3568","826","0"
"410970","IBAITI","PR","05/2023","3884","326","0"
"410970","IBAITI","PR","09/2023","3587","722","0"
"410970","IBAITI","PR","02/2023","3781","349","0"
"410970","IBAITI","PR","10/2023","3614","728","0"
"410970","IBAITI","PR","03/2023","3802","327","0"
"410970","IBAITI","PR","04/2023","3820","325","0"
"410970","IBAITI","PR","07/2023","3504","788","0"
"410970","IBAITI","PR","08/2023","3542","724","0"
"410970","IBAITI","PR","02/2024","3534","781","0"
"410970","IBAITI","PR","12/2024","2967","1133","0"
"410970","IBAITI","PR","06/2024","3416","937","0"
"410970","IBAITI","PR","05/2024","3384","931","0"
"410970","IBAITI","PR","01/2025","2822","1217","0"
"410970","IBAITI","PR","03/2024","3390","935","0"
"410970","IBAITI","PR","07/2024","3178","1098","0"
"410970","IBAITI","PR","04/2024","3383","926","0"
"410970","IBAITI","PR","09/2024","3094","1092","0"
"410970","IBAITI","PR","10/2024","2988","1136","0"
"410970","IBAITI","PR","11/2024","3006","1135","0"
"410970","IBAITI","PR","08/2024","3112","1118","0"
"410970","IBAITI","PR","12/2025","2557","1134","0"
"410970","IBAITI","PR","07/2025","2694","1154","0"
"410970","IBAITI","PR","04/2025","2774","1261","0"
"410970","IBAITI","PR","01/2026","2536","1153","0"
"410970","IBAITI","PR","06/2025","2772","1249","0"
"410970","IBAITI","PR","10/2025","2526","1225","0"
"410970","IBAITI","PR","05/2025","2772","1250","0"
"410970","IBAITI","PR","11/2025","2520","1167","0"
"410970","IBAITI","PR","03/2025","2804","1243","0"
"410970","IBAITI","PR","02/2025","2875","1193","0"
"410970","IBAITI","PR","08/2025","2589","1165","0"
"410970","IBAITI","PR","09/2025","2562","1196","0"
"410970","IBAITI","PR","02/2026","2567","1189","0"
"410970","IBAITI","PR","03/2026","2611","1116","0"
"410970","IBAITI","PR","04/2026","2602","1100","0"
"410970","IBAITI","PR","05/2026","2634","1033","0"
"410970","IBAITI","PR","06/2026","2626","1025","0"
"410975","IBEMA","PR","08/2026","642","494","0"
"410975","IBEMA","PR","04/2023","1458","212","0"
"410975","IBEMA","PR","08/2023","1339","362","0"
"410975","IBEMA","PR","11/2023","1235","486","0"
"410975","IBEMA","PR","06/2023","1453","220","0"
"410975","IBEMA","PR","01/2024","1291","462","0"
"410975","IBEMA","PR","10/2023","1383","370","0"
"410975","IBEMA","PR","02/2023","1541","216","0"
"410975","IBEMA","PR","07/2023","1272","416","0"
"410975","IBEMA","PR","03/2023","1459","202","0"
"410975","IBEMA","PR","09/2023","1374","356","0"
"410975","IBEMA","PR","05/2023","1460","223","0"
"410975","IBEMA","PR","12/2023","1286","486","0"
"410975","IBEMA","PR","10/2024","1133","540","0"
"410975","IBEMA","PR","02/2024","1329","454","0"
"410975","IBEMA","PR","08/2024","1186","505","0"
"410975","IBEMA","PR","09/2024","1171","500","0"
"410975","IBEMA","PR","11/2024","1100","568","0"
"410975","IBEMA","PR","04/2024","1264","513","0"
"410975","IBEMA","PR","07/2024","1190","530","0"
"410975","IBEMA","PR","12/2024","1117","566","0"
"410975","IBEMA","PR","05/2024","1280","494","0"
"410975","IBEMA","PR","06/2024","1292","483","0"
"410975","IBEMA","PR","01/2025","1030","596","0"
"410975","IBEMA","PR","03/2024","1265","490","0"
"410975","IBEMA","PR","07/2025","883","577","0"
"410975","IBEMA","PR","05/2025","992","606","0"
"410975","IBEMA","PR","09/2025","845","561","0"
"410975","IBEMA","PR","06/2025","984","613","0"
"410975","IBEMA","PR","12/2025","742","517","0"
"410975","IBEMA","PR","11/2025","762","509","0"
"410975","IBEMA","PR","02/2025","1026","609","0"
"410975","IBEMA","PR","03/2025","997","635","0"
"410975","IBEMA","PR","10/2025","809","556","0"
"410975","IBEMA","PR","08/2025","870","571","0"
"410975","IBEMA","PR","04/2025","992","612","0"
"410975","IBEMA","PR","01/2026","699","528","0"
"410975","IBEMA","PR","02/2026","682","538","0"
"410975","IBEMA","PR","03/2026","657","536","0"
"410975","IBEMA","PR","04/2026","642","568","0"
"410975","IBEMA","PR","05/2026","621","567","0"
"410975","IBEMA","PR","06/2026","629","541","0"
"410980","IBIPORÃ","PR","06/2026","6556","1680","0"
"410980","IBIPORÃ","PR","11/2023","7388","1898","0"
"410980","IBIPORÃ","PR","09/2023","7698","1542","0"
"410980","IBIPORÃ","PR","04/2023","7720","790","0"
"410980","IBIPORÃ","PR","02/2023","7748","902","0"
"410980","IBIPORÃ","PR","06/2023","7931","915","0"
"410980","IBIPORÃ","PR","08/2023","7486","1614","0"
"410980","IBIPORÃ","PR","10/2023","7838","1518","0"
"410980","IBIPORÃ","PR","07/2023","6943","1791","0"
"410980","IBIPORÃ","PR","03/2023","7619","798","0"
"410980","IBIPORÃ","PR","05/2023","8021","842","0"
"410980","IBIPORÃ","PR","01/2024","7503","1848","0"
"410980","IBIPORÃ","PR","12/2023","7470","1889","0"
"410980","IBIPORÃ","PR","11/2024","7011","2205","0"
"410980","IBIPORÃ","PR","04/2024","7079","2182","0"
"410980","IBIPORÃ","PR","02/2024","7708","1828","0"
"410980","IBIPORÃ","PR","07/2024","7272","2218","0"
"410980","IBIPORÃ","PR","03/2024","7109","2224","0"
"410980","IBIPORÃ","PR","10/2024","7035","2253","0"
"410980","IBIPORÃ","PR","12/2024","7079","2143","0"
"410980","IBIPORÃ","PR","05/2024","7333","2100","0"
"410980","IBIPORÃ","PR","09/2024","7265","2112","0"
"410980","IBIPORÃ","PR","01/2025","6898","2210","0"
"410980","IBIPORÃ","PR","08/2024","7255","2189","0"
"410980","IBIPORÃ","PR","06/2024","7624","2021","0"
"410980","IBIPORÃ","PR","12/2025","6500","1762","0"
"410980","IBIPORÃ","PR","01/2026","6512","1795","0"
"410980","IBIPORÃ","PR","09/2025","6441","2009","0"
"410980","IBIPORÃ","PR","02/2025","6980","2178","0"
"410980","IBIPORÃ","PR","05/2025","6823","2250","0"
"410980","IBIPORÃ","PR","04/2025","6826","2269","0"
"410980","IBIPORÃ","PR","07/2025","6493","2063","0"
"410980","IBIPORÃ","PR","06/2025","6836","2206","0"
"410980","IBIPORÃ","PR","08/2025","6244","2026","0"
"410980","IBIPORÃ","PR","10/2025","6306","1999","0"
"410980","IBIPORÃ","PR","11/2025","6218","1834","0"
"410980","IBIPORÃ","PR","03/2025","6856","2266","0"
"410980","IBIPORÃ","PR","02/2026","6406","1867","0"
"410980","IBIPORÃ","PR","03/2026","6659","1646","0"
"410980","IBIPORÃ","PR","04/2026","6549","1723","0"
"410980","IBIPORÃ","PR","05/2026","6586","1646","0"
"410980","IBIPORÃ","PR","08/2026","6586","1585","0"
"410990","ICARAÍMA","PR","08/2026","1705","230","0"
"410990","ICARAÍMA","PR","04/2023","1852","65","0"
"410990","ICARAÍMA","PR","06/2023","1844","65","0"
"410990","ICARAÍMA","PR","12/2023","1802","274","0"
"410990","ICARAÍMA","PR","10/2023","1879","200","0"
"410990","ICARAÍMA","PR","05/2023","1844","61","0"
"410990","ICARAÍMA","PR","09/2023","1850","200","0"
"410990","ICARAÍMA","PR","02/2023","1878","75","0"
"410990","ICARAÍMA","PR","03/2023","1818","55","0"
"410990","ICARAÍMA","PR","07/2023","1674","225","0"
"410990","ICARAÍMA","PR","11/2023","1764","281","0"
"410990","ICARAÍMA","PR","01/2024","1795","264","0"
"410990","ICARAÍMA","PR","08/2023","1784","208","0"
"410990","ICARAÍMA","PR","12/2024","1647","379","0"
"410990","ICARAÍMA","PR","03/2024","1708","344","0"
"410990","ICARAÍMA","PR","04/2024","1719","319","0"
"410990","ICARAÍMA","PR","02/2024","1813","247","0"
"410990","ICARAÍMA","PR","11/2024","1650","390","0"
"410990","ICARAÍMA","PR","08/2024","1727","371","0"
"410990","ICARAÍMA","PR","01/2025","1601","382","0"
"410990","ICARAÍMA","PR","07/2024","1733","371","0"
"410990","ICARAÍMA","PR","05/2024","1753","333","0"
"410990","ICARAÍMA","PR","06/2024","1821","334","0"
"410990","ICARAÍMA","PR","09/2024","1712","363","0"
"410990","ICARAÍMA","PR","10/2024","1625","410","0"
"410990","ICARAÍMA","PR","12/2025","1557","257","0"
"410990","ICARAÍMA","PR","06/2025","1560","408","0"
"410990","ICARAÍMA","PR","05/2025","1560","401","0"
"410990","ICARAÍMA","PR","04/2025","1560","401","0"
"410990","ICARAÍMA","PR","02/2025","1605","377","0"
"410990","ICARAÍMA","PR","01/2026","1539","271","0"
"410990","ICARAÍMA","PR","11/2025","1431","263","0"
"410990","ICARAÍMA","PR","08/2025","1472","332","0"
"410990","ICARAÍMA","PR","03/2025","1557","407","0"
"410990","ICARAÍMA","PR","10/2025","1443","279","0"
"410990","ICARAÍMA","PR","07/2025","1516","349","0"
"410990","ICARAÍMA","PR","09/2025","1446","327","0"
"410990","ICARAÍMA","PR","02/2026","1520","287","0"
"410990","ICARAÍMA","PR","03/2026","1511","251","0"
"410990","ICARAÍMA","PR","04/2026","1485","260","0"
"410990","ICARAÍMA","PR","05/2026","1647","213","0"
"410990","ICARAÍMA","PR","06/2026","1740","224","0"
"411000","IGUARAÇU","PR","11/2023","597","146","0"
"411000","IGUARAÇU","PR","08/2026","489","148","0"
"411000","IGUARAÇU","PR","06/2026","465","153","0"
"411000","IGUARAÇU","PR","05/2026","462","153","0"
"411000","IGUARAÇU","PR","04/2026","465","165","0"
"411000","IGUARAÇU","PR","03/2026","440","180","0"
"411000","IGUARAÇU","PR","02/2026","448","202","0"
"411000","IGUARAÇU","PR","04/2025","439","277","0"
"411000","IGUARAÇU","PR","08/2025","400","251","0"
"411000","IGUARAÇU","PR","02/2025","465","272","0"
"411000","IGUARAÇU","PR","01/2026","449","200","0"
"411000","IGUARAÇU","PR","07/2025","394","278","0"
"411000","IGUARAÇU","PR","12/2025","464","205","0"
"411000","IGUARAÇU","PR","10/2025","417","210","0"
"411000","IGUARAÇU","PR","11/2025","397","224","0"
"411000","IGUARAÇU","PR","06/2025","437","274","0"
"411000","IGUARAÇU","PR","09/2025","406","233","0"
"411000","IGUARAÇU","PR","03/2025","451","286","0"
"411000","IGUARAÇU","PR","05/2025","439","272","0"
"411000","IGUARAÇU","PR","02/2024","590","177","0"
"411000","IGUARAÇU","PR","01/2025","476","265","0"
"411000","IGUARAÇU","PR","04/2024","524","244","0"
"411000","IGUARAÇU","PR","09/2024","509","253","0"
"411000","IGUARAÇU","PR","07/2024","507","268","0"
"411000","IGUARAÇU","PR","06/2024","484","258","0"
"411000","IGUARAÇU","PR","05/2024","502","254","0"
"411000","IGUARAÇU","PR","10/2024","511","255","0"
"411000","IGUARAÇU","PR","08/2024","504","253","0"
"411000","IGUARAÇU","PR","03/2024","531","230","0"
"411000","IGUARAÇU","PR","12/2024","522","234","0"
"411000","IGUARAÇU","PR","11/2024","497","249","0"
"411000","IGUARAÇU","PR","08/2023","590","123","0"
"411000","IGUARAÇU","PR","06/2023","628","67","0"
"411000","IGUARAÇU","PR","01/2024","598","175","0"
"411000","IGUARAÇU","PR","10/2023","624","122","0"
"411000","IGUARAÇU","PR","09/2023","632","112","0"
"411000","IGUARAÇU","PR","07/2023","528","128","0"
"411000","IGUARAÇU","PR","05/2023","634","65","0"
"411000","IGUARAÇU","PR","02/2023","664","72","0"
"411000","IGUARAÇU","PR","04/2023","624","52","0"
"411000","IGUARAÇU","PR","12/2023","594","168","0"
"411000","IGUARAÇU","PR","03/2023","615","51","0"
"411005","IGUATU","PR","08/2026","309","63","0"
"411005","IGUATU","PR","07/2023","275","72","0"
"411005","IGUATU","PR","08/2023","271","64","0"
"411005","IGUATU","PR","06/2023","305","41","0"
"411005","IGUATU","PR","12/2023","272","65","0"
"411005","IGUATU","PR","01/2024","281","67","0"
"411005","IGUATU","PR","03/2023","286","26","0"
"411005","IGUATU","PR","02/2023","318","29","0"
"411005","IGUATU","PR","10/2023","290","57","0"
"411005","IGUATU","PR","05/2023","310","36","0"
"411005","IGUATU","PR","04/2023","303","33","0"
"411005","IGUATU","PR","09/2023","275","58","0"
"411005","IGUATU","PR","11/2023","272","68","0"
"411005","IGUATU","PR","02/2024","277","63","0"
"411005","IGUATU","PR","04/2024","279","62","0"
"411005","IGUATU","PR","09/2024","298","51","0"
"411005","IGUATU","PR","07/2024","296","62","0"
"411005","IGUATU","PR","12/2024","315","45","0"
"411005","IGUATU","PR","10/2024","313","52","0"
"411005","IGUATU","PR","01/2025","306","64","0"
"411005","IGUATU","PR","05/2024","305","55","0"
"411005","IGUATU","PR","06/2024","306","41","0"
"411005","IGUATU","PR","11/2024","318","44","0"
"411005","IGUATU","PR","03/2024","250","70","0"
"411005","IGUATU","PR","08/2024","291","60","0"
"411005","IGUATU","PR","05/2025","302","60","0"
"411005","IGUATU","PR","12/2025","306","59","0"
"411005","IGUATU","PR","06/2025","304","60","0"
"411005","IGUATU","PR","01/2026","296","65","0"
"411005","IGUATU","PR","07/2025","288","61","0"
"411005","IGUATU","PR","02/2025","308","64","0"
"411005","IGUATU","PR","10/2025","276","68","0"
"411005","IGUATU","PR","08/2025","290","54","0"
"411005","IGUATU","PR","11/2025","281","51","0"
"411005","IGUATU","PR","03/2025","314","68","0"
"411005","IGUATU","PR","04/2025","310","60","0"
"411005","IGUATU","PR","09/2025","285","59","0"
"411005","IGUATU","PR","02/2026","282","75","0"
"411005","IGUATU","PR","03/2026","273","72","0"
"411005","IGUATU","PR","04/2026","271","69","0"
"411005","IGUATU","PR","05/2026","290","56","0"
"411005","IGUATU","PR","06/2026","317","55","0"
"411007","IMBAÚ","PR","04/2023","2725","350","0"
"411007","IMBAÚ","PR","12/2023","2435","730","0"
"411007","IMBAÚ","PR","02/2023","2891","419","0"
"411007","IMBAÚ","PR","11/2023","2439","730","0"
"411007","IMBAÚ","PR","01/2024","2442","732","0"
"411007","IMBAÚ","PR","09/2023","2552","621","0"
"411007","IMBAÚ","PR","06/2023","2697","383","0"
"411007","IMBAÚ","PR","07/2023","2402","716","0"
"411007","IMBAÚ","PR","10/2023","2633","578","0"
"411007","IMBAÚ","PR","08/2023","2441","673","0"
"411007","IMBAÚ","PR","03/2023","2696","352","0"
"411007","IMBAÚ","PR","05/2023","2732","355","0"
"411007","IMBAÚ","PR","11/2024","2185","772","0"
"411007","IMBAÚ","PR","02/2024","2504","688","0"
"411007","IMBAÚ","PR","06/2024","2421","677","0"
"411007","IMBAÚ","PR","07/2024","2247","792","0"
"411007","IMBAÚ","PR","04/2024","2466","738","0"
"411007","IMBAÚ","PR","10/2024","2190","792","0"
"411007","IMBAÚ","PR","12/2024","2242","757","0"
"411007","IMBAÚ","PR","05/2024","2408","716","0"
"411007","IMBAÚ","PR","09/2024","2242","758","0"
"411007","IMBAÚ","PR","01/2025","2146","818","0"
"411007","IMBAÚ","PR","03/2024","2429","756","0"
"411007","IMBAÚ","PR","08/2024","2240","776","0"
"411007","IMBAÚ","PR","05/2025","2101","838","0"
"411007","IMBAÚ","PR","02/2025","2169","819","0"
"411007","IMBAÚ","PR","12/2025","1899","662","0"
"411007","IMBAÚ","PR","04/2025","2104","844","0"
"411007","IMBAÚ","PR","09/2025","1999","749","0"
"411007","IMBAÚ","PR","11/2025","1904","699","0"
"411007","IMBAÚ","PR","10/2025","1919","744","0"
"411007","IMBAÚ","PR","07/2025","2071","743","0"
"411007","IMBAÚ","PR","08/2025","2002","734","0"
"411007","IMBAÚ","PR","03/2025","2104","857","0"
"411007","IMBAÚ","PR","01/2026","1879","678","0"
"411007","IMBAÚ","PR","06/2025","2099","825","0"
"411007","IMBAÚ","PR","02/2026","1888","714","0"
"411007","IMBAÚ","PR","03/2026","1864","684","0"
"411007","IMBAÚ","PR","04/2026","1883","662","0"
"411007","IMBAÚ","PR","05/2026","1899","630","0"
"411007","IMBAÚ","PR","06/2026","1906","602","0"
"411007","IMBAÚ","PR","08/2026","1945","524","0"
"411010","IMBITUVA","PR","07/2025","3689","1580","0"
"411010","IMBITUVA","PR","08/2023","4355","1327","0"
"411010","IMBITUVA","PR","02/2023","4498","814","0"
"411010","IMBITUVA","PR","09/2023","4434","1330","0"
"411010","IMBITUVA","PR","06/2023","4615","780","0"
"411010","IMBITUVA","PR","03/2023","4441","750","0"
"411010","IMBITUVA","PR","07/2023","4236","1467","0"
"411010","IMBITUVA","PR","04/2023","4605","709","0"
"411010","IMBITUVA","PR","11/2023","4192","1617","0"
"411010","IMBITUVA","PR","12/2023","4243","1625","0"
"411010","IMBITUVA","PR","05/2023","4671","737","0"
"411010","IMBITUVA","PR","01/2024","4234","1598","0"
"411010","IMBITUVA","PR","08/2024","4008","1818","0"
"411010","IMBITUVA","PR","03/2024","4106","1767","0"
"411010","IMBITUVA","PR","01/2025","3793","1864","0"
"411010","IMBITUVA","PR","12/2024","3965","1828","0"
"411010","IMBITUVA","PR","07/2024","4008","1870","0"
"411010","IMBITUVA","PR","05/2024","4255","1718","0"
"411010","IMBITUVA","PR","09/2024","3970","1789","0"
"411010","IMBITUVA","PR","10/2024","3887","1897","0"
"411010","IMBITUVA","PR","02/2024","4366","1545","0"
"411010","IMBITUVA","PR","04/2024","4171","1768","0"
"411010","IMBITUVA","PR","11/2024","3871","1871","0"
"411010","IMBITUVA","PR","06/2024","4308","1663","0"
"411010","IMBITUVA","PR","05/2025","3650","1901","0"
"411010","IMBITUVA","PR","02/2025","3779","1852","0"
"411010","IMBITUVA","PR","09/2025","3642","1555","0"
"411010","IMBITUVA","PR","12/2025","3638","1379","0"
"411010","IMBITUVA","PR","01/2026","3652","1412","0"
"411010","IMBITUVA","PR","06/2025","3656","1881","0"
"411010","IMBITUVA","PR","10/2023","4520","1324","0"
"411010","IMBITUVA","PR","08/2025","3598","1560","0"
"411010","IMBITUVA","PR","11/2025","3541","1409","0"
"411010","IMBITUVA","PR","10/2025","3588","1539","0"
"411010","IMBITUVA","PR","03/2025","3656","1957","0"
"411010","IMBITUVA","PR","04/2025","3654","1918","0"
"411010","IMBITUVA","PR","02/2026","3640","1442","0"
"411010","IMBITUVA","PR","03/2026","3805","1319","0"
"411010","IMBITUVA","PR","04/2026","3750","1348","0"
"411010","IMBITUVA","PR","05/2026","3780","1386","0"
"411010","IMBITUVA","PR","06/2026","3858","1388","0"
"411010","IMBITUVA","PR","08/2026","4004","1204","0"
"411020","INÁCIO MARTINS","PR","06/2023","3269","308","0"
"411020","INÁCIO MARTINS","PR","11/2023","3047","725","0"
"411020","INÁCIO MARTINS","PR","03/2023","3299","293","0"
"411020","INÁCIO MARTINS","PR","01/2024","3082","688","0"
"411020","INÁCIO MARTINS","PR","07/2023","2902","748","0"
"411020","INÁCIO MARTINS","PR","08/2023","2961","688","0"
"411020","INÁCIO MARTINS","PR","04/2023","3267","301","0"
"411020","INÁCIO MARTINS","PR","09/2023","3052","663","0"
"411020","INÁCIO MARTINS","PR","10/2023","3148","644","0"
"411020","INÁCIO MARTINS","PR","10/2024","3011","638","0"
"411020","INÁCIO MARTINS","PR","12/2024","3019","580","0"
"411020","INÁCIO MARTINS","PR","03/2024","3039","678","0"
"411020","INÁCIO MARTINS","PR","02/2024","3079","661","0"
"411020","INÁCIO MARTINS","PR","05/2024","3140","628","0"
"411020","INÁCIO MARTINS","PR","11/2024","3028","619","0"
"411020","INÁCIO MARTINS","PR","07/2024","3053","666","0"
"411020","INÁCIO MARTINS","PR","06/2024","3173","589","0"
"411020","INÁCIO MARTINS","PR","09/2024","3093","568","0"
"411020","INÁCIO MARTINS","PR","01/2025","2953","597","0"
"411020","INÁCIO MARTINS","PR","08/2024","3055","638","0"
"411020","INÁCIO MARTINS","PR","04/2024","3105","664","0"
"411020","INÁCIO MARTINS","PR","05/2025","2945","614","0"
"411020","INÁCIO MARTINS","PR","08/2025","2833","479","0"
"411020","INÁCIO MARTINS","PR","03/2025","2951","625","0"
"411020","INÁCIO MARTINS","PR","09/2025","2811","465","0"
"411020","INÁCIO MARTINS","PR","01/2026","2749","469","0"
"411020","INÁCIO MARTINS","PR","06/2025","2953","616","0"
"411020","INÁCIO MARTINS","PR","07/2025","2857","481","0"
"411020","INÁCIO MARTINS","PR","02/2025","2954","588","0"
"411020","INÁCIO MARTINS","PR","11/2025","2747","430","0"
"411020","INÁCIO MARTINS","PR","04/2025","2945","618","0"
"411020","INÁCIO MARTINS","PR","10/2025","2766","463","0"
"411020","INÁCIO MARTINS","PR","12/2025","2783","460","0"
"411020","INÁCIO MARTINS","PR","02/2026","2712","505","0"
"411020","INÁCIO MARTINS","PR","03/2026","2695","451","0"
"411020","INÁCIO MARTINS","PR","04/2026","2719","407","0"
"411020","INÁCIO MARTINS","PR","05/2026","2861","364","0"
"411020","INÁCIO MARTINS","PR","06/2026","2866","365","0"
"411020","INÁCIO MARTINS","PR","02/2023","3323","334","0"
"411020","INÁCIO MARTINS","PR","08/2026","3172","259","0"
"411020","INÁCIO MARTINS","PR","12/2023","3087","701","0"
"411020","INÁCIO MARTINS","PR","05/2023","3288","298","0"
"411030","INAJÁ","PR","04/2026","455","81","0"
"411030","INAJÁ","PR","08/2026","464","108","0"
"411030","INAJÁ","PR","06/2026","458","84","0"
"411030","INAJÁ","PR","05/2026","462","74","0"
"411030","INAJÁ","PR","03/2026","455","77","0"
"411030","INAJÁ","PR","02/2026","453","89","0"
"411030","INAJÁ","PR","04/2025","420","157","0"
"411030","INAJÁ","PR","08/2025","418","116","0"
"411030","INAJÁ","PR","03/2025","432","163","0"
"411030","INAJÁ","PR","02/2025","417","160","0"
"411030","INAJÁ","PR","11/2025","397","103","0"
"411030","INAJÁ","PR","10/2025","401","105","0"
"411030","INAJÁ","PR","09/2025","416","101","0"
"411030","INAJÁ","PR","01/2026","454","89","0"
"411030","INAJÁ","PR","06/2025","425","150","0"
"411030","INAJÁ","PR","05/2025","425","150","0"
"411030","INAJÁ","PR","07/2025","408","117","0"
"411030","INAJÁ","PR","12/2025","445","102","0"
"411030","INAJÁ","PR","07/2024","444","159","0"
"411030","INAJÁ","PR","08/2024","443","162","0"
"411030","INAJÁ","PR","09/2024","446","158","0"
"411030","INAJÁ","PR","02/2024","457","181","0"
"411030","INAJÁ","PR","05/2024","439","170","0"
"411030","INAJÁ","PR","03/2024","447","180","0"
"411030","INAJÁ","PR","11/2024","421","168","0"
"411030","INAJÁ","PR","06/2024","439","160","0"
"411030","INAJÁ","PR","01/2025","417","160","0"
"411030","INAJÁ","PR","12/2024","427","163","0"
"411030","INAJÁ","PR","10/2024","423","173","0"
"411030","INAJÁ","PR","04/2024","454","179","0"
"411030","INAJÁ","PR","11/2023","465","188","0"
"411030","INAJÁ","PR","12/2023","458","191","0"
"411030","INAJÁ","PR","04/2023","614","80","0"
"411030","INAJÁ","PR","08/2023","519","150","0"
"411030","INAJÁ","PR","01/2024","445","194","0"
"411030","INAJÁ","PR","07/2023","547","157","0"
"411030","INAJÁ","PR","02/2023","636","89","0"
"411030","INAJÁ","PR","03/2023","622","81","0"
"411030","INAJÁ","PR","10/2023","511","162","0"
"411030","INAJÁ","PR","09/2023","525","156","0"
"411030","INAJÁ","PR","06/2023","613","91","0"
"411030","INAJÁ","PR","05/2023","630","82","0"
"411040","INDIANÓPOLIS","PR","06/2024","419","121","0"
"411040","INDIANÓPOLIS","PR","06/2023","547","86","0"
"411040","INDIANÓPOLIS","PR","03/2023","576","88","0"
"411040","INDIANÓPOLIS","PR","04/2023","562","83","0"
"411040","INDIANÓPOLIS","PR","02/2023","582","93","0"
"411040","INDIANÓPOLIS","PR","10/2023","412","140","0"
"411040","INDIANÓPOLIS","PR","01/2024","482","126","0"
"411040","INDIANÓPOLIS","PR","07/2023","427","178","0"
"411040","INDIANÓPOLIS","PR","05/2023","549","85","0"
"411040","INDIANÓPOLIS","PR","09/2023","414","153","0"
"411040","INDIANÓPOLIS","PR","08/2023","425","169","0"
"411040","INDIANÓPOLIS","PR","12/2023","470","145","0"
"411040","INDIANÓPOLIS","PR","11/2024","416","154","0"
"411040","INDIANÓPOLIS","PR","08/2024","422","127","0"
"411040","INDIANÓPOLIS","PR","10/2024","433","146","0"
"411040","INDIANÓPOLIS","PR","02/2024","486","120","0"
"411040","INDIANÓPOLIS","PR","05/2024","423","121","0"
"411040","INDIANÓPOLIS","PR","12/2024","425","146","0"
"411040","INDIANÓPOLIS","PR","07/2024","429","140","0"
"411040","INDIANÓPOLIS","PR","03/2024","448","139","0"
"411040","INDIANÓPOLIS","PR","09/2024","426","130","0"
"411040","INDIANÓPOLIS","PR","04/2024","439","131","0"
"411040","INDIANÓPOLIS","PR","01/2025","396","173","0"
"411040","INDIANÓPOLIS","PR","09/2025","373","121","0"
"411040","INDIANÓPOLIS","PR","01/2026","433","124","0"
"411040","INDIANÓPOLIS","PR","05/2025","413","157","0"
"411040","INDIANÓPOLIS","PR","06/2025","415","158","0"
"411040","INDIANÓPOLIS","PR","02/2025","407","173","0"
"411040","INDIANÓPOLIS","PR","10/2025","364","120","0"
"411040","INDIANÓPOLIS","PR","11/2025","365","133","0"
"411040","INDIANÓPOLIS","PR","03/2025","414","162","0"
"411040","INDIANÓPOLIS","PR","07/2025","379","150","0"
"411040","INDIANÓPOLIS","PR","04/2025","419","157","0"
"411040","INDIANÓPOLIS","PR","08/2025","366","146","0"
"411040","INDIANÓPOLIS","PR","12/2025","446","117","0"
"411040","INDIANÓPOLIS","PR","02/2026","425","124","0"
"411040","INDIANÓPOLIS","PR","03/2026","414","121","0"
"411040","INDIANÓPOLIS","PR","04/2026","435","135","0"
"411040","INDIANÓPOLIS","PR","05/2026","443","127","0"
"411040","INDIANÓPOLIS","PR","06/2026","467","120","0"
"411040","INDIANÓPOLIS","PR","08/2026","438","106","0"
"411040","INDIANÓPOLIS","PR","11/2023","473","148","0"
"411050","IPIRANGA","PR","06/2023","1901","545","0"
"411050","IPIRANGA","PR","02/2023","2001","456","0"
"411050","IPIRANGA","PR","04/2023","1986","441","0"
"411050","IPIRANGA","PR","01/2024","1778","727","0"
"411050","IPIRANGA","PR","08/2026","1483","450","0"
"411050","IPIRANGA","PR","06/2026","1493","505","0"
"411050","IPIRANGA","PR","05/2026","1501","522","0"
"411050","IPIRANGA","PR","04/2026","1493","519","0"
"411050","IPIRANGA","PR","03/2026","1501","501","0"
"411050","IPIRANGA","PR","02/2026","1491","560","0"
"411050","IPIRANGA","PR","12/2025","1517","558","0"
"411050","IPIRANGA","PR","08/2025","1510","581","0"
"411050","IPIRANGA","PR","04/2025","1402","870","0"
"411050","IPIRANGA","PR","01/2026","1493","546","0"
"411050","IPIRANGA","PR","11/2025","1440","585","0"
"411050","IPIRANGA","PR","10/2025","1457","605","0"
"411050","IPIRANGA","PR","06/2025","1406","792","0"
"411050","IPIRANGA","PR","07/2025","1483","602","0"
"411050","IPIRANGA","PR","02/2025","1468","867","0"
"411050","IPIRANGA","PR","03/2025","1410","907","0"
"411050","IPIRANGA","PR","08/2023","1758","713","0"
"411050","IPIRANGA","PR","09/2025","1494","602","0"
"411050","IPIRANGA","PR","05/2025","1404","831","0"
"411050","IPIRANGA","PR","08/2024","1541","859","0"
"411050","IPIRANGA","PR","11/2024","1480","886","0"
"411050","IPIRANGA","PR","07/2024","1549","865","0"
"411050","IPIRANGA","PR","02/2024","1773","717","0"
"411050","IPIRANGA","PR","06/2024","1716","737","0"
"411050","IPIRANGA","PR","12/2024","1497","844","0"
"411050","IPIRANGA","PR","10/2024","1495","892","0"
"411050","IPIRANGA","PR","09/2024","1521","842","0"
"411050","IPIRANGA","PR","05/2024","1712","762","0"
"411050","IPIRANGA","PR","04/2024","1711","787","0"
"411050","IPIRANGA","PR","03/2024","1675","808","0"
"411050","IPIRANGA","PR","01/2025","1449","869","0"
"411050","IPIRANGA","PR","11/2023","1723","738","0"
"411050","IPIRANGA","PR","10/2023","1803","714","0"
"411050","IPIRANGA","PR","05/2023","1949","481","0"
"411050","IPIRANGA","PR","09/2023","1769","719","0"
"411050","IPIRANGA","PR","07/2023","1762","762","0"
"411050","IPIRANGA","PR","12/2023","1758","738","0"
"411050","IPIRANGA","PR","03/2023","1956","429","0"
"411060","IPORÃ","PR","05/2024","1835","605","0"
"411060","IPORÃ","PR","11/2023","1722","594","0"
"411060","IPORÃ","PR","04/2023","1716","352","0"
"411060","IPORÃ","PR","02/2023","1783","385","0"
"411060","IPORÃ","PR","12/2023","1835","585","0"
"411060","IPORÃ","PR","08/2023","1669","586","0"
"411060","IPORÃ","PR","10/2023","1855","514","0"
"411060","IPORÃ","PR","03/2023","1668","343","0"
"411060","IPORÃ","PR","06/2023","1806","354","0"
"411060","IPORÃ","PR","07/2023","1566","644","0"
"411060","IPORÃ","PR","05/2023","1824","342","0"
"411060","IPORÃ","PR","09/2023","1772","543","0"
"411060","IPORÃ","PR","01/2024","1852","552","0"
"411060","IPORÃ","PR","11/2024","1386","545","0"
"411060","IPORÃ","PR","03/2024","1847","641","0"
"411060","IPORÃ","PR","04/2024","1872","644","0"
"411060","IPORÃ","PR","12/2024","1458","537","0"
"411060","IPORÃ","PR","08/2024","1609","635","0"
"411060","IPORÃ","PR","02/2024","1952","538","0"
"411060","IPORÃ","PR","09/2024","1557","575","0"
"411060","IPORÃ","PR","07/2024","1626","632","0"
"411060","IPORÃ","PR","06/2024","1828","574","0"
"411060","IPORÃ","PR","01/2025","1209","572","0"
"411060","IPORÃ","PR","10/2024","1400","629","0"
"411060","IPORÃ","PR","09/2025","912","657","0"
"411060","IPORÃ","PR","11/2025","901","599","0"
"411060","IPORÃ","PR","10/2025","895","659","0"
"411060","IPORÃ","PR","01/2026","985","584","0"
"411060","IPORÃ","PR","03/2025","1135","628","0"
"411060","IPORÃ","PR","04/2025","1119","607","0"
"411060","IPORÃ","PR","06/2025","1108","586","0"
"411060","IPORÃ","PR","07/2025","1143","589","0"
"411060","IPORÃ","PR","08/2025","1000","626","0"
"411060","IPORÃ","PR","12/2025","996","596","0"
"411060","IPORÃ","PR","02/2025","1165","564","0"
"411060","IPORÃ","PR","05/2025","1103","581","0"
"411060","IPORÃ","PR","02/2026","1022","606","0"
"411060","IPORÃ","PR","03/2026","1062","548","0"
"411060","IPORÃ","PR","04/2026","1093","525","0"
"411060","IPORÃ","PR","05/2026","1118","501","0"
"411060","IPORÃ","PR","06/2026","1102","516","0"
"411060","IPORÃ","PR","08/2026","1184","441","0"
"411065","IRACEMA DO OESTE","PR","08/2023","278","83","0"
"411065","IRACEMA DO OESTE","PR","08/2026","203","72","0"
"411065","IRACEMA DO OESTE","PR","06/2026","210","82","0"
"411065","IRACEMA DO OESTE","PR","05/2026","207","85","0"
"411065","IRACEMA DO OESTE","PR","04/2026","201","86","0"
"411065","IRACEMA DO OESTE","PR","03/2026","200","85","0"
"411065","IRACEMA DO OESTE","PR","02/2026","177","97","0"
"411065","IRACEMA DO OESTE","PR","04/2025","198","121","0"
"411065","IRACEMA DO OESTE","PR","05/2025","196","121","0"
"411065","IRACEMA DO OESTE","PR","06/2025","196","117","0"
"411065","IRACEMA DO OESTE","PR","08/2025","169","119","0"
"411065","IRACEMA DO OESTE","PR","10/2025","171","117","0"
"411065","IRACEMA DO OESTE","PR","11/2025","165","107","0"
"411065","IRACEMA DO OESTE","PR","02/2025","177","143","0"
"411065","IRACEMA DO OESTE","PR","01/2026","179","95","0"
"411065","IRACEMA DO OESTE","PR","12/2025","180","101","0"
"411065","IRACEMA DO OESTE","PR","03/2025","196","131","0"
"411065","IRACEMA DO OESTE","PR","07/2025","171","108","0"
"411065","IRACEMA DO OESTE","PR","09/2025","173","122","0"
"411065","IRACEMA DO OESTE","PR","08/2024","199","146","0"
"411065","IRACEMA DO OESTE","PR","10/2024","194","123","0"
"411065","IRACEMA DO OESTE","PR","04/2023","315","50","0"
"411065","IRACEMA DO OESTE","PR","06/2024","248","109","0"
"411065","IRACEMA DO OESTE","PR","01/2025","174","144","0"
"411065","IRACEMA DO OESTE","PR","04/2024","260","104","0"
"411065","IRACEMA DO OESTE","PR","09/2024","193","132","0"
"411065","IRACEMA DO OESTE","PR","07/2024","202","144","0"
"411065","IRACEMA DO OESTE","PR","03/2024","246","105","0"
"411065","IRACEMA DO OESTE","PR","02/2024","275","90","0"
"411065","IRACEMA DO OESTE","PR","11/2024","189","119","0"
"411065","IRACEMA DO OESTE","PR","05/2024","248","108","0"
"411065","IRACEMA DO OESTE","PR","12/2024","195","123","0"
"411065","IRACEMA DO OESTE","PR","10/2023","275","89","0"
"411065","IRACEMA DO OESTE","PR","09/2023","275","90","0"
"411065","IRACEMA DO OESTE","PR","03/2023","312","47","0"
"411065","IRACEMA DO OESTE","PR","12/2023","264","93","0"
"411065","IRACEMA DO OESTE","PR","01/2024","274","90","0"
"411065","IRACEMA DO OESTE","PR","11/2023","252","94","0"
"411065","IRACEMA DO OESTE","PR","02/2023","330","64","0"
"411065","IRACEMA DO OESTE","PR","07/2023","275","91","0"
"411065","IRACEMA DO OESTE","PR","05/2023","310","50","0"
"411065","IRACEMA DO OESTE","PR","06/2023","302","61","0"
"411070","IRATI","PR","10/2023","9408","2016","0"
"411070","IRATI","PR","08/2026","8725","1190","0"
"411070","IRATI","PR","06/2026","8487","1359","0"
"411070","IRATI","PR","05/2026","8396","1396","0"
"411070","IRATI","PR","04/2026","8229","1543","0"
"411070","IRATI","PR","03/2026","8153","1572","0"
"411070","IRATI","PR","02/2026","7719","1720","0"
"411070","IRATI","PR","04/2025","7787","2652","0"
"411070","IRATI","PR","05/2025","7784","2626","0"
"411070","IRATI","PR","01/2026","7751","1652","0"
"411070","IRATI","PR","08/2025","7447","2100","0"
"411070","IRATI","PR","03/2025","7728","2734","0"
"411070","IRATI","PR","11/2025","7482","1748","0"
"411070","IRATI","PR","10/2025","7487","1925","0"
"411070","IRATI","PR","12/2025","7724","1663","0"
"411070","IRATI","PR","02/2025","7812","2649","0"
"411070","IRATI","PR","06/2025","7781","2644","0"
"411070","IRATI","PR","09/2025","7457","1993","0"
"411070","IRATI","PR","07/2025","7380","2161","0"
"411070","IRATI","PR","06/2024","8654","2561","0"
"411070","IRATI","PR","08/2024","8086","2755","0"
"411070","IRATI","PR","11/2024","7852","2691","0"
"411070","IRATI","PR","01/2025","7725","2717","0"
"411070","IRATI","PR","09/2024","8029","2657","0"
"411070","IRATI","PR","05/2024","8341","2599","0"
"411070","IRATI","PR","10/2024","7820","2796","0"
"411070","IRATI","PR","07/2024","8109","2817","0"
"411070","IRATI","PR","02/2024","8891","2286","0"
"411070","IRATI","PR","04/2024","8333","2615","0"
"411070","IRATI","PR","12/2024","8038","2577","0"
"411070","IRATI","PR","03/2024","8356","2634","0"
"411070","IRATI","PR","11/2023","8795","2472","0"
"411070","IRATI","PR","05/2023","10319","707","0"
"411070","IRATI","PR","08/2023","9133","2088","0"
"411070","IRATI","PR","07/2023","8523","2180","0"
"411070","IRATI","PR","02/2023","10835","649","0"
"411070","IRATI","PR","12/2023","8852","2460","0"
"411070","IRATI","PR","06/2023","10279","716","0"
"411070","IRATI","PR","09/2023","9282","2020","0"
"411070","IRATI","PR","01/2024","8891","2411","0"
"411070","IRATI","PR","04/2023","10441","633","0"
"411070","IRATI","PR","03/2023","10480","595","0"
"411080","IRETAMA","PR","04/2023","2329","188","0"
"411080","IRETAMA","PR","08/2026","1616","411","0"
"411080","IRETAMA","PR","06/2026","1652","440","0"
"411080","IRETAMA","PR","05/2026","1674","428","0"
"411080","IRETAMA","PR","04/2026","1697","474","0"
"411080","IRETAMA","PR","03/2026","1612","504","0"
"411080","IRETAMA","PR","02/2026","1592","566","0"
"411080","IRETAMA","PR","06/2025","1746","709","0"
"411080","IRETAMA","PR","05/2025","1746","711","0"
"411080","IRETAMA","PR","03/2025","1724","737","0"
"411080","IRETAMA","PR","09/2025","1577","618","0"
"411080","IRETAMA","PR","04/2025","1749","718","0"
"411080","IRETAMA","PR","07/2025","1641","590","0"
"411080","IRETAMA","PR","10/2025","1519","622","0"
"411080","IRETAMA","PR","01/2026","1629","562","0"
"411080","IRETAMA","PR","11/2025","1530","546","0"
"411080","IRETAMA","PR","08/2025","1630","594","0"
"411080","IRETAMA","PR","12/2025","1633","540","0"
"411080","IRETAMA","PR","02/2025","1712","696","0"
"411080","IRETAMA","PR","10/2024","1817","706","0"
"411080","IRETAMA","PR","01/2025","1722","710","0"
"411080","IRETAMA","PR","06/2024","1985","656","0"
"411080","IRETAMA","PR","12/2024","1804","696","0"
"411080","IRETAMA","PR","07/2024","1862","711","0"
"411080","IRETAMA","PR","09/2024","1853","680","0"
"411080","IRETAMA","PR","08/2024","1848","703","0"
"411080","IRETAMA","PR","03/2024","2001","604","0"
"411080","IRETAMA","PR","02/2024","2121","522","0"
"411080","IRETAMA","PR","05/2024","1982","652","0"
"411080","IRETAMA","PR","11/2024","1800","708","0"
"411080","IRETAMA","PR","04/2024","1980","626","0"
"411080","IRETAMA","PR","09/2023","2245","476","0"
"411080","IRETAMA","PR","05/2023","2367","171","0"
"411080","IRETAMA","PR","03/2023","2288","207","0"
"411080","IRETAMA","PR","07/2023","2130","525","0"
"411080","IRETAMA","PR","08/2023","2176","482","0"
"411080","IRETAMA","PR","02/2023","2367","236","0"
"411080","IRETAMA","PR","10/2023","2264","468","0"
"411080","IRETAMA","PR","01/2024","2129","544","0"
"411080","IRETAMA","PR","12/2023","2143","567","0"
"411080","IRETAMA","PR","11/2023","2124","578","0"
"411080","IRETAMA","PR","06/2023","2380","174","0"
"411090","ITAGUAJÉ","PR","05/2023","497","53","0"
"411090","ITAGUAJÉ","PR","08/2026","463","81","0"
"411090","ITAGUAJÉ","PR","06/2026","489","73","0"
"411090","ITAGUAJÉ","PR","05/2026","473","65","0"
"411090","ITAGUAJÉ","PR","04/2026","428","71","0"
"411090","ITAGUAJÉ","PR","03/2026","427","69","0"
"411090","ITAGUAJÉ","PR","02/2026","443","73","0"
"411090","ITAGUAJÉ","PR","05/2025","436","78","0"
"411090","ITAGUAJÉ","PR","03/2025","457","76","0"
"411090","ITAGUAJÉ","PR","09/2025","394","81","0"
"411090","ITAGUAJÉ","PR","11/2025","371","72","0"
"411090","ITAGUAJÉ","PR","10/2025","371","84","0"
"411090","ITAGUAJÉ","PR","12/2025","457","72","0"
"411090","ITAGUAJÉ","PR","06/2025","426","79","0"
"411090","ITAGUAJÉ","PR","02/2025","438","93","0"
"411090","ITAGUAJÉ","PR","04/2025","445","82","0"
"411090","ITAGUAJÉ","PR","01/2026","440","81","0"
"411090","ITAGUAJÉ","PR","07/2025","405","69","0"
"411090","ITAGUAJÉ","PR","08/2025","392","75","0"
"411090","ITAGUAJÉ","PR","08/2024","416","124","0"
"411090","ITAGUAJÉ","PR","03/2024","464","138","0"
"411090","ITAGUAJÉ","PR","09/2024","404","120","0"
"411090","ITAGUAJÉ","PR","12/2024","434","113","0"
"411090","ITAGUAJÉ","PR","01/2025","437","95","0"
"411090","ITAGUAJÉ","PR","07/2024","425","126","0"
"411090","ITAGUAJÉ","PR","06/2024","438","113","0"
"411090","ITAGUAJÉ","PR","11/2024","408","129","0"
"411090","ITAGUAJÉ","PR","02/2024","486","122","0"
"411090","ITAGUAJÉ","PR","10/2024","407","131","0"
"411090","ITAGUAJÉ","PR","05/2024","435","130","0"
"411090","ITAGUAJÉ","PR","04/2024","442","129","0"
"411090","ITAGUAJÉ","PR","09/2023","491","100","0"
"411090","ITAGUAJÉ","PR","02/2023","496","78","0"
"411090","ITAGUAJÉ","PR","10/2023","498","105","0"
"411090","ITAGUAJÉ","PR","07/2023","469","121","0"
"411090","ITAGUAJÉ","PR","04/2023","502","57","0"
"411090","ITAGUAJÉ","PR","01/2024","478","125","0"
"411090","ITAGUAJÉ","PR","03/2023","487","67","0"
"411090","ITAGUAJÉ","PR","12/2023","474","132","0"
"411090","ITAGUAJÉ","PR","08/2023","465","105","0"
"411090","ITAGUAJÉ","PR","11/2023","454","148","0"
"411090","ITAGUAJÉ","PR","06/2023","498","61","0"
"411095","ITAIPULÂNDIA","PR","08/2026","890","298","0"
"411095","ITAIPULÂNDIA","PR","06/2026","886","344","0"
"411095","ITAIPULÂNDIA","PR","05/2026","884","354","0"
"411095","ITAIPULÂNDIA","PR","04/2026","875","340","0"
"411095","ITAIPULÂNDIA","PR","03/2026","847","345","0"
"411095","ITAIPULÂNDIA","PR","02/2026","839","362","0"
"411095","ITAIPULÂNDIA","PR","04/2025","810","380","0"
"411095","ITAIPULÂNDIA","PR","12/2025","873","361","0"
"411095","ITAIPULÂNDIA","PR","08/2025","745","393","0"
"411095","ITAIPULÂNDIA","PR","11/2025","760","367","0"
"411095","ITAIPULÂNDIA","PR","02/2025","824","354","0"
"411095","ITAIPULÂNDIA","PR","07/2025","785","355","0"
"411095","ITAIPULÂNDIA","PR","01/2026","862","360","0"
"411095","ITAIPULÂNDIA","PR","09/2025","770","379","0"
"411095","ITAIPULÂNDIA","PR","06/2025","809","358","0"
"411095","ITAIPULÂNDIA","PR","10/2025","771","393","0"
"411095","ITAIPULÂNDIA","PR","05/2025","805","375","0"
"411095","ITAIPULÂNDIA","PR","03/2025","795","394","0"
"411095","ITAIPULÂNDIA","PR","10/2024","838","320","0"
"411095","ITAIPULÂNDIA","PR","07/2024","857","316","0"
"411095","ITAIPULÂNDIA","PR","06/2024","903","276","0"
"411095","ITAIPULÂNDIA","PR","12/2024","886","314","0"
"411095","ITAIPULÂNDIA","PR","03/2024","884","297","0"
"411095","ITAIPULÂNDIA","PR","05/2024","905","278","0"
"411095","ITAIPULÂNDIA","PR","01/2025","845","353","0"
"411095","ITAIPULÂNDIA","PR","11/2024","838","321","0"
"411095","ITAIPULÂNDIA","PR","09/2024","865","286","0"
"411095","ITAIPULÂNDIA","PR","08/2024","869","310","0"
"411095","ITAIPULÂNDIA","PR","02/2024","926","257","0"
"411095","ITAIPULÂNDIA","PR","04/2024","901","286","0"
"411095","ITAIPULÂNDIA","PR","11/2023","906","270","0"
"411095","ITAIPULÂNDIA","PR","01/2024","920","265","0"
"411095","ITAIPULÂNDIA","PR","09/2023","901","241","0"
"411095","ITAIPULÂNDIA","PR","07/2023","879","269","0"
"411095","ITAIPULÂNDIA","PR","12/2023","916","270","0"
"411095","ITAIPULÂNDIA","PR","02/2023","1004","193","0"
"411095","ITAIPULÂNDIA","PR","03/2023","939","158","0"
"411095","ITAIPULÂNDIA","PR","10/2023","935","240","0"
"411095","ITAIPULÂNDIA","PR","08/2023","918","233","0"
"411095","ITAIPULÂNDIA","PR","06/2023","960","139","0"
"411095","ITAIPULÂNDIA","PR","05/2023","982","129","0"
"411095","ITAIPULÂNDIA","PR","04/2023","963","122","0"
"411100","ITAMBARACÁ","PR","08/2026","915","210","0"
"411100","ITAMBARACÁ","PR","05/2023","1192","126","0"
"411100","ITAMBARACÁ","PR","12/2023","1050","316","0"
"411100","ITAMBARACÁ","PR","08/2023","1112","255","0"
"411100","ITAMBARACÁ","PR","06/2023","1200","129","0"
"411100","ITAMBARACÁ","PR","03/2023","1166","130","0"
"411100","ITAMBARACÁ","PR","02/2023","1180","154","0"
"411100","ITAMBARACÁ","PR","01/2024","1081","287","0"
"411100","ITAMBARACÁ","PR","10/2023","1137","255","0"
"411100","ITAMBARACÁ","PR","07/2023","1088","270","0"
"411100","ITAMBARACÁ","PR","04/2023","1181","131","0"
"411100","ITAMBARACÁ","PR","09/2023","1129","266","0"
"411100","ITAMBARACÁ","PR","11/2023","1049","319","0"
"411100","ITAMBARACÁ","PR","04/2024","1076","336","0"
"411100","ITAMBARACÁ","PR","12/2024","1047","282","0"
"411100","ITAMBARACÁ","PR","05/2024","1115","303","0"
"411100","ITAMBARACÁ","PR","02/2024","1095","290","0"
"411100","ITAMBARACÁ","PR","07/2024","1075","315","0"
"411100","ITAMBARACÁ","PR","10/2024","1009","347","0"
"411100","ITAMBARACÁ","PR","03/2024","1033","363","0"
"411100","ITAMBARACÁ","PR","06/2024","1117","286","0"
"411100","ITAMBARACÁ","PR","09/2024","1092","282","0"
"411100","ITAMBARACÁ","PR","01/2025","1012","311","0"
"411100","ITAMBARACÁ","PR","11/2024","1017","331","0"
"411100","ITAMBARACÁ","PR","08/2024","1072","297","0"
"411100","ITAMBARACÁ","PR","05/2025","1019","324","0"
"411100","ITAMBARACÁ","PR","09/2025","943","302","0"
"411100","ITAMBARACÁ","PR","08/2025","929","311","0"
"411100","ITAMBARACÁ","PR","07/2025","949","287","0"
"411100","ITAMBARACÁ","PR","02/2025","1020","308","0"
"411100","ITAMBARACÁ","PR","06/2025","1016","317","0"
"411100","ITAMBARACÁ","PR","01/2026","947","239","0"
"411100","ITAMBARACÁ","PR","12/2025","943","236","0"
"411100","ITAMBARACÁ","PR","11/2025","926","258","0"
"411100","ITAMBARACÁ","PR","04/2025","1023","326","0"
"411100","ITAMBARACÁ","PR","03/2025","1026","319","0"
"411100","ITAMBARACÁ","PR","10/2025","933","295","0"
"411100","ITAMBARACÁ","PR","02/2026","933","247","0"
"411100","ITAMBARACÁ","PR","03/2026","954","245","0"
"411100","ITAMBARACÁ","PR","04/2026","955","238","0"
"411100","ITAMBARACÁ","PR","05/2026","967","224","0"
"411100","ITAMBARACÁ","PR","06/2026","931","225","0"
"411110","ITAMBÉ","PR","08/2026","139","62","0"
"411110","ITAMBÉ","PR","11/2023","114","89","0"
"411110","ITAMBÉ","PR","02/2023","94","106","0"
"411110","ITAMBÉ","PR","03/2023","86","116","0"
"411110","ITAMBÉ","PR","06/2023","85","123","0"
"411110","ITAMBÉ","PR","12/2023","113","82","0"
"411110","ITAMBÉ","PR","05/2023","87","112","0"
"411110","ITAMBÉ","PR","10/2023","101","100","0"
"411110","ITAMBÉ","PR","01/2024","109","62","0"
"411110","ITAMBÉ","PR","07/2023","107","128","0"
"411110","ITAMBÉ","PR","09/2023","101","103","0"
"411110","ITAMBÉ","PR","04/2023","93","109","0"
"411110","ITAMBÉ","PR","08/2023","109","93","0"
"411110","ITAMBÉ","PR","04/2024","121","76","0"
"411110","ITAMBÉ","PR","11/2024","107","89","0"
"411110","ITAMBÉ","PR","07/2024","111","90","0"
"411110","ITAMBÉ","PR","01/2025","94","99","0"
"411110","ITAMBÉ","PR","03/2024","123","73","0"
"411110","ITAMBÉ","PR","12/2024","100","101","0"
"411110","ITAMBÉ","PR","05/2024","107","84","0"
"411110","ITAMBÉ","PR","06/2024","107","84","0"
"411110","ITAMBÉ","PR","09/2024","117","92","0"
"411110","ITAMBÉ","PR","10/2024","109","84","0"
"411110","ITAMBÉ","PR","02/2024","115","63","0"
"411110","ITAMBÉ","PR","08/2024","111","87","0"
"411110","ITAMBÉ","PR","05/2025","90","104","0"
"411110","ITAMBÉ","PR","02/2025","97","99","0"
"411110","ITAMBÉ","PR","11/2025","87","87","0"
"411110","ITAMBÉ","PR","12/2025","94","87","0"
"411110","ITAMBÉ","PR","07/2025","93","87","0"
"411110","ITAMBÉ","PR","10/2025","82","88","0"
"411110","ITAMBÉ","PR","01/2026","101","83","0"
"411110","ITAMBÉ","PR","08/2025","87","95","0"
"411110","ITAMBÉ","PR","09/2025","82","98","0"
"411110","ITAMBÉ","PR","03/2025","93","102","0"
"411110","ITAMBÉ","PR","04/2025","90","112","0"
"411110","ITAMBÉ","PR","06/2025","90","97","0"
"411110","ITAMBÉ","PR","02/2026","107","87","0"
"411110","ITAMBÉ","PR","03/2026","102","88","0"
"411110","ITAMBÉ","PR","04/2026","105","89","0"
"411110","ITAMBÉ","PR","05/2026","107","88","0"
"411110","ITAMBÉ","PR","06/2026","106","79","0"
"411120","ITAPEJARA DOESTE","PR","08/2026","709","472","0"
"411120","ITAPEJARA DOESTE","PR","02/2023","2324","80","0"
"411120","ITAPEJARA DOESTE","PR","06/2023","2098","152","0"
"411120","ITAPEJARA DOESTE","PR","11/2023","1614","628","0"
"411120","ITAPEJARA DOESTE","PR","03/2023","2169","102","0"
"411120","ITAPEJARA DOESTE","PR","09/2023","1829","467","0"
"411120","ITAPEJARA DOESTE","PR","08/2023","1850","438","0"
"411120","ITAPEJARA DOESTE","PR","04/2023","2131","122","0"
"411120","ITAPEJARA DOESTE","PR","05/2023","2125","134","0"
"411120","ITAPEJARA DOESTE","PR","10/2023","1782","492","0"
"411120","ITAPEJARA DOESTE","PR","07/2023","1689","453","0"
"411120","ITAPEJARA DOESTE","PR","12/2023","1618","622","0"
"411120","ITAPEJARA DOESTE","PR","01/2024","1588","631","0"
"411120","ITAPEJARA DOESTE","PR","11/2024","1349","827","0"
"411120","ITAPEJARA DOESTE","PR","01/2025","1317","799","0"
"411120","ITAPEJARA DOESTE","PR","02/2024","1620","604","0"
"411120","ITAPEJARA DOESTE","PR","04/2024","1467","753","0"
"411120","ITAPEJARA DOESTE","PR","12/2024","1367","790","0"
"411120","ITAPEJARA DOESTE","PR","05/2024","1484","740","0"
"411120","ITAPEJARA DOESTE","PR","07/2024","1423","810","0"
"411120","ITAPEJARA DOESTE","PR","08/2024","1415","798","0"
"411120","ITAPEJARA DOESTE","PR","09/2024","1419","769","0"
"411120","ITAPEJARA DOESTE","PR","10/2024","1349","840","0"
"411120","ITAPEJARA DOESTE","PR","06/2024","1535","726","0"
"411120","ITAPEJARA DOESTE","PR","03/2024","1447","732","0"
"411120","ITAPEJARA DOESTE","PR","02/2025","1367","809","0"
"411120","ITAPEJARA DOESTE","PR","07/2025","1125","703","0"
"411120","ITAPEJARA DOESTE","PR","12/2025","842","596","0"
"411120","ITAPEJARA DOESTE","PR","09/2025","947","688","0"
"411120","ITAPEJARA DOESTE","PR","01/2026","795","586","0"
"411120","ITAPEJARA DOESTE","PR","06/2025","1270","817","0"
"411120","ITAPEJARA DOESTE","PR","10/2025","867","726","0"
"411120","ITAPEJARA DOESTE","PR","11/2025","835","640","0"
"411120","ITAPEJARA DOESTE","PR","03/2025","1297","815","0"
"411120","ITAPEJARA DOESTE","PR","08/2025","1027","712","0"
"411120","ITAPEJARA DOESTE","PR","05/2025","1272","821","0"
"411120","ITAPEJARA DOESTE","PR","04/2025","1275","830","0"
"411120","ITAPEJARA DOESTE","PR","02/2026","800","610","0"
"411120","ITAPEJARA DOESTE","PR","03/2026","773","565","0"
"411120","ITAPEJARA DOESTE","PR","04/2026","770","563","0"
"411120","ITAPEJARA DOESTE","PR","05/2026","761","557","0"
"411120","ITAPEJARA DOESTE","PR","06/2026","743","563","0"
"411125","ITAPERUÇU","PR","08/2026","7673","1026","0"
"411125","ITAPERUÇU","PR","10/2023","7589","2030","0"
"411125","ITAPERUÇU","PR","11/2023","7301","2459","0"
"411125","ITAPERUÇU","PR","02/2023","8934","834","0"
"411125","ITAPERUÇU","PR","03/2023","8526","756","0"
"411125","ITAPERUÇU","PR","05/2023","8472","731","0"
"411125","ITAPERUÇU","PR","06/2023","8360","797","0"
"411125","ITAPERUÇU","PR","09/2023","7523","2103","0"
"411125","ITAPERUÇU","PR","07/2023","6745","2251","0"
"411125","ITAPERUÇU","PR","08/2023","6805","2185","0"
"411125","ITAPERUÇU","PR","04/2023","8525","717","0"
"411125","ITAPERUÇU","PR","01/2024","7405","2276","0"
"411125","ITAPERUÇU","PR","12/2023","7309","2388","0"
"411125","ITAPERUÇU","PR","03/2024","6832","2572","0"
"411125","ITAPERUÇU","PR","02/2024","7311","2186","0"
"411125","ITAPERUÇU","PR","06/2024","6998","2289","0"
"411125","ITAPERUÇU","PR","09/2024","7245","2073","0"
"411125","ITAPERUÇU","PR","10/2024","7300","2154","0"
"411125","ITAPERUÇU","PR","07/2024","7104","2375","0"
"411125","ITAPERUÇU","PR","12/2024","7484","1907","0"
"411125","ITAPERUÇU","PR","04/2024","6885","2513","0"
"411125","ITAPERUÇU","PR","05/2024","6969","2358","0"
"411125","ITAPERUÇU","PR","01/2025","7184","2056","0"
"411125","ITAPERUÇU","PR","11/2024","7415","2039","0"
"411125","ITAPERUÇU","PR","08/2024","7133","2195","0"
"411125","ITAPERUÇU","PR","12/2025","7150","1096","0"
"411125","ITAPERUÇU","PR","09/2025","6973","1298","0"
"411125","ITAPERUÇU","PR","04/2025","7513","1940","0"
"411125","ITAPERUÇU","PR","10/2025","6962","1300","0"
"411125","ITAPERUÇU","PR","06/2025","7524","1891","0"
"411125","ITAPERUÇU","PR","07/2025","7265","1338","0"
"411125","ITAPERUÇU","PR","08/2025","7045","1301","0"
"411125","ITAPERUÇU","PR","02/2025","7219","2022","0"
"411125","ITAPERUÇU","PR","11/2025","6969","1183","0"
"411125","ITAPERUÇU","PR","03/2025","7436","2002","0"
"411125","ITAPERUÇU","PR","05/2025","7512","1919","0"
"411125","ITAPERUÇU","PR","01/2026","7175","1137","0"
"411125","ITAPERUÇU","PR","02/2026","7154","1180","0"
"411125","ITAPERUÇU","PR","03/2026","7147","1051","0"
"411125","ITAPERUÇU","PR","04/2026","7108","1053","0"
"411125","ITAPERUÇU","PR","05/2026","7401","1050","0"
"411125","ITAPERUÇU","PR","06/2026","7810","1038","0"
"411130","ITAÚNA DO SUL","PR","11/2025","414","234","0"
"411130","ITAÚNA DO SUL","PR","12/2023","652","222","0"
"411130","ITAÚNA DO SUL","PR","06/2023","765","76","0"
"411130","ITAÚNA DO SUL","PR","04/2023","754","62","0"
"411130","ITAÚNA DO SUL","PR","03/2023","722","61","0"
"411130","ITAÚNA DO SUL","PR","08/2023","711","173","0"
"411130","ITAÚNA DO SUL","PR","02/2023","749","80","0"
"411130","ITAÚNA DO SUL","PR","11/2023","654","219","0"
"411130","ITAÚNA DO SUL","PR","01/2024","660","222","0"
"411130","ITAÚNA DO SUL","PR","07/2023","686","194","0"
"411130","ITAÚNA DO SUL","PR","09/2023","731","166","0"
"411130","ITAÚNA DO SUL","PR","05/2023","766","67","0"
"411130","ITAÚNA DO SUL","PR","10/2023","720","179","0"
"411130","ITAÚNA DO SUL","PR","02/2024","688","208","0"
"411130","ITAÚNA DO SUL","PR","04/2024","657","251","0"
"411130","ITAÚNA DO SUL","PR","09/2024","618","243","0"
"411130","ITAÚNA DO SUL","PR","07/2024","615","254","0"
"411130","ITAÚNA DO SUL","PR","10/2024","576","282","0"
"411130","ITAÚNA DO SUL","PR","01/2025","512","290","0"
"411130","ITAÚNA DO SUL","PR","03/2024","651","258","0"
"411130","ITAÚNA DO SUL","PR","12/2024","570","261","0"
"411130","ITAÚNA DO SUL","PR","05/2024","650","252","0"
"411130","ITAÚNA DO SUL","PR","06/2024","643","252","0"
"411130","ITAÚNA DO SUL","PR","11/2024","567","279","0"
"411130","ITAÚNA DO SUL","PR","08/2024","622","249","0"
"411130","ITAÚNA DO SUL","PR","08/2025","459","285","0"
"411130","ITAÚNA DO SUL","PR","06/2025","499","286","0"
"411130","ITAÚNA DO SUL","PR","07/2025","471","291","0"
"411130","ITAÚNA DO SUL","PR","02/2025","509","290","0"
"411130","ITAÚNA DO SUL","PR","10/2025","421","253","0"
"411130","ITAÚNA DO SUL","PR","04/2025","498","295","0"
"411130","ITAÚNA DO SUL","PR","03/2025","488","304","0"
"411130","ITAÚNA DO SUL","PR","09/2025","429","285","0"
"411130","ITAÚNA DO SUL","PR","12/2025","466","239","0"
"411130","ITAÚNA DO SUL","PR","05/2025","497","292","0"
"411130","ITAÚNA DO SUL","PR","01/2026","463","256","0"
"411130","ITAÚNA DO SUL","PR","02/2026","453","239","0"
"411130","ITAÚNA DO SUL","PR","03/2026","441","233","0"
"411130","ITAÚNA DO SUL","PR","04/2026","468","227","0"
"411130","ITAÚNA DO SUL","PR","05/2026","471","206","0"
"411130","ITAÚNA DO SUL","PR","06/2026","478","209","0"
"411130","ITAÚNA DO SUL","PR","08/2026","472","187","0"
"411140","IVAÍ","PR","08/2026","2441","496","0"
"411140","IVAÍ","PR","06/2026","2454","545","0"
"411140","IVAÍ","PR","05/2026","2489","553","0"
"411140","IVAÍ","PR","04/2026","2487","563","0"
"411140","IVAÍ","PR","03/2026","2470","605","0"
"411140","IVAÍ","PR","02/2026","2461","656","0"
"411140","IVAÍ","PR","05/2025","2576","736","0"
"411140","IVAÍ","PR","03/2025","2583","782","0"
"411140","IVAÍ","PR","08/2025","2504","766","0"
"411140","IVAÍ","PR","09/2025","2500","741","0"
"411140","IVAÍ","PR","11/2025","2458","660","0"
"411140","IVAÍ","PR","06/2025","2585","727","0"
"411140","IVAÍ","PR","01/2026","2519","674","0"
"411140","IVAÍ","PR","10/2025","2476","698","0"
"411140","IVAÍ","PR","02/2025","2590","778","0"
"411140","IVAÍ","PR","04/2025","2574","762","0"
"411140","IVAÍ","PR","07/2025","2467","741","0"
"411140","IVAÍ","PR","12/2025","2576","660","0"
"411140","IVAÍ","PR","01/2025","2574","794","0"
"411140","IVAÍ","PR","02/2024","2711","858","0"
"411140","IVAÍ","PR","06/2024","2584","908","0"
"411140","IVAÍ","PR","10/2024","2451","905","0"
"411140","IVAÍ","PR","07/2024","2507","948","0"
"411140","IVAÍ","PR","09/2024","2497","860","0"
"411140","IVAÍ","PR","08/2024","2493","929","0"
"411140","IVAÍ","PR","05/2024","2582","928","0"
"411140","IVAÍ","PR","11/2024","2495","855","0"
"411140","IVAÍ","PR","12/2024","2568","789","0"
"411140","IVAÍ","PR","04/2024","2574","949","0"
"411140","IVAÍ","PR","03/2024","2605","932","0"
"411140","IVAÍ","PR","11/2023","2752","827","0"
"411140","IVAÍ","PR","09/2023","2807","773","0"
"411140","IVAÍ","PR","05/2023","3053","528","0"
"411140","IVAÍ","PR","07/2023","2763","844","0"
"411140","IVAÍ","PR","04/2023","3076","486","0"
"411140","IVAÍ","PR","10/2023","2829","786","0"
"411140","IVAÍ","PR","03/2023","3081","493","0"
"411140","IVAÍ","PR","02/2023","3142","530","0"
"411140","IVAÍ","PR","06/2023","3012","539","0"
"411140","IVAÍ","PR","12/2023","2736","832","0"
"411140","IVAÍ","PR","01/2024","2709","857","0"
"411140","IVAÍ","PR","08/2023","2794","762","0"
"411150","IVAIPORÃ","PR","06/2023","2033","502","0"
"411150","IVAIPORÃ","PR","10/2023","2016","653","0"
"411150","IVAIPORÃ","PR","04/2023","2061","444","0"
"411150","IVAIPORÃ","PR","03/2023","2009","443","0"
"411150","IVAIPORÃ","PR","11/2023","1944","711","0"
"411150","IVAIPORÃ","PR","09/2023","1998","636","0"
"411150","IVAIPORÃ","PR","02/2023","2092","455","0"
"411150","IVAIPORÃ","PR","12/2023","1922","720","0"
"411150","IVAIPORÃ","PR","05/2023","2068","460","0"
"411150","IVAIPORÃ","PR","07/2023","1938","718","0"
"411150","IVAIPORÃ","PR","08/2023","1964","627","0"
"411150","IVAIPORÃ","PR","01/2024","1929","731","0"
"411150","IVAIPORÃ","PR","11/2024","1686","841","0"
"411150","IVAIPORÃ","PR","01/2025","1577","868","0"
"411150","IVAIPORÃ","PR","02/2024","1937","695","0"
"411150","IVAIPORÃ","PR","12/2024","1680","828","0"
"411150","IVAIPORÃ","PR","05/2024","1903","717","0"
"411150","IVAIPORÃ","PR","04/2024","1881","737","0"
"411150","IVAIPORÃ","PR","06/2024","1942","710","0"
"411150","IVAIPORÃ","PR","07/2024","1794","793","0"
"411150","IVAIPORÃ","PR","09/2024","1749","766","0"
"411150","IVAIPORÃ","PR","10/2024","1693","846","0"
"411150","IVAIPORÃ","PR","03/2024","1845","752","0"
"411150","IVAIPORÃ","PR","08/2024","1771","791","0"
"411150","IVAIPORÃ","PR","08/2025","1555","799","0"
"411150","IVAIPORÃ","PR","05/2025","1570","839","0"
"411150","IVAIPORÃ","PR","04/2025","1567","859","0"
"411150","IVAIPORÃ","PR","09/2025","1559","786","0"
"411150","IVAIPORÃ","PR","01/2026","1518","728","0"
"411150","IVAIPORÃ","PR","07/2025","1517","790","0"
"411150","IVAIPORÃ","PR","02/2025","1573","870","0"
"411150","IVAIPORÃ","PR","10/2025","1533","813","0"
"411150","IVAIPORÃ","PR","11/2025","1524","737","0"
"411150","IVAIPORÃ","PR","03/2025","1559","867","0"
"411150","IVAIPORÃ","PR","12/2025","1565","720","0"
"411150","IVAIPORÃ","PR","06/2025","1583","819","0"
"411150","IVAIPORÃ","PR","02/2026","1501","751","0"
"411150","IVAIPORÃ","PR","03/2026","1554","733","0"
"411150","IVAIPORÃ","PR","04/2026","1562","720","0"
"411150","IVAIPORÃ","PR","05/2026","1534","731","0"
"411150","IVAIPORÃ","PR","06/2026","1528","741","0"
"411150","IVAIPORÃ","PR","08/2026","1529","653","0"
"411155","IVATÉ","PR","02/2023","1154","90","0"
"411155","IVATÉ","PR","03/2023","1087","79","0"
"411155","IVATÉ","PR","11/2023","1101","214","0"
"411155","IVATÉ","PR","08/2023","1086","180","0"
"411155","IVATÉ","PR","12/2023","1116","213","0"
"411155","IVATÉ","PR","01/2024","1138","195","0"
"411155","IVATÉ","PR","05/2023","1130","88","0"
"411155","IVATÉ","PR","06/2023","1140","88","0"
"411155","IVATÉ","PR","04/2023","1119","91","0"
"411155","IVATÉ","PR","09/2023","1152","148","0"
"411155","IVATÉ","PR","07/2023","1029","201","0"
"411155","IVATÉ","PR","10/2023","1164","143","0"
"411155","IVATÉ","PR","11/2024","983","269","0"
"411155","IVATÉ","PR","03/2024","1022","286","0"
"411155","IVATÉ","PR","04/2024","1072","277","0"
"411155","IVATÉ","PR","02/2024","1147","195","0"
"411155","IVATÉ","PR","01/2025","904","311","0"
"411155","IVATÉ","PR","07/2024","1017","275","0"
"411155","IVATÉ","PR","12/2024","981","254","0"
"411155","IVATÉ","PR","05/2024","1091","261","0"
"411155","IVATÉ","PR","06/2024","1095","251","0"
"411155","IVATÉ","PR","09/2024","1033","257","0"
"411155","IVATÉ","PR","10/2024","975","283","0"
"411155","IVATÉ","PR","08/2024","1015","267","0"
"411155","IVATÉ","PR","05/2025","859","329","0"
"411155","IVATÉ","PR","02/2025","904","311","0"
"411155","IVATÉ","PR","12/2025","826","239","0"
"411155","IVATÉ","PR","06/2025","865","329","0"
"411155","IVATÉ","PR","09/2025","803","276","0"
"411155","IVATÉ","PR","10/2025","779","284","0"
"411155","IVATÉ","PR","01/2026","827","233","0"
"411155","IVATÉ","PR","07/2025","829","295","0"
"411155","IVATÉ","PR","11/2025","766","251","0"
"411155","IVATÉ","PR","08/2025","803","280","0"
"411155","IVATÉ","PR","03/2025","838","365","0"
"411155","IVATÉ","PR","04/2025","859","329","0"
"411155","IVATÉ","PR","02/2026","831","234","0"
"411155","IVATÉ","PR","03/2026","837","214","0"
"411155","IVATÉ","PR","04/2026","825","223","0"
"411155","IVATÉ","PR","05/2026","871","223","0"
"411155","IVATÉ","PR","06/2026","921","201","0"
"411155","IVATÉ","PR","08/2026","923","173","0"
"411160","IVATUBA","PR","02/2023","231","36","0"
"411160","IVATUBA","PR","08/2026","113","93","0"
"411160","IVATUBA","PR","06/2026","131","92","0"
"411160","IVATUBA","PR","05/2026","140","97","0"
"411160","IVATUBA","PR","04/2026","144","95","0"
"411160","IVATUBA","PR","03/2026","143","96","0"
"411160","IVATUBA","PR","02/2026","139","113","0"
"411160","IVATUBA","PR","04/2025","203","85","0"
"411160","IVATUBA","PR","03/2025","203","85","0"
"411160","IVATUBA","PR","08/2025","177","96","0"
"411160","IVATUBA","PR","09/2025","178","94","0"
"411160","IVATUBA","PR","11/2025","150","113","0"
"411160","IVATUBA","PR","10/2025","150","121","0"
"411160","IVATUBA","PR","12/2025","145","109","0"
"411160","IVATUBA","PR","01/2026","140","116","0"
"411160","IVATUBA","PR","07/2025","179","94","0"
"411160","IVATUBA","PR","02/2025","215","84","0"
"411160","IVATUBA","PR","06/2025","203","83","0"
"411160","IVATUBA","PR","05/2025","203","85","0"
"411160","IVATUBA","PR","08/2024","224","79","0"
"411160","IVATUBA","PR","02/2024","269","65","0"
"411160","IVATUBA","PR","11/2024","217","92","0"
"411160","IVATUBA","PR","01/2025","212","86","0"
"411160","IVATUBA","PR","09/2024","229","79","0"
"411160","IVATUBA","PR","03/2024","251","74","0"
"411160","IVATUBA","PR","04/2024","251","69","0"
"411160","IVATUBA","PR","07/2024","225","79","0"
"411160","IVATUBA","PR","10/2024","208","90","0"
"411160","IVATUBA","PR","12/2024","221","80","0"
"411160","IVATUBA","PR","06/2024","250","59","0"
"411160","IVATUBA","PR","05/2024","270","65","0"
"411160","IVATUBA","PR","08/2023","266","54","0"
"411160","IVATUBA","PR","09/2023","277","54","0"
"411160","IVATUBA","PR","01/2024","264","65","0"
"411160","IVATUBA","PR","04/2023","235","37","0"
"411160","IVATUBA","PR","07/2023","261","56","0"
"411160","IVATUBA","PR","12/2023","268","66","0"
"411160","IVATUBA","PR","03/2023","234","37","0"
"411160","IVATUBA","PR","06/2023","249","43","0"
"411160","IVATUBA","PR","11/2023","267","70","0"
"411160","IVATUBA","PR","10/2023","277","50","0"
"411160","IVATUBA","PR","05/2023","248","37","0"
"411170","JABOTI","PR","08/2026","1147","171","0"
"411170","JABOTI","PR","06/2023","1086","93","0"
"411170","JABOTI","PR","08/2023","1114","158","0"
"411170","JABOTI","PR","05/2023","1092","83","0"
"411170","JABOTI","PR","12/2023","1178","169","0"
"411170","JABOTI","PR","10/2023","1190","125","0"
"411170","JABOTI","PR","11/2023","1150","174","0"
"411170","JABOTI","PR","07/2023","993","166","0"
"411170","JABOTI","PR","03/2023","1140","78","0"
"411170","JABOTI","PR","09/2023","1162","135","0"
"411170","JABOTI","PR","02/2023","1193","58","0"
"411170","JABOTI","PR","04/2023","1109","84","0"
"411170","JABOTI","PR","11/2024","1161","240","0"
"411170","JABOTI","PR","04/2024","1130","212","0"
"411170","JABOTI","PR","12/2024","1183","217","0"
"411170","JABOTI","PR","05/2024","1136","202","0"
"411170","JABOTI","PR","07/2024","1144","216","0"
"411170","JABOTI","PR","10/2024","1158","243","0"
"411170","JABOTI","PR","02/2024","1185","158","0"
"411170","JABOTI","PR","01/2025","1133","240","0"
"411170","JABOTI","PR","03/2024","1118","221","0"
"411170","JABOTI","PR","06/2024","1127","190","0"
"411170","JABOTI","PR","09/2024","1132","227","0"
"411170","JABOTI","PR","08/2024","1134","217","0"
"411170","JABOTI","PR","05/2025","1150","203","0"
"411170","JABOTI","PR","03/2025","1133","231","0"
"411170","JABOTI","PR","09/2025","1142","194","0"
"411170","JABOTI","PR","12/2025","1138","184","0"
"411170","JABOTI","PR","01/2026","1137","184","0"
"411170","JABOTI","PR","07/2025","1102","197","0"
"411170","JABOTI","PR","11/2025","1100","183","0"
"411170","JABOTI","PR","02/2025","1123","237","0"
"411170","JABOTI","PR","08/2025","1138","200","0"
"411170","JABOTI","PR","04/2025","1151","203","0"
"411170","JABOTI","PR","10/2025","1117","192","0"
"411170","JABOTI","PR","06/2025","1150","193","0"
"411170","JABOTI","PR","01/2024","1185","158","0"
"411170","JABOTI","PR","02/2026","1127","191","0"
"411170","JABOTI","PR","03/2026","1123","175","0"
"411170","JABOTI","PR","04/2026","1185","163","0"
"411170","JABOTI","PR","05/2026","1195","157","0"
"411170","JABOTI","PR","06/2026","1201","151","0"
"411180","JACAREZINHO","PR","06/2026","6096","1379","0"
"411180","JACAREZINHO","PR","02/2023","7981","755","0"
"411180","JACAREZINHO","PR","12/2023","6880","1845","0"
"411180","JACAREZINHO","PR","04/2023","7807","625","0"
"411180","JACAREZINHO","PR","08/2023","7018","1492","0"
"411180","JACAREZINHO","PR","10/2023","7358","1402","0"
"411180","JACAREZINHO","PR","07/2023","6558","1562","0"
"411180","JACAREZINHO","PR","03/2023","7796","647","0"
"411180","JACAREZINHO","PR","01/2024","6955","1736","0"
"411180","JACAREZINHO","PR","09/2023","7308","1392","0"
"411180","JACAREZINHO","PR","05/2023","7724","637","0"
"411180","JACAREZINHO","PR","06/2023","7663","671","0"
"411180","JACAREZINHO","PR","11/2023","6756","1883","0"
"411180","JACAREZINHO","PR","02/2024","7094","1721","0"
"411180","JACAREZINHO","PR","07/2024","6624","1961","0"
"411180","JACAREZINHO","PR","04/2024","6678","1937","0"
"411180","JACAREZINHO","PR","03/2024","6671","2001","0"
"411180","JACAREZINHO","PR","08/2024","6626","1898","0"
"411180","JACAREZINHO","PR","10/2024","6498","1936","0"
"411180","JACAREZINHO","PR","12/2024","6608","1800","0"
"411180","JACAREZINHO","PR","05/2024","6586","1878","0"
"411180","JACAREZINHO","PR","06/2024","6855","1815","0"
"411180","JACAREZINHO","PR","09/2024","6665","1797","0"
"411180","JACAREZINHO","PR","01/2025","6376","1929","0"
"411180","JACAREZINHO","PR","11/2024","6467","1862","0"
"411180","JACAREZINHO","PR","08/2025","5993","1631","0"
"411180","JACAREZINHO","PR","04/2025","6203","2008","0"
"411180","JACAREZINHO","PR","01/2026","5865","1475","0"
"411180","JACAREZINHO","PR","07/2025","6119","1591","0"
"411180","JACAREZINHO","PR","12/2025","5987","1454","0"
"411180","JACAREZINHO","PR","10/2025","5879","1631","0"
"411180","JACAREZINHO","PR","05/2025","6205","1990","0"
"411180","JACAREZINHO","PR","03/2025","6168","2071","0"
"411180","JACAREZINHO","PR","11/2025","5763","1482","0"
"411180","JACAREZINHO","PR","09/2025","5950","1638","0"
"411180","JACAREZINHO","PR","02/2025","6363","1896","0"
"411180","JACAREZINHO","PR","06/2025","6210","1980","0"
"411180","JACAREZINHO","PR","02/2026","5779","1513","0"
"411180","JACAREZINHO","PR","03/2026","5964","1383","0"
"411180","JACAREZINHO","PR","04/2026","5956","1402","0"
"411180","JACAREZINHO","PR","05/2026","6051","1379","0"
"411180","JACAREZINHO","PR","08/2026","6033","1381","0"
"411190","JAGUAPITÃ","PR","06/2026","1753","503","0"
"411190","JAGUAPITÃ","PR","11/2023","1589","607","0"
"411190","JAGUAPITÃ","PR","05/2023","2151","209","0"
"411190","JAGUAPITÃ","PR","04/2023","2153","191","0"
"411190","JAGUAPITÃ","PR","02/2023","2297","226","0"
"411190","JAGUAPITÃ","PR","08/2023","1770","552","0"
"411190","JAGUAPITÃ","PR","12/2023","1574","583","0"
"411190","JAGUAPITÃ","PR","09/2023","1766","519","0"
"411190","JAGUAPITÃ","PR","03/2023","2140","196","0"
"411190","JAGUAPITÃ","PR","10/2023","1745","520","0"
"411190","JAGUAPITÃ","PR","01/2024","1611","563","0"
"411190","JAGUAPITÃ","PR","07/2023","1749","569","0"
"411190","JAGUAPITÃ","PR","06/2023","2103","250","0"
"411190","JAGUAPITÃ","PR","04/2024","1431","554","0"
"411190","JAGUAPITÃ","PR","11/2024","1709","584","0"
"411190","JAGUAPITÃ","PR","02/2024","1585","528","0"
"411190","JAGUAPITÃ","PR","09/2024","1717","520","0"
"411190","JAGUAPITÃ","PR","07/2024","1711","542","0"
"411190","JAGUAPITÃ","PR","12/2024","1735","581","0"
"411190","JAGUAPITÃ","PR","10/2024","1694","591","0"
"411190","JAGUAPITÃ","PR","01/2025","1602","623","0"
"411190","JAGUAPITÃ","PR","05/2024","1437","553","0"
"411190","JAGUAPITÃ","PR","08/2026","1726","535","0"
"411190","JAGUAPITÃ","PR","03/2024","1485","567","0"
"411190","JAGUAPITÃ","PR","06/2024","1457","546","0"
"411190","JAGUAPITÃ","PR","08/2024","1733","535","0"
"411190","JAGUAPITÃ","PR","05/2025","1653","631","0"
"411190","JAGUAPITÃ","PR","09/2025","1515","497","0"
"411190","JAGUAPITÃ","PR","07/2025","1602","532","0"
"411190","JAGUAPITÃ","PR","02/2025","1638","612","0"
"411190","JAGUAPITÃ","PR","01/2026","1607","461","0"
"411190","JAGUAPITÃ","PR","03/2025","1640","660","0"
"411190","JAGUAPITÃ","PR","11/2025","1485","468","0"
"411190","JAGUAPITÃ","PR","10/2025","1491","479","0"
"411190","JAGUAPITÃ","PR","08/2025","1533","511","0"
"411190","JAGUAPITÃ","PR","06/2025","1670","612","0"
"411190","JAGUAPITÃ","PR","12/2025","1624","449","0"
"411190","JAGUAPITÃ","PR","04/2025","1659","642","0"
"411190","JAGUAPITÃ","PR","02/2026","1565","490","0"
"411190","JAGUAPITÃ","PR","03/2026","1556","467","0"
"411190","JAGUAPITÃ","PR","04/2026","1708","465","0"
"411190","JAGUAPITÃ","PR","05/2026","1708","473","0"
"411200","JAGUARIAÍVA","PR","06/2026","4610","1287","0"
"411200","JAGUARIAÍVA","PR","10/2023","5319","1455","0"
"411200","JAGUARIAÍVA","PR","02/2023","5579","887","0"
"411200","JAGUARIAÍVA","PR","05/2023","5621","912","0"
"411200","JAGUARIAÍVA","PR","12/2023","5170","1580","0"
"411200","JAGUARIAÍVA","PR","06/2023","5570","950","0"
"411200","JAGUARIAÍVA","PR","08/2023","5295","1390","0"
"411200","JAGUARIAÍVA","PR","09/2023","5351","1398","0"
"411200","JAGUARIAÍVA","PR","03/2023","5490","857","0"
"411200","JAGUARIAÍVA","PR","04/2023","5540","869","0"
"411200","JAGUARIAÍVA","PR","01/2024","5156","1565","0"
"411200","JAGUARIAÍVA","PR","07/2023","5168","1534","0"
"411200","JAGUARIAÍVA","PR","11/2023","5109","1670","0"
"411200","JAGUARIAÍVA","PR","02/2024","5174","1510","0"
"411200","JAGUARIAÍVA","PR","03/2024","5014","1695","0"
"411200","JAGUARIAÍVA","PR","12/2024","4989","1557","0"
"411200","JAGUARIAÍVA","PR","04/2024","5046","1676","0"
"411200","JAGUARIAÍVA","PR","11/2024","4914","1665","0"
"411200","JAGUARIAÍVA","PR","01/2025","4883","1637","0"
"411200","JAGUARIAÍVA","PR","05/2024","5064","1644","0"
"411200","JAGUARIAÍVA","PR","07/2024","4810","1816","0"
"411200","JAGUARIAÍVA","PR","06/2024","5087","1629","0"
"411200","JAGUARIAÍVA","PR","09/2024","4850","1670","0"
"411200","JAGUARIAÍVA","PR","10/2024","4861","1747","0"
"411200","JAGUARIAÍVA","PR","08/2024","4823","1740","0"
"411200","JAGUARIAÍVA","PR","03/2025","4834","1684","0"
"411200","JAGUARIAÍVA","PR","09/2025","4517","1416","0"
"411200","JAGUARIAÍVA","PR","04/2025","4827","1674","0"
"411200","JAGUARIAÍVA","PR","12/2025","4445","1325","0"
"411200","JAGUARIAÍVA","PR","01/2026","4372","1417","0"
"411200","JAGUARIAÍVA","PR","07/2025","4609","1521","0"
"411200","JAGUARIAÍVA","PR","02/2025","4892","1629","0"
"411200","JAGUARIAÍVA","PR","05/2025","4826","1649","0"
"411200","JAGUARIAÍVA","PR","11/2025","4438","1351","0"
"411200","JAGUARIAÍVA","PR","08/2025","4589","1465","0"
"411200","JAGUARIAÍVA","PR","10/2025","4469","1456","0"
"411200","JAGUARIAÍVA","PR","06/2025","4832","1629","0"
"411200","JAGUARIAÍVA","PR","02/2026","4353","1436","0"
"411200","JAGUARIAÍVA","PR","03/2026","4622","1293","0"
"411200","JAGUARIAÍVA","PR","04/2026","4617","1235","0"
"411200","JAGUARIAÍVA","PR","05/2026","4602","1261","0"
"411200","JAGUARIAÍVA","PR","08/2026","4624","1152","0"
"411210","JANDAIA DO SUL","PR","03/2023","3065","222","0"
"411210","JANDAIA DO SUL","PR","02/2023","3264","248","0"
"411210","JANDAIA DO SUL","PR","08/2026","2331","493","0"
"411210","JANDAIA DO SUL","PR","06/2026","2340","550","0"
"411210","JANDAIA DO SUL","PR","05/2026","2306","571","0"
"411210","JANDAIA DO SUL","PR","04/2026","2290","565","0"
"411210","JANDAIA DO SUL","PR","03/2026","2272","567","0"
"411210","JANDAIA DO SUL","PR","02/2026","2262","562","0"
"411210","JANDAIA DO SUL","PR","09/2025","2161","616","0"
"411210","JANDAIA DO SUL","PR","08/2025","2126","615","0"
"411210","JANDAIA DO SUL","PR","03/2025","2126","887","0"
"411210","JANDAIA DO SUL","PR","06/2025","2148","862","0"
"411210","JANDAIA DO SUL","PR","01/2026","2176","554","0"
"411210","JANDAIA DO SUL","PR","11/2025","2143","512","0"
"411210","JANDAIA DO SUL","PR","02/2025","2097","908","0"
"411210","JANDAIA DO SUL","PR","05/2025","2142","859","0"
"411210","JANDAIA DO SUL","PR","10/2025","2139","613","0"
"411210","JANDAIA DO SUL","PR","07/2025","2135","658","0"
"411210","JANDAIA DO SUL","PR","12/2025","2223","528","0"
"411210","JANDAIA DO SUL","PR","04/2025","2142","867","0"
"411210","JANDAIA DO SUL","PR","08/2024","2178","814","0"
"411210","JANDAIA DO SUL","PR","11/2024","2168","929","0"
"411210","JANDAIA DO SUL","PR","06/2024","2107","760","0"
"411210","JANDAIA DO SUL","PR","10/2024","2101","940","0"
"411210","JANDAIA DO SUL","PR","01/2025","2095","914","0"
"411210","JANDAIA DO SUL","PR","02/2024","2176","774","0"
"411210","JANDAIA DO SUL","PR","09/2024","2180","805","0"
"411210","JANDAIA DO SUL","PR","05/2024","2092","781","0"
"411210","JANDAIA DO SUL","PR","07/2024","2190","837","0"
"411210","JANDAIA DO SUL","PR","12/2024","2178","898","0"
"411210","JANDAIA DO SUL","PR","04/2024","2104","829","0"
"411210","JANDAIA DO SUL","PR","03/2024","2084","854","0"
"411210","JANDAIA DO SUL","PR","10/2023","2452","645","0"
"411210","JANDAIA DO SUL","PR","01/2024","2220","775","0"
"411210","JANDAIA DO SUL","PR","11/2023","2257","751","0"
"411210","JANDAIA DO SUL","PR","08/2023","2450","709","0"
"411210","JANDAIA DO SUL","PR","07/2023","2458","734","0"
"411210","JANDAIA DO SUL","PR","06/2023","3046","237","0"
"411210","JANDAIA DO SUL","PR","04/2023","3049","223","0"
"411210","JANDAIA DO SUL","PR","09/2023","2452","672","0"
"411210","JANDAIA DO SUL","PR","12/2023","2258","741","0"
"411210","JANDAIA DO SUL","PR","05/2023","3042","235","0"
"411220","JANIÓPOLIS","PR","12/2024","756","166","0"
"411220","JANIÓPOLIS","PR","08/2026","659","242","0"
"411220","JANIÓPOLIS","PR","06/2026","643","246","0"
"411220","JANIÓPOLIS","PR","05/2026","660","227","0"
"411220","JANIÓPOLIS","PR","04/2026","633","216","0"
"411220","JANIÓPOLIS","PR","03/2026","638","204","0"
"411220","JANIÓPOLIS","PR","02/2026","649","194","0"
"411220","JANIÓPOLIS","PR","07/2025","685","185","0"
"411220","JANIÓPOLIS","PR","11/2025","619","196","0"
"411220","JANIÓPOLIS","PR","05/2025","746","181","0"
"411220","JANIÓPOLIS","PR","10/2025","624","199","0"
"411220","JANIÓPOLIS","PR","02/2025","737","177","0"
"411220","JANIÓPOLIS","PR","01/2026","662","186","0"
"411220","JANIÓPOLIS","PR","06/2025","753","179","0"
"411220","JANIÓPOLIS","PR","12/2025","662","189","0"
"411220","JANIÓPOLIS","PR","04/2025","746","181","0"
"411220","JANIÓPOLIS","PR","09/2025","663","180","0"
"411220","JANIÓPOLIS","PR","03/2025","757","175","0"
"411220","JANIÓPOLIS","PR","08/2025","687","175","0"
"411220","JANIÓPOLIS","PR","06/2024","862","169","0"
"411220","JANIÓPOLIS","PR","05/2024","824","174","0"
"411220","JANIÓPOLIS","PR","03/2024","796","189","0"
"411220","JANIÓPOLIS","PR","10/2024","761","185","0"
"411220","JANIÓPOLIS","PR","01/2025","732","176","0"
"411220","JANIÓPOLIS","PR","07/2024","821","190","0"
"411220","JANIÓPOLIS","PR","09/2024","811","165","0"
"411220","JANIÓPOLIS","PR","11/2024","762","173","0"
"411220","JANIÓPOLIS","PR","02/2024","815","180","0"
"411220","JANIÓPOLIS","PR","04/2024","822","189","0"
"411220","JANIÓPOLIS","PR","08/2024","812","179","0"
"411220","JANIÓPOLIS","PR","11/2023","797","190","0"
"411220","JANIÓPOLIS","PR","06/2023","771","80","0"
"411220","JANIÓPOLIS","PR","05/2023","773","79","0"
"411220","JANIÓPOLIS","PR","10/2023","842","157","0"
"411220","JANIÓPOLIS","PR","12/2023","808","191","0"
"411220","JANIÓPOLIS","PR","09/2023","829","162","0"
"411220","JANIÓPOLIS","PR","07/2023","757","182","0"
"411220","JANIÓPOLIS","PR","03/2023","727","95","0"
"411220","JANIÓPOLIS","PR","01/2024","825","180","0"
"411220","JANIÓPOLIS","PR","02/2023","732","99","0"
"411220","JANIÓPOLIS","PR","04/2023","747","86","0"
"411220","JANIÓPOLIS","PR","08/2023","821","171","0"
"411230","JAPIRA","PR","08/2026","456","167","0"
"411230","JAPIRA","PR","07/2023","696","266","0"
"411230","JAPIRA","PR","06/2023","750","195","0"
"411230","JAPIRA","PR","12/2023","618","313","0"
"411230","JAPIRA","PR","11/2023","646","306","0"
"411230","JAPIRA","PR","09/2023","712","247","0"
"411230","JAPIRA","PR","02/2023","836","168","0"
"411230","JAPIRA","PR","10/2023","708","266","0"
"411230","JAPIRA","PR","04/2023","766","192","0"
"411230","JAPIRA","PR","03/2023","773","172","0"
"411230","JAPIRA","PR","01/2024","597","300","0"
"411230","JAPIRA","PR","05/2023","738","200","0"
"411230","JAPIRA","PR","08/2023","699","243","0"
"411230","JAPIRA","PR","04/2024","566","294","0"
"411230","JAPIRA","PR","11/2024","496","291","0"
"411230","JAPIRA","PR","02/2024","584","287","0"
"411230","JAPIRA","PR","06/2024","547","293","0"
"411230","JAPIRA","PR","07/2024","518","298","0"
"411230","JAPIRA","PR","09/2024","487","301","0"
"411230","JAPIRA","PR","10/2024","479","310","0"
"411230","JAPIRA","PR","12/2024","528","276","0"
"411230","JAPIRA","PR","03/2024","542","307","0"
"411230","JAPIRA","PR","01/2025","531","275","0"
"411230","JAPIRA","PR","08/2024","499","299","0"
"411230","JAPIRA","PR","05/2024","551","294","0"
"411230","JAPIRA","PR","08/2025","443","267","0"
"411230","JAPIRA","PR","02/2025","539","271","0"
"411230","JAPIRA","PR","12/2025","425","239","0"
"411230","JAPIRA","PR","04/2025","503","262","0"
"411230","JAPIRA","PR","09/2025","432","269","0"
"411230","JAPIRA","PR","01/2026","410","230","0"
"411230","JAPIRA","PR","07/2025","460","268","0"
"411230","JAPIRA","PR","05/2025","503","255","0"
"411230","JAPIRA","PR","11/2025","427","243","0"
"411230","JAPIRA","PR","10/2025","411","267","0"
"411230","JAPIRA","PR","03/2025","512","267","0"
"411230","JAPIRA","PR","06/2025","500","242","0"
"411230","JAPIRA","PR","02/2026","424","236","0"
"411230","JAPIRA","PR","03/2026","424","208","0"
"411230","JAPIRA","PR","04/2026","422","192","0"
"411230","JAPIRA","PR","05/2026","429","171","0"
"411230","JAPIRA","PR","06/2026","430","182","0"
"411240","JAPURÁ","PR","08/2026","959","238","0"
"411240","JAPURÁ","PR","05/2023","1291","109","0"
"411240","JAPURÁ","PR","06/2023","1293","109","0"
"411240","JAPURÁ","PR","12/2023","1211","332","0"
"411240","JAPURÁ","PR","02/2023","1400","124","0"
"411240","JAPURÁ","PR","10/2023","1264","278","0"
"411240","JAPURÁ","PR","07/2023","1064","316","0"
"411240","JAPURÁ","PR","08/2023","1079","297","0"
"411240","JAPURÁ","PR","03/2023","1329","115","0"
"411240","JAPURÁ","PR","09/2023","1263","276","0"
"411240","JAPURÁ","PR","04/2023","1315","109","0"
"411240","JAPURÁ","PR","01/2024","1217","326","0"
"411240","JAPURÁ","PR","11/2023","1213","341","0"
"411240","JAPURÁ","PR","04/2024","1131","356","0"
"411240","JAPURÁ","PR","05/2024","1144","329","0"
"411240","JAPURÁ","PR","06/2024","1118","330","0"
"411240","JAPURÁ","PR","09/2024","957","451","0"
"411240","JAPURÁ","PR","07/2024","1060","378","0"
"411240","JAPURÁ","PR","01/2025","898","412","0"
"411240","JAPURÁ","PR","12/2024","937","406","0"
"411240","JAPURÁ","PR","02/2024","1220","318","0"
"411240","JAPURÁ","PR","11/2024","938","422","0"
"411240","JAPURÁ","PR","10/2024","956","453","0"
"411240","JAPURÁ","PR","03/2024","1133","379","0"
"411240","JAPURÁ","PR","08/2024","982","443","0"
"411240","JAPURÁ","PR","12/2025","885","338","0"
"411240","JAPURÁ","PR","09/2025","866","328","0"
"411240","JAPURÁ","PR","01/2026","908","320","0"
"411240","JAPURÁ","PR","07/2025","895","335","0"
"411240","JAPURÁ","PR","06/2025","953","412","0"
"411240","JAPURÁ","PR","02/2025","900","408","0"
"411240","JAPURÁ","PR","11/2025","833","346","0"
"411240","JAPURÁ","PR","10/2025","849","354","0"
"411240","JAPURÁ","PR","03/2025","946","417","0"
"411240","JAPURÁ","PR","08/2025","873","335","0"
"411240","JAPURÁ","PR","05/2025","948","415","0"
"411240","JAPURÁ","PR","04/2025","949","415","0"
"411240","JAPURÁ","PR","02/2026","900","318","0"
"411240","JAPURÁ","PR","03/2026","922","260","0"
"411240","JAPURÁ","PR","04/2026","986","258","0"
"411240","JAPURÁ","PR","05/2026","987","253","0"
"411240","JAPURÁ","PR","06/2026","983","254","0"
"411250","JARDIM ALEGRE","PR","08/2026","1599","488","0"
"411250","JARDIM ALEGRE","PR","11/2023","2027","569","0"
"411250","JARDIM ALEGRE","PR","05/2023","2218","254","0"
"411250","JARDIM ALEGRE","PR","03/2023","2172","298","0"
"411250","JARDIM ALEGRE","PR","12/2023","2026","533","0"
"411250","JARDIM ALEGRE","PR","04/2023","2229","264","0"
"411250","JARDIM ALEGRE","PR","06/2023","2194","280","0"
"411250","JARDIM ALEGRE","PR","07/2023","2011","525","0"
"411250","JARDIM ALEGRE","PR","08/2023","2080","482","0"
"411250","JARDIM ALEGRE","PR","09/2023","2113","483","0"
"411250","JARDIM ALEGRE","PR","02/2023","2259","317","0"
"411250","JARDIM ALEGRE","PR","10/2023","2150","475","0"
"411250","JARDIM ALEGRE","PR","01/2024","2031","515","0"
"411250","JARDIM ALEGRE","PR","11/2024","1802","609","0"
"411250","JARDIM ALEGRE","PR","03/2024","2021","547","0"
"411250","JARDIM ALEGRE","PR","10/2024","1806","636","0"
"411250","JARDIM ALEGRE","PR","04/2024","2066","516","0"
"411250","JARDIM ALEGRE","PR","09/2024","1857","594","0"
"411250","JARDIM ALEGRE","PR","12/2024","1818","596","0"
"411250","JARDIM ALEGRE","PR","02/2024","2066","492","0"
"411250","JARDIM ALEGRE","PR","08/2024","1899","593","0"
"411250","JARDIM ALEGRE","PR","07/2024","1914","590","0"
"411250","JARDIM ALEGRE","PR","06/2024","2042","493","0"
"411250","JARDIM ALEGRE","PR","05/2024","2043","503","0"
"411250","JARDIM ALEGRE","PR","01/2025","1741","598","0"
"411250","JARDIM ALEGRE","PR","12/2025","1652","526","0"
"411250","JARDIM ALEGRE","PR","04/2025","1807","574","0"
"411250","JARDIM ALEGRE","PR","09/2025","1747","557","0"
"411250","JARDIM ALEGRE","PR","01/2026","1634","540","0"
"411250","JARDIM ALEGRE","PR","02/2025","1788","576","0"
"411250","JARDIM ALEGRE","PR","07/2025","1709","557","0"
"411250","JARDIM ALEGRE","PR","06/2025","1806","549","0"
"411250","JARDIM ALEGRE","PR","10/2025","1712","555","0"
"411250","JARDIM ALEGRE","PR","11/2025","1667","519","0"
"411250","JARDIM ALEGRE","PR","05/2025","1807","569","0"
"411250","JARDIM ALEGRE","PR","08/2025","1755","555","0"
"411250","JARDIM ALEGRE","PR","03/2025","1795","577","0"
"411250","JARDIM ALEGRE","PR","02/2026","1615","570","0"
"411250","JARDIM ALEGRE","PR","03/2026","1672","529","0"
"411250","JARDIM ALEGRE","PR","04/2026","1665","531","0"
"411250","JARDIM ALEGRE","PR","05/2026","1647","514","0"
"411250","JARDIM ALEGRE","PR","06/2026","1599","539","0"
"411260","JARDIM OLINDA","PR","08/2026","170","96","0"
"411260","JARDIM OLINDA","PR","04/2023","340","17","0"
"411260","JARDIM OLINDA","PR","05/2023","346","19","0"
"411260","JARDIM OLINDA","PR","12/2023","253","99","0"
"411260","JARDIM OLINDA","PR","01/2024","250","97","0"
"411260","JARDIM OLINDA","PR","10/2023","294","68","0"
"411260","JARDIM OLINDA","PR","07/2023","281","67","0"
"411260","JARDIM OLINDA","PR","03/2023","336","17","0"
"411260","JARDIM OLINDA","PR","08/2023","297","67","0"
"411260","JARDIM OLINDA","PR","02/2023","314","26","0"
"411260","JARDIM OLINDA","PR","11/2023","261","101","0"
"411260","JARDIM OLINDA","PR","09/2023","292","68","0"
"411260","JARDIM OLINDA","PR","06/2023","342","23","0"
"411260","JARDIM OLINDA","PR","11/2024","234","98","0"
"411260","JARDIM OLINDA","PR","10/2024","231","97","0"
"411260","JARDIM OLINDA","PR","12/2024","231","96","0"
"411260","JARDIM OLINDA","PR","04/2024","248","97","0"
"411260","JARDIM OLINDA","PR","02/2024","255","92","0"
"411260","JARDIM OLINDA","PR","09/2024","246","98","0"
"411260","JARDIM OLINDA","PR","05/2024","242","105","0"
"411260","JARDIM OLINDA","PR","06/2024","238","112","0"
"411260","JARDIM OLINDA","PR","01/2025","221","102","0"
"411260","JARDIM OLINDA","PR","03/2024","251","98","0"
"411260","JARDIM OLINDA","PR","08/2024","233","102","0"
"411260","JARDIM OLINDA","PR","07/2024","222","111","0"
"411260","JARDIM OLINDA","PR","10/2025","158","104","0"
"411260","JARDIM OLINDA","PR","03/2025","209","114","0"
"411260","JARDIM OLINDA","PR","12/2025","174","99","0"
"411260","JARDIM OLINDA","PR","08/2025","161","114","0"
"411260","JARDIM OLINDA","PR","09/2025","163","103","0"
"411260","JARDIM OLINDA","PR","01/2026","162","103","0"
"411260","JARDIM OLINDA","PR","11/2025","157","100","0"
"411260","JARDIM OLINDA","PR","07/2025","165","118","0"
"411260","JARDIM OLINDA","PR","02/2025","217","105","0"
"411260","JARDIM OLINDA","PR","05/2025","193","113","0"
"411260","JARDIM OLINDA","PR","04/2025","193","113","0"
"411260","JARDIM OLINDA","PR","06/2025","195","115","0"
"411260","JARDIM OLINDA","PR","02/2026","155","105","0"
"411260","JARDIM OLINDA","PR","03/2026","162","90","0"
"411260","JARDIM OLINDA","PR","04/2026","153","91","0"
"411260","JARDIM OLINDA","PR","05/2026","156","94","0"
"411260","JARDIM OLINDA","PR","06/2026","159","99","0"
"411270","JATAIZINHO","PR","02/2025","2133","615","0"
"411270","JATAIZINHO","PR","11/2023","2103","602","0"
"411270","JATAIZINHO","PR","02/2023","2329","244","0"
"411270","JATAIZINHO","PR","04/2023","2169","235","0"
"411270","JATAIZINHO","PR","08/2023","2081","476","0"
"411270","JATAIZINHO","PR","06/2023","2167","246","0"
"411270","JATAIZINHO","PR","03/2023","2163","232","0"
"411270","JATAIZINHO","PR","09/2023","2184","448","0"
"411270","JATAIZINHO","PR","10/2023","2252","454","0"
"411270","JATAIZINHO","PR","07/2023","1993","543","0"
"411270","JATAIZINHO","PR","05/2023","2207","236","0"
"411270","JATAIZINHO","PR","12/2023","2172","569","0"
"411270","JATAIZINHO","PR","01/2024","2209","542","0"
"411270","JATAIZINHO","PR","11/2024","2143","587","0"
"411270","JATAIZINHO","PR","03/2024","2109","623","0"
"411270","JATAIZINHO","PR","12/2024","2191","551","0"
"411270","JATAIZINHO","PR","04/2024","2200","609","0"
"411270","JATAIZINHO","PR","01/2025","2100","623","0"
"411270","JATAIZINHO","PR","06/2024","2278","549","0"
"411270","JATAIZINHO","PR","07/2024","2138","620","0"
"411270","JATAIZINHO","PR","02/2024","2227","525","0"
"411270","JATAIZINHO","PR","08/2024","2125","602","0"
"411270","JATAIZINHO","PR","05/2024","2250","585","0"
"411270","JATAIZINHO","PR","09/2024","2141","567","0"
"411270","JATAIZINHO","PR","10/2024","2135","596","0"
"411270","JATAIZINHO","PR","03/2025","2165","665","0"
"411270","JATAIZINHO","PR","09/2025","2031","566","0"
"411270","JATAIZINHO","PR","04/2025","2173","657","0"
"411270","JATAIZINHO","PR","06/2025","2185","651","0"
"411270","JATAIZINHO","PR","01/2026","2171","472","0"
"411270","JATAIZINHO","PR","07/2025","2085","616","0"
"411270","JATAIZINHO","PR","12/2025","2201","463","0"
"411270","JATAIZINHO","PR","10/2025","2036","553","0"
"411270","JATAIZINHO","PR","11/2025","2044","477","0"
"411270","JATAIZINHO","PR","05/2025","2173","649","0"
"411270","JATAIZINHO","PR","08/2025","2054","582","0"
"411270","JATAIZINHO","PR","02/2026","2166","523","0"
"411270","JATAIZINHO","PR","03/2026","2161","489","0"
"411270","JATAIZINHO","PR","04/2026","2284","481","0"
"411270","JATAIZINHO","PR","05/2026","2292","486","0"
"411270","JATAIZINHO","PR","06/2026","2368","501","0"
"411270","JATAIZINHO","PR","08/2026","2319","466","0"
"411275","JESUÍTAS","PR","02/2023","1824","95","0"
"411275","JESUÍTAS","PR","08/2026","1192","288","0"
"411275","JESUÍTAS","PR","06/2026","1220","281","0"
"411275","JESUÍTAS","PR","05/2026","1219","271","0"
"411275","JESUÍTAS","PR","04/2026","1232","263","0"
"411275","JESUÍTAS","PR","03/2026","1245","262","0"
"411275","JESUÍTAS","PR","02/2026","1176","317","0"
"411275","JESUÍTAS","PR","04/2025","1256","505","0"
"411275","JESUÍTAS","PR","02/2025","1284","489","0"
"411275","JESUÍTAS","PR","10/2025","1141","356","0"
"411275","JESUÍTAS","PR","01/2026","1190","300","0"
"411275","JESUÍTAS","PR","05/2025","1256","502","0"
"411275","JESUÍTAS","PR","11/2025","1156","311","0"
"411275","JESUÍTAS","PR","09/2025","1169","348","0"
"411275","JESUÍTAS","PR","07/2025","1159","386","0"
"411275","JESUÍTAS","PR","06/2025","1270","501","0"
"411275","JESUÍTAS","PR","12/2025","1197","297","0"
"411275","JESUÍTAS","PR","03/2025","1253","522","0"
"411275","JESUÍTAS","PR","08/2025","1180","348","0"
"411275","JESUÍTAS","PR","08/2024","1349","487","0"
"411275","JESUÍTAS","PR","10/2024","1290","508","0"
"411275","JESUÍTAS","PR","09/2024","1337","470","0"
"411275","JESUÍTAS","PR","05/2024","1406","496","0"
"411275","JESUÍTAS","PR","04/2024","1368","512","0"
"411275","JESUÍTAS","PR","12/2024","1360","469","0"
"411275","JESUÍTAS","PR","03/2024","1306","532","0"
"411275","JESUÍTAS","PR","01/2025","1283","493","0"
"411275","JESUÍTAS","PR","06/2024","1446","462","0"
"411275","JESUÍTAS","PR","11/2024","1302","489","0"
"411275","JESUÍTAS","PR","02/2024","1393","455","0"
"411275","JESUÍTAS","PR","07/2024","1342","504","0"
"411275","JESUÍTAS","PR","09/2023","1522","395","0"
"411275","JESUÍTAS","PR","08/2023","1487","405","0"
"411275","JESUÍTAS","PR","01/2024","1389","474","0"
"411275","JESUÍTAS","PR","12/2023","1368","486","0"
"411275","JESUÍTAS","PR","11/2023","1363","507","0"
"411275","JESUÍTAS","PR","10/2023","1559","386","0"
"411275","JESUÍTAS","PR","07/2023","1444","416","0"
"411275","JESUÍTAS","PR","03/2023","1684","90","0"
"411275","JESUÍTAS","PR","06/2023","1751","110","0"
"411275","JESUÍTAS","PR","05/2023","1755","96","0"
"411275","JESUÍTAS","PR","04/2023","1716","98","0"
"411280","JOAQUIM TÁVORA","PR","11/2023","1474","465","0"
"411280","JOAQUIM TÁVORA","PR","06/2026","1374","328","0"
"411280","JOAQUIM TÁVORA","PR","05/2026","1383","321","0"
"411280","JOAQUIM TÁVORA","PR","04/2026","1358","328","0"
"411280","JOAQUIM TÁVORA","PR","03/2026","1364","321","0"
"411280","JOAQUIM TÁVORA","PR","02/2026","1338","353","0"
"411280","JOAQUIM TÁVORA","PR","05/2025","1327","486","0"
"411280","JOAQUIM TÁVORA","PR","04/2025","1327","492","0"
"411280","JOAQUIM TÁVORA","PR","11/2025","1286","372","0"
"411280","JOAQUIM TÁVORA","PR","10/2025","1284","417","0"
"411280","JOAQUIM TÁVORA","PR","08/2025","1288","437","0"
"411280","JOAQUIM TÁVORA","PR","09/2025","1297","437","0"
"411280","JOAQUIM TÁVORA","PR","06/2025","1337","478","0"
"411280","JOAQUIM TÁVORA","PR","03/2025","1323","506","0"
"411280","JOAQUIM TÁVORA","PR","01/2026","1338","350","0"
"411280","JOAQUIM TÁVORA","PR","12/2025","1315","353","0"
"411280","JOAQUIM TÁVORA","PR","02/2025","1300","483","0"
"411280","JOAQUIM TÁVORA","PR","07/2025","1327","442","0"
"411280","JOAQUIM TÁVORA","PR","08/2024","1345","537","0"
"411280","JOAQUIM TÁVORA","PR","11/2024","1308","514","0"
"411280","JOAQUIM TÁVORA","PR","01/2025","1258","506","0"
"411280","JOAQUIM TÁVORA","PR","09/2024","1379","475","0"
"411280","JOAQUIM TÁVORA","PR","05/2024","1479","464","0"
"411280","JOAQUIM TÁVORA","PR","10/2024","1303","522","0"
"411280","JOAQUIM TÁVORA","PR","07/2024","1344","540","0"
"411280","JOAQUIM TÁVORA","PR","06/2024","1472","439","0"
"411280","JOAQUIM TÁVORA","PR","04/2024","1465","487","0"
"411280","JOAQUIM TÁVORA","PR","12/2024","1284","507","0"
"411280","JOAQUIM TÁVORA","PR","03/2024","1443","529","0"
"411280","JOAQUIM TÁVORA","PR","02/2024","1537","429","0"
"411280","JOAQUIM TÁVORA","PR","07/2023","1517","385","0"
"411280","JOAQUIM TÁVORA","PR","04/2023","1619","142","0"
"411280","JOAQUIM TÁVORA","PR","09/2023","1558","346","0"
"411280","JOAQUIM TÁVORA","PR","08/2023","1526","366","0"
"411280","JOAQUIM TÁVORA","PR","10/2023","1582","352","0"
"411280","JOAQUIM TÁVORA","PR","03/2023","1530","135","0"
"411280","JOAQUIM TÁVORA","PR","02/2023","1530","151","0"
"411280","JOAQUIM TÁVORA","PR","05/2023","1624","168","0"
"411280","JOAQUIM TÁVORA","PR","01/2024","1509","447","0"
"411280","JOAQUIM TÁVORA","PR","06/2023","1602","177","0"
"411280","JOAQUIM TÁVORA","PR","12/2023","1503","458","0"
"411280","JOAQUIM TÁVORA","PR","08/2026","1274","301","0"
"411290","JUNDIAÍ DO SUL","PR","06/2026","646","173","0"
"411290","JUNDIAÍ DO SUL","PR","02/2023","1000","96","0"
"411290","JUNDIAÍ DO SUL","PR","06/2023","958","68","0"
"411290","JUNDIAÍ DO SUL","PR","08/2023","845","191","0"
"411290","JUNDIAÍ DO SUL","PR","10/2023","843","194","0"
"411290","JUNDIAÍ DO SUL","PR","03/2023","953","70","0"
"411290","JUNDIAÍ DO SUL","PR","12/2023","792","240","0"
"411290","JUNDIAÍ DO SUL","PR","09/2023","844","194","0"
"411290","JUNDIAÍ DO SUL","PR","01/2024","779","246","0"
"411290","JUNDIAÍ DO SUL","PR","07/2023","845","190","0"
"411290","JUNDIAÍ DO SUL","PR","04/2023","955","65","0"
"411290","JUNDIAÍ DO SUL","PR","05/2023","958","72","0"
"411290","JUNDIAÍ DO SUL","PR","11/2023","783","251","0"
"411290","JUNDIAÍ DO SUL","PR","11/2024","674","308","0"
"411290","JUNDIAÍ DO SUL","PR","12/2024","666","313","0"
"411290","JUNDIAÍ DO SUL","PR","10/2024","672","305","0"
"411290","JUNDIAÍ DO SUL","PR","05/2024","781","271","0"
"411290","JUNDIAÍ DO SUL","PR","04/2024","763","289","0"
"411290","JUNDIAÍ DO SUL","PR","03/2024","765","274","0"
"411290","JUNDIAÍ DO SUL","PR","09/2024","698","284","0"
"411290","JUNDIAÍ DO SUL","PR","08/2026","630","180","0"
"411290","JUNDIAÍ DO SUL","PR","02/2024","782","242","0"
"411290","JUNDIAÍ DO SUL","PR","08/2024","699","282","0"
"411290","JUNDIAÍ DO SUL","PR","07/2024","707","294","0"
"411290","JUNDIAÍ DO SUL","PR","06/2024","783","265","0"
"411290","JUNDIAÍ DO SUL","PR","01/2025","663","316","0"
"411290","JUNDIAÍ DO SUL","PR","05/2025","694","297","0"
"411290","JUNDIAÍ DO SUL","PR","12/2025","621","210","0"
"411290","JUNDIAÍ DO SUL","PR","09/2025","645","236","0"
"411290","JUNDIAÍ DO SUL","PR","03/2025","707","306","0"
"411290","JUNDIAÍ DO SUL","PR","07/2025","664","242","0"
"411290","JUNDIAÍ DO SUL","PR","06/2025","692","297","0"
"411290","JUNDIAÍ DO SUL","PR","01/2026","603","223","0"
"411290","JUNDIAÍ DO SUL","PR","02/2025","682","317","0"
"411290","JUNDIAÍ DO SUL","PR","11/2025","626","213","0"
"411290","JUNDIAÍ DO SUL","PR","10/2025","629","241","0"
"411290","JUNDIAÍ DO SUL","PR","04/2025","694","301","0"
"411290","JUNDIAÍ DO SUL","PR","08/2025","664","233","0"
"411290","JUNDIAÍ DO SUL","PR","02/2026","615","222","0"
"411290","JUNDIAÍ DO SUL","PR","03/2026","643","184","0"
"411290","JUNDIAÍ DO SUL","PR","04/2026","654","169","0"
"411290","JUNDIAÍ DO SUL","PR","05/2026","638","181","0"
"411295","JURANDA","PR","06/2024","1142","344","0"
"411295","JURANDA","PR","10/2023","1236","337","0"
"411295","JURANDA","PR","11/2023","1084","440","0"
"411295","JURANDA","PR","06/2023","1377","131","0"
"411295","JURANDA","PR","03/2023","1397","114","0"
"411295","JURANDA","PR","12/2023","1095","429","0"
"411295","JURANDA","PR","07/2023","1254","301","0"
"411295","JURANDA","PR","01/2024","1086","402","0"
"411295","JURANDA","PR","02/2023","1390","124","0"
"411295","JURANDA","PR","05/2023","1385","128","0"
"411295","JURANDA","PR","04/2023","1402","114","0"
"411295","JURANDA","PR","09/2023","1244","316","0"
"411295","JURANDA","PR","08/2023","1245","300","0"
"411295","JURANDA","PR","04/2024","1080","386","0"
"411295","JURANDA","PR","12/2024","1053","338","0"
"411295","JURANDA","PR","05/2024","1093","362","0"
"411295","JURANDA","PR","03/2024","1038","404","0"
"411295","JURANDA","PR","02/2024","1086","369","0"
"411295","JURANDA","PR","01/2025","989","364","0"
"411295","JURANDA","PR","07/2024","1073","370","0"
"411295","JURANDA","PR","09/2024","1095","355","0"
"411295","JURANDA","PR","10/2024","1035","355","0"
"411295","JURANDA","PR","11/2024","1045","351","0"
"411295","JURANDA","PR","08/2024","1076","378","0"
"411295","JURANDA","PR","05/2025","965","381","0"
"411295","JURANDA","PR","08/2025","861","373","0"
"411295","JURANDA","PR","07/2025","871","387","0"
"411295","JURANDA","PR","09/2025","864","344","0"
"411295","JURANDA","PR","03/2025","965","381","0"
"411295","JURANDA","PR","06/2025","965","383","0"
"411295","JURANDA","PR","01/2026","929","292","0"
"411295","JURANDA","PR","11/2025","841","308","0"
"411295","JURANDA","PR","12/2025","929","284","0"
"411295","JURANDA","PR","10/2025","861","327","0"
"411295","JURANDA","PR","02/2025","998","352","0"
"411295","JURANDA","PR","04/2025","965","383","0"
"411295","JURANDA","PR","02/2026","925","288","0"
"411295","JURANDA","PR","03/2026","913","276","0"
"411295","JURANDA","PR","04/2026","876","287","0"
"411295","JURANDA","PR","05/2026","952","267","0"
"411295","JURANDA","PR","06/2026","995","267","0"
"411295","JURANDA","PR","08/2026","966","261","0"
"411300","JUSSARA","PR","08/2026","556","109","0"
"411300","JUSSARA","PR","08/2023","554","264","0"
"411300","JUSSARA","PR","02/2023","668","210","0"
"411300","JUSSARA","PR","05/2023","575","216","0"
"411300","JUSSARA","PR","09/2023","559","262","0"
"411300","JUSSARA","PR","12/2023","546","294","0"
"411300","JUSSARA","PR","06/2023","570","228","0"
"411300","JUSSARA","PR","11/2023","545","292","0"
"411300","JUSSARA","PR","01/2024","562","283","0"
"411300","JUSSARA","PR","03/2023","608","216","0"
"411300","JUSSARA","PR","04/2023","602","207","0"
"411300","JUSSARA","PR","07/2023","552","289","0"
"411300","JUSSARA","PR","10/2023","590","258","0"
"411300","JUSSARA","PR","04/2024","520","305","0"
"411300","JUSSARA","PR","03/2024","523","312","0"
"411300","JUSSARA","PR","02/2024","563","286","0"
"411300","JUSSARA","PR","12/2024","544","171","0"
"411300","JUSSARA","PR","11/2024","539","196","0"
"411300","JUSSARA","PR","10/2024","529","222","0"
"411300","JUSSARA","PR","07/2024","505","259","0"
"411300","JUSSARA","PR","06/2024","533","268","0"
"411300","JUSSARA","PR","09/2024","498","207","0"
"411300","JUSSARA","PR","01/2025","489","210","0"
"411300","JUSSARA","PR","05/2024","515","287","0"
"411300","JUSSARA","PR","08/2024","498","230","0"
"411300","JUSSARA","PR","05/2025","540","169","0"
"411300","JUSSARA","PR","01/2026","485","152","0"
"411300","JUSSARA","PR","04/2025","540","178","0"
"411300","JUSSARA","PR","12/2025","482","138","0"
"411300","JUSSARA","PR","11/2025","478","139","0"
"411300","JUSSARA","PR","06/2025","540","167","0"
"411300","JUSSARA","PR","02/2025","497","205","0"
"411300","JUSSARA","PR","10/2025","479","163","0"
"411300","JUSSARA","PR","08/2025","514","147","0"
"411300","JUSSARA","PR","09/2025","491","163","0"
"411300","JUSSARA","PR","03/2025","540","180","0"
"411300","JUSSARA","PR","07/2025","538","137","0"
"411300","JUSSARA","PR","02/2026","485","150","0"
"411300","JUSSARA","PR","03/2026","478","131","0"
"411300","JUSSARA","PR","04/2026","485","124","0"
"411300","JUSSARA","PR","05/2026","502","123","0"
"411300","JUSSARA","PR","06/2026","546","125","0"
"411310","KALORÉ","PR","08/2023","881","190","0"
"411310","KALORÉ","PR","08/2026","914","127","0"
"411310","KALORÉ","PR","06/2026","919","127","0"
"411310","KALORÉ","PR","05/2026","911","117","0"
"411310","KALORÉ","PR","04/2026","853","121","0"
"411310","KALORÉ","PR","03/2026","855","126","0"
"411310","KALORÉ","PR","02/2026","853","134","0"
"411310","KALORÉ","PR","08/2025","796","110","0"
"411310","KALORÉ","PR","04/2025","824","188","0"
"411310","KALORÉ","PR","12/2025","873","124","0"
"411310","KALORÉ","PR","11/2025","770","131","0"
"411310","KALORÉ","PR","10/2025","800","113","0"
"411310","KALORÉ","PR","07/2025","813","107","0"
"411310","KALORÉ","PR","01/2026","866","128","0"
"411310","KALORÉ","PR","06/2025","823","186","0"
"411310","KALORÉ","PR","09/2025","814","104","0"
"411310","KALORÉ","PR","02/2025","845","193","0"
"411310","KALORÉ","PR","03/2025","827","197","0"
"411310","KALORÉ","PR","05/2025","823","186","0"
"411310","KALORÉ","PR","02/2024","884","191","0"
"411310","KALORÉ","PR","01/2025","827","199","0"
"411310","KALORÉ","PR","09/2024","828","200","0"
"411310","KALORÉ","PR","03/2024","837","219","0"
"411310","KALORÉ","PR","06/2024","863","190","0"
"411310","KALORÉ","PR","12/2024","850","202","0"
"411310","KALORÉ","PR","10/2024","823","213","0"
"411310","KALORÉ","PR","07/2024","810","219","0"
"411310","KALORÉ","PR","11/2024","823","208","0"
"411310","KALORÉ","PR","04/2024","846","211","0"
"411310","KALORÉ","PR","08/2024","828","207","0"
"411310","KALORÉ","PR","05/2024","855","196","0"
"411310","KALORÉ","PR","12/2023","895","203","0"
"411310","KALORÉ","PR","11/2023","908","214","0"
"411310","KALORÉ","PR","05/2023","1042","15","0"
"411310","KALORÉ","PR","01/2024","899","199","0"
"411310","KALORÉ","PR","07/2023","849","201","0"
"411310","KALORÉ","PR","10/2023","961","182","0"
"411310","KALORÉ","PR","04/2023","1054","13","0"
"411310","KALORÉ","PR","03/2023","1056","10","0"
"411310","KALORÉ","PR","09/2023","961","186","0"
"411310","KALORÉ","PR","02/2023","1095","15","0"
"411310","KALORÉ","PR","06/2023","1038","15","0"
"411320","LAPA","PR","12/2024","5190","1778","0"
"411320","LAPA","PR","02/2023","7050","689","0"
"411320","LAPA","PR","10/2023","6399","1496","0"
"411320","LAPA","PR","03/2023","6778","626","0"
"411320","LAPA","PR","11/2023","5973","1821","0"
"411320","LAPA","PR","09/2023","6329","1493","0"
"411320","LAPA","PR","08/2023","6242","1513","0"
"411320","LAPA","PR","04/2023","6897","637","0"
"411320","LAPA","PR","06/2023","6950","685","0"
"411320","LAPA","PR","05/2023","7014","646","0"
"411320","LAPA","PR","07/2023","6174","1604","0"
"411320","LAPA","PR","01/2024","6015","1777","0"
"411320","LAPA","PR","12/2023","6026","1781","0"
"411320","LAPA","PR","05/2024","5826","1894","0"
"411320","LAPA","PR","03/2024","5730","1907","0"
"411320","LAPA","PR","07/2024","5441","2013","0"
"411320","LAPA","PR","02/2024","5997","1712","0"
"411320","LAPA","PR","09/2024","5462","1817","0"
"411320","LAPA","PR","01/2025","5004","1813","0"
"411320","LAPA","PR","10/2024","5170","1906","0"
"411320","LAPA","PR","11/2024","5184","1822","0"
"411320","LAPA","PR","08/2024","5432","1965","0"
"411320","LAPA","PR","04/2024","5759","1907","0"
"411320","LAPA","PR","06/2024","5829","1884","0"
"411320","LAPA","PR","05/2025","5076","1768","0"
"411320","LAPA","PR","07/2025","4740","1610","0"
"411320","LAPA","PR","01/2026","4836","1398","0"
"411320","LAPA","PR","10/2025","4490","1471","0"
"411320","LAPA","PR","11/2025","4417","1397","0"
"411320","LAPA","PR","02/2025","4984","1774","0"
"411320","LAPA","PR","12/2025","4816","1365","0"
"411320","LAPA","PR","03/2025","5075","1809","0"
"411320","LAPA","PR","09/2025","4509","1512","0"
"411320","LAPA","PR","04/2025","5082","1783","0"
"411320","LAPA","PR","06/2025","5091","1768","0"
"411320","LAPA","PR","08/2025","4544","1543","0"
"411320","LAPA","PR","02/2026","4804","1438","0"
"411320","LAPA","PR","03/2026","4738","1346","0"
"411320","LAPA","PR","04/2026","4674","1324","0"
"411320","LAPA","PR","05/2026","4964","1319","0"
"411320","LAPA","PR","06/2026","5054","1297","0"
"411320","LAPA","PR","08/2026","5073","1265","0"
"411325","LARANJAL","PR","06/2026","2344","261","0"
"411325","LARANJAL","PR","02/2023","2258","176","0"
"411325","LARANJAL","PR","05/2023","2540","132","0"
"411325","LARANJAL","PR","09/2023","2447","376","0"
"411325","LARANJAL","PR","06/2023","2512","146","0"
"411325","LARANJAL","PR","12/2023","2508","400","0"
"411325","LARANJAL","PR","11/2023","2458","440","0"
"411325","LARANJAL","PR","10/2023","2588","346","0"
"411325","LARANJAL","PR","03/2023","2381","154","0"
"411325","LARANJAL","PR","07/2023","2308","442","0"
"411325","LARANJAL","PR","04/2023","2426","145","0"
"411325","LARANJAL","PR","08/2023","2369","423","0"
"411325","LARANJAL","PR","01/2024","2531","353","0"
"411325","LARANJAL","PR","09/2024","2511","287","0"
"411325","LARANJAL","PR","11/2024","2405","318","0"
"411325","LARANJAL","PR","03/2024","2489","395","0"
"411325","LARANJAL","PR","01/2025","2330","326","0"
"411325","LARANJAL","PR","12/2024","2421","274","0"
"411325","LARANJAL","PR","05/2024","2517","355","0"
"411325","LARANJAL","PR","07/2024","2509","355","0"
"411325","LARANJAL","PR","04/2024","2483","370","0"
"411325","LARANJAL","PR","06/2024","2598","315","0"
"411325","LARANJAL","PR","02/2024","2550","348","0"
"411325","LARANJAL","PR","10/2024","2408","331","0"
"411325","LARANJAL","PR","08/2024","2507","328","0"
"411325","LARANJAL","PR","05/2025","2378","298","0"
"411325","LARANJAL","PR","09/2025","2243","265","0"
"411325","LARANJAL","PR","02/2025","2311","311","0"
"411325","LARANJAL","PR","08/2026","2318","251","0"
"411325","LARANJAL","PR","04/2025","2378","298","0"
"411325","LARANJAL","PR","06/2025","2390","298","0"
"411325","LARANJAL","PR","07/2025","2300","246","0"
"411325","LARANJAL","PR","10/2025","2263","243","0"
"411325","LARANJAL","PR","11/2025","2260","227","0"
"411325","LARANJAL","PR","03/2025","2345","325","0"
"411325","LARANJAL","PR","08/2025","2267","271","0"
"411325","LARANJAL","PR","12/2025","2228","245","0"
"411325","LARANJAL","PR","01/2026","2203","268","0"
"411325","LARANJAL","PR","02/2026","2183","295","0"
"411325","LARANJAL","PR","03/2026","2179","277","0"
"411325","LARANJAL","PR","04/2026","2157","267","0"
"411325","LARANJAL","PR","05/2026","2234","264","0"
"411330","LARANJEIRAS DO SUL","PR","05/2026","2690","871","0"
"411330","LARANJEIRAS DO SUL","PR","03/2023","3707","277","0"
"411330","LARANJEIRAS DO SUL","PR","04/2023","3772","266","0"
"411330","LARANJEIRAS DO SUL","PR","05/2023","3801","277","0"
"411330","LARANJEIRAS DO SUL","PR","07/2023","3572","698","0"
"411330","LARANJEIRAS DO SUL","PR","09/2023","3671","647","0"
"411330","LARANJEIRAS DO SUL","PR","08/2023","3631","653","0"
"411330","LARANJEIRAS DO SUL","PR","02/2023","3757","290","0"
"411330","LARANJEIRAS DO SUL","PR","10/2023","3701","643","0"
"411330","LARANJEIRAS DO SUL","PR","01/2024","3549","807","0"
"411330","LARANJEIRAS DO SUL","PR","06/2023","3800","306","0"
"411330","LARANJEIRAS DO SUL","PR","11/2023","3518","787","0"
"411330","LARANJEIRAS DO SUL","PR","12/2023","3545","781","0"
"411330","LARANJEIRAS DO SUL","PR","08/2024","3260","887","0"
"411330","LARANJEIRAS DO SUL","PR","03/2024","3336","906","0"
"411330","LARANJEIRAS DO SUL","PR","12/2024","3165","932","0"
"411330","LARANJEIRAS DO SUL","PR","06/2024","3445","862","0"
"411330","LARANJEIRAS DO SUL","PR","05/2024","3408","894","0"
"411330","LARANJEIRAS DO SUL","PR","07/2024","3257","953","0"
"411330","LARANJEIRAS DO SUL","PR","01/2025","3039","1045","0"
"411330","LARANJEIRAS DO SUL","PR","02/2024","3497","796","0"
"411330","LARANJEIRAS DO SUL","PR","09/2024","3256","860","0"
"411330","LARANJEIRAS DO SUL","PR","04/2024","3348","915","0"
"411330","LARANJEIRAS DO SUL","PR","10/2024","3119","967","0"
"411330","LARANJEIRAS DO SUL","PR","11/2024","3123","975","0"
"411330","LARANJEIRAS DO SUL","PR","05/2025","3011","1018","0"
"411330","LARANJEIRAS DO SUL","PR","11/2025","2556","938","0"
"411330","LARANJEIRAS DO SUL","PR","01/2026","2655","968","0"
"411330","LARANJEIRAS DO SUL","PR","12/2025","2688","913","0"
"411330","LARANJEIRAS DO SUL","PR","08/2025","2674","1003","0"
"411330","LARANJEIRAS DO SUL","PR","06/2025","3011","1024","0"
"411330","LARANJEIRAS DO SUL","PR","08/2026","2808","796","0"
"411330","LARANJEIRAS DO SUL","PR","02/2025","3029","1026","0"
"411330","LARANJEIRAS DO SUL","PR","09/2025","2650","974","0"
"411330","LARANJEIRAS DO SUL","PR","10/2025","2616","949","0"
"411330","LARANJEIRAS DO SUL","PR","07/2025","2773","995","0"
"411330","LARANJEIRAS DO SUL","PR","03/2025","3001","1058","0"
"411330","LARANJEIRAS DO SUL","PR","04/2025","3005","1039","0"
"411330","LARANJEIRAS DO SUL","PR","02/2026","2616","1006","0"
"411330","LARANJEIRAS DO SUL","PR","03/2026","2544","941","0"
"411330","LARANJEIRAS DO SUL","PR","04/2026","2633","902","0"
"411330","LARANJEIRAS DO SUL","PR","06/2026","2737","859","0"
"411340","LEÓPOLIS","PR","08/2026","589","107","0"
"411340","LEÓPOLIS","PR","11/2023","574","152","0"
"411340","LEÓPOLIS","PR","04/2023","545","148","0"
"411340","LEÓPOLIS","PR","02/2023","522","134","0"
"411340","LEÓPOLIS","PR","06/2023","522","145","0"
"411340","LEÓPOLIS","PR","12/2023","571","152","0"
"411340","LEÓPOLIS","PR","01/2024","574","128","0"
"411340","LEÓPOLIS","PR","07/2023","509","183","0"
"411340","LEÓPOLIS","PR","03/2023","534","138","0"
"411340","LEÓPOLIS","PR","08/2023","550","152","0"
"411340","LEÓPOLIS","PR","09/2023","562","138","0"
"411340","LEÓPOLIS","PR","05/2023","535","140","0"
"411340","LEÓPOLIS","PR","10/2023","587","137","0"
"411340","LEÓPOLIS","PR","11/2024","633","145","0"
"411340","LEÓPOLIS","PR","08/2024","627","141","0"
"411340","LEÓPOLIS","PR","04/2024","609","128","0"
"411340","LEÓPOLIS","PR","03/2024","586","132","0"
"411340","LEÓPOLIS","PR","05/2024","627","121","0"
"411340","LEÓPOLIS","PR","10/2024","634","145","0"
"411340","LEÓPOLIS","PR","01/2025","624","143","0"
"411340","LEÓPOLIS","PR","07/2024","621","154","0"
"411340","LEÓPOLIS","PR","12/2024","651","139","0"
"411340","LEÓPOLIS","PR","02/2024","591","120","0"
"411340","LEÓPOLIS","PR","06/2024","645","119","0"
"411340","LEÓPOLIS","PR","09/2024","630","134","0"
"411340","LEÓPOLIS","PR","08/2025","543","134","0"
"411340","LEÓPOLIS","PR","03/2025","600","147","0"
"411340","LEÓPOLIS","PR","09/2025","553","128","0"
"411340","LEÓPOLIS","PR","01/2026","552","135","0"
"411340","LEÓPOLIS","PR","12/2025","560","125","0"
"411340","LEÓPOLIS","PR","02/2025","627","143","0"
"411340","LEÓPOLIS","PR","10/2025","542","127","0"
"411340","LEÓPOLIS","PR","05/2025","582","150","0"
"411340","LEÓPOLIS","PR","11/2025","531","118","0"
"411340","LEÓPOLIS","PR","07/2025","553","128","0"
"411340","LEÓPOLIS","PR","06/2025","582","146","0"
"411340","LEÓPOLIS","PR","04/2025","583","155","0"
"411340","LEÓPOLIS","PR","02/2026","540","140","0"
"411340","LEÓPOLIS","PR","03/2026","523","140","0"
"411340","LEÓPOLIS","PR","04/2026","565","140","0"
"411340","LEÓPOLIS","PR","05/2026","563","127","0"
"411340","LEÓPOLIS","PR","06/2026","568","122","0"
"411342","LIDIANÓPOLIS","PR","11/2023","738","186","0"
"411342","LIDIANÓPOLIS","PR","08/2026","669","162","0"
"411342","LIDIANÓPOLIS","PR","06/2026","685","175","0"
"411342","LIDIANÓPOLIS","PR","05/2026","675","169","0"
"411342","LIDIANÓPOLIS","PR","04/2026","671","181","0"
"411342","LIDIANÓPOLIS","PR","03/2026","681","170","0"
"411342","LIDIANÓPOLIS","PR","02/2026","673","181","0"
"411342","LIDIANÓPOLIS","PR","02/2025","691","188","0"
"411342","LIDIANÓPOLIS","PR","07/2025","656","175","0"
"411342","LIDIANÓPOLIS","PR","03/2025","678","203","0"
"411342","LIDIANÓPOLIS","PR","04/2025","668","205","0"
"411342","LIDIANÓPOLIS","PR","09/2025","659","193","0"
"411342","LIDIANÓPOLIS","PR","11/2025","658","177","0"
"411342","LIDIANÓPOLIS","PR","12/2025","678","186","0"
"411342","LIDIANÓPOLIS","PR","01/2026","676","174","0"
"411342","LIDIANÓPOLIS","PR","06/2025","671","205","0"
"411342","LIDIANÓPOLIS","PR","10/2025","654","186","0"
"411342","LIDIANÓPOLIS","PR","05/2025","668","205","0"
"411342","LIDIANÓPOLIS","PR","08/2025","659","199","0"
"411342","LIDIANÓPOLIS","PR","08/2024","722","187","0"
"411342","LIDIANÓPOLIS","PR","11/2024","682","195","0"
"411342","LIDIANÓPOLIS","PR","05/2024","761","188","0"
"411342","LIDIANÓPOLIS","PR","01/2025","686","187","0"
"411342","LIDIANÓPOLIS","PR","10/2024","679","205","0"
"411342","LIDIANÓPOLIS","PR","09/2024","689","192","0"
"411342","LIDIANÓPOLIS","PR","06/2024","772","177","0"
"411342","LIDIANÓPOLIS","PR","02/2024","747","190","0"
"411342","LIDIANÓPOLIS","PR","03/2024","742","201","0"
"411342","LIDIANÓPOLIS","PR","07/2024","737","186","0"
"411342","LIDIANÓPOLIS","PR","12/2024","698","183","0"
"411342","LIDIANÓPOLIS","PR","04/2024","732","198","0"
"411342","LIDIANÓPOLIS","PR","09/2023","759","198","0"
"411342","LIDIANÓPOLIS","PR","01/2024","736","196","0"
"411342","LIDIANÓPOLIS","PR","08/2023","749","210","0"
"411342","LIDIANÓPOLIS","PR","03/2023","782","150","0"
"411342","LIDIANÓPOLIS","PR","07/2023","736","247","0"
"411342","LIDIANÓPOLIS","PR","02/2023","784","166","0"
"411342","LIDIANÓPOLIS","PR","04/2023","793","142","0"
"411342","LIDIANÓPOLIS","PR","10/2023","764","201","0"
"411342","LIDIANÓPOLIS","PR","05/2023","813","151","0"
"411342","LIDIANÓPOLIS","PR","06/2023","803","160","0"
"411342","LIDIANÓPOLIS","PR","12/2023","746","191","0"
"411345","LINDOESTE","PR","08/2026","1395","261","0"
"411345","LINDOESTE","PR","06/2023","1625","135","0"
"411345","LINDOESTE","PR","09/2023","1529","264","0"
"411345","LINDOESTE","PR","12/2023","1371","321","0"
"411345","LINDOESTE","PR","05/2023","1626","136","0"
"411345","LINDOESTE","PR","10/2023","1509","243","0"
"411345","LINDOESTE","PR","11/2023","1378","331","0"
"411345","LINDOESTE","PR","01/2024","1408","293","0"
"411345","LINDOESTE","PR","04/2023","1604","135","0"
"411345","LINDOESTE","PR","07/2023","1458","306","0"
"411345","LINDOESTE","PR","03/2023","1609","135","0"
"411345","LINDOESTE","PR","02/2023","1633","149","0"
"411345","LINDOESTE","PR","08/2023","1484","291","0"
"411345","LINDOESTE","PR","02/2024","1466","279","0"
"411345","LINDOESTE","PR","04/2024","1440","282","0"
"411345","LINDOESTE","PR","09/2024","1471","264","0"
"411345","LINDOESTE","PR","12/2024","1514","255","0"
"411345","LINDOESTE","PR","05/2024","1502","244","0"
"411345","LINDOESTE","PR","10/2024","1463","289","0"
"411345","LINDOESTE","PR","11/2024","1468","280","0"
"411345","LINDOESTE","PR","06/2024","1532","227","0"
"411345","LINDOESTE","PR","03/2024","1407","324","0"
"411345","LINDOESTE","PR","01/2025","1361","318","0"
"411345","LINDOESTE","PR","08/2024","1464","269","0"
"411345","LINDOESTE","PR","07/2024","1446","286","0"
"411345","LINDOESTE","PR","05/2025","1332","310","0"
"411345","LINDOESTE","PR","11/2025","1274","256","0"
"411345","LINDOESTE","PR","09/2025","1277","278","0"
"411345","LINDOESTE","PR","03/2025","1328","314","0"
"411345","LINDOESTE","PR","07/2025","1308","282","0"
"411345","LINDOESTE","PR","02/2025","1347","302","0"
"411345","LINDOESTE","PR","06/2025","1353","314","0"
"411345","LINDOESTE","PR","01/2026","1400","242","0"
"411345","LINDOESTE","PR","10/2025","1253","282","0"
"411345","LINDOESTE","PR","12/2025","1401","239","0"
"411345","LINDOESTE","PR","08/2025","1266","256","0"
"411345","LINDOESTE","PR","04/2025","1335","312","0"
"411345","LINDOESTE","PR","02/2026","1379","263","0"
"411345","LINDOESTE","PR","03/2026","1353","278","0"
"411345","LINDOESTE","PR","04/2026","1416","278","0"
"411345","LINDOESTE","PR","05/2026","1418","289","0"
"411345","LINDOESTE","PR","06/2026","1423","308","0"
"411350","LOANDA","PR","08/2026","1285","668","0"
"411350","LOANDA","PR","10/2023","1848","792","0"
"411350","LOANDA","PR","03/2023","2176","400","0"
"411350","LOANDA","PR","05/2023","2187","428","0"
"411350","LOANDA","PR","09/2023","1846","784","0"
"411350","LOANDA","PR","12/2023","1691","916","0"
"411350","LOANDA","PR","06/2023","2178","451","0"
"411350","LOANDA","PR","02/2023","2231","405","0"
"411350","LOANDA","PR","08/2023","1832","783","0"
"411350","LOANDA","PR","07/2023","1830","811","0"
"411350","LOANDA","PR","01/2024","1669","954","0"
"411350","LOANDA","PR","04/2023","2196","397","0"
"411350","LOANDA","PR","11/2023","1694","920","0"
"411350","LOANDA","PR","12/2024","1566","928","0"
"411350","LOANDA","PR","05/2024","1655","953","0"
"411350","LOANDA","PR","03/2024","1653","959","0"
"411350","LOANDA","PR","09/2024","1477","929","0"
"411350","LOANDA","PR","07/2024","1519","967","0"
"411350","LOANDA","PR","10/2024","1463","968","0"
"411350","LOANDA","PR","04/2024","1651","981","0"
"411350","LOANDA","PR","02/2024","1700","933","0"
"411350","LOANDA","PR","06/2024","1656","930","0"
"411350","LOANDA","PR","01/2025","1472","961","0"
"411350","LOANDA","PR","11/2024","1460","952","0"
"411350","LOANDA","PR","08/2024","1472","953","0"
"411350","LOANDA","PR","05/2025","1449","971","0"
"411350","LOANDA","PR","03/2025","1462","986","0"
"411350","LOANDA","PR","06/2025","1449","970","0"
"411350","LOANDA","PR","12/2025","1271","752","0"
"411350","LOANDA","PR","07/2025","1319","859","0"
"411350","LOANDA","PR","01/2026","1219","776","0"
"411350","LOANDA","PR","09/2025","1221","864","0"
"411350","LOANDA","PR","10/2025","1223","827","0"
"411350","LOANDA","PR","11/2025","1210","764","0"
"411350","LOANDA","PR","08/2025","1266","856","0"
"411350","LOANDA","PR","02/2025","1504","952","0"
"411350","LOANDA","PR","04/2025","1449","990","0"
"411350","LOANDA","PR","02/2026","1209","760","0"
"411350","LOANDA","PR","03/2026","1240","725","0"
"411350","LOANDA","PR","04/2026","1241","710","0"
"411350","LOANDA","PR","05/2026","1262","701","0"
"411350","LOANDA","PR","06/2026","1272","712","0"
"411360","LOBATO","PR","08/2026","517","118","0"
"411360","LOBATO","PR","06/2026","496","149","0"
"411360","LOBATO","PR","05/2026","493","152","0"
"411360","LOBATO","PR","04/2026","506","159","0"
"411360","LOBATO","PR","03/2026","499","151","0"
"411360","LOBATO","PR","02/2026","497","160","0"
"411360","LOBATO","PR","11/2025","483","168","0"
"411360","LOBATO","PR","05/2025","511","198","0"
"411360","LOBATO","PR","12/2025","519","156","0"
"411360","LOBATO","PR","07/2025","497","190","0"
"411360","LOBATO","PR","02/2025","521","184","0"
"411360","LOBATO","PR","06/2025","509","187","0"
"411360","LOBATO","PR","04/2025","518","200","0"
"411360","LOBATO","PR","03/2025","532","197","0"
"411360","LOBATO","PR","01/2026","508","158","0"
"411360","LOBATO","PR","10/2025","496","167","0"
"411360","LOBATO","PR","09/2025","501","173","0"
"411360","LOBATO","PR","08/2025","502","179","0"
"411360","LOBATO","PR","08/2024","560","184","0"
"411360","LOBATO","PR","10/2024","540","202","0"
"411360","LOBATO","PR","01/2025","519","195","0"
"411360","LOBATO","PR","05/2024","499","181","0"
"411360","LOBATO","PR","06/2024","516","169","0"
"411360","LOBATO","PR","07/2024","565","181","0"
"411360","LOBATO","PR","09/2024","540","193","0"
"411360","LOBATO","PR","11/2024","540","190","0"
"411360","LOBATO","PR","03/2024","479","186","0"
"411360","LOBATO","PR","12/2024","527","201","0"
"411360","LOBATO","PR","04/2024","483","189","0"
"411360","LOBATO","PR","02/2024","507","188","0"
"411360","LOBATO","PR","01/2024","511","187","0"
"411360","LOBATO","PR","04/2023","752","45","0"
"411360","LOBATO","PR","08/2023","645","120","0"
"411360","LOBATO","PR","03/2023","753","53","0"
"411360","LOBATO","PR","07/2023","653","115","0"
"411360","LOBATO","PR","10/2023","584","145","0"
"411360","LOBATO","PR","12/2023","521","184","0"
"411360","LOBATO","PR","09/2023","617","120","0"
"411360","LOBATO","PR","06/2023","724","76","0"
"411360","LOBATO","PR","02/2023","828","59","0"
"411360","LOBATO","PR","11/2023","535","165","0"
"411360","LOBATO","PR","05/2023","744","61","0"
"411370","LONDRINA","PR","07/2024","58937","17388","0"
"411370","LONDRINA","PR","02/2023","71992","5494","0"
"411370","LONDRINA","PR","03/2023","68228","4961","0"
"411370","LONDRINA","PR","11/2023","63327","15326","0"
"411370","LONDRINA","PR","12/2023","63151","15015","0"
"411370","LONDRINA","PR","04/2023","67925","4925","0"
"411370","LONDRINA","PR","10/2023","64237","12580","0"
"411370","LONDRINA","PR","07/2023","57844","14289","0"
"411370","LONDRINA","PR","08/2023","58326","13524","0"
"411370","LONDRINA","PR","09/2023","63731","13011","0"
"411370","LONDRINA","PR","05/2023","67604","5158","0"
"411370","LONDRINA","PR","01/2024","63768","14643","0"
"411370","LONDRINA","PR","06/2023","67244","5469","0"
"411370","LONDRINA","PR","02/2024","63338","14308","0"
"411370","LONDRINA","PR","03/2024","60004","17017","0"
"411370","LONDRINA","PR","04/2024","60134","16798","0"
"411370","LONDRINA","PR","01/2025","57576","17480","0"
"411370","LONDRINA","PR","05/2024","59849","16467","0"
"411370","LONDRINA","PR","11/2024","58463","16747","0"
"411370","LONDRINA","PR","08/2024","58895","16721","0"
"411370","LONDRINA","PR","09/2024","58891","16181","0"
"411370","LONDRINA","PR","06/2024","59840","16052","0"
"411370","LONDRINA","PR","12/2024","59582","16390","0"
"411370","LONDRINA","PR","10/2024","57979","16940","0"
"411370","LONDRINA","PR","12/2025","51196","12605","0"
"411370","LONDRINA","PR","01/2026","52213","13721","0"
"411370","LONDRINA","PR","02/2025","58366","17213","0"
"411370","LONDRINA","PR","03/2025","57227","18188","0"
"411370","LONDRINA","PR","04/2025","57438","17863","0"
"411370","LONDRINA","PR","11/2025","53193","13628","0"
"411370","LONDRINA","PR","10/2025","53309","14192","0"
"411370","LONDRINA","PR","06/2025","57534","17539","0"
"411370","LONDRINA","PR","07/2025","55235","15019","0"
"411370","LONDRINA","PR","08/2025","55039","14375","0"
"411370","LONDRINA","PR","09/2025","54079","14140","0"
"411370","LONDRINA","PR","05/2025","57437","17685","0"
"411370","LONDRINA","PR","02/2026","52078","14383","0"
"411370","LONDRINA","PR","03/2026","54273","13730","0"
"411370","LONDRINA","PR","04/2026","54936","13795","0"
"411370","LONDRINA","PR","05/2026","55672","13446","0"
"411370","LONDRINA","PR","06/2026","56144","13553","0"
"411370","LONDRINA","PR","08/2026","57401","12776","0"
"411373","LUIZIANA","PR","04/2026","1706","156","0"
"411373","LUIZIANA","PR","08/2026","1781","170","0"
"411373","LUIZIANA","PR","05/2026","1747","156","0"
"411373","LUIZIANA","PR","01/2024","1533","364","0"
"411373","LUIZIANA","PR","02/2023","1798","134","0"
"411373","LUIZIANA","PR","06/2023","1576","247","0"
"411373","LUIZIANA","PR","05/2023","1603","246","0"
"411373","LUIZIANA","PR","11/2023","1481","430","0"
"411373","LUIZIANA","PR","09/2023","1522","370","0"
"411373","LUIZIANA","PR","12/2023","1497","401","0"
"411373","LUIZIANA","PR","07/2023","1403","468","0"
"411373","LUIZIANA","PR","04/2023","1727","122","0"
"411373","LUIZIANA","PR","10/2023","1577","344","0"
"411373","LUIZIANA","PR","03/2023","1741","116","0"
"411373","LUIZIANA","PR","08/2023","1476","414","0"
"411373","LUIZIANA","PR","04/2024","1607","347","0"
"411373","LUIZIANA","PR","10/2024","1558","273","0"
"411373","LUIZIANA","PR","02/2024","1549","349","0"
"411373","LUIZIANA","PR","05/2024","1579","309","0"
"411373","LUIZIANA","PR","03/2024","1552","356","0"
"411373","LUIZIANA","PR","06/2026","1761","161","0"
"411373","LUIZIANA","PR","12/2024","1528","247","0"
"411373","LUIZIANA","PR","06/2024","1608","276","0"
"411373","LUIZIANA","PR","07/2024","1474","365","0"
"411373","LUIZIANA","PR","09/2024","1589","269","0"
"411373","LUIZIANA","PR","01/2025","1441","298","0"
"411373","LUIZIANA","PR","11/2024","1562","269","0"
"411373","LUIZIANA","PR","08/2024","1502","320","0"
"411373","LUIZIANA","PR","09/2025","1456","210","0"
"411373","LUIZIANA","PR","12/2025","1555","151","0"
"411373","LUIZIANA","PR","06/2025","1460","304","0"
"411373","LUIZIANA","PR","01/2026","1618","161","0"
"411373","LUIZIANA","PR","07/2025","1425","252","0"
"411373","LUIZIANA","PR","03/2025","1428","322","0"
"411373","LUIZIANA","PR","02/2025","1431","301","0"
"411373","LUIZIANA","PR","05/2025","1448","300","0"
"411373","LUIZIANA","PR","11/2025","1513","167","0"
"411373","LUIZIANA","PR","10/2025","1494","197","0"
"411373","LUIZIANA","PR","08/2025","1423","219","0"
"411373","LUIZIANA","PR","04/2025","1442","317","0"
"411373","LUIZIANA","PR","02/2026","1605","186","0"
"411373","LUIZIANA","PR","03/2026","1653","167","0"
"411375","LUNARDELLI","PR","05/2026","545","191","0"
"411375","LUNARDELLI","PR","08/2026","547","184","0"
"411375","LUNARDELLI","PR","08/2023","809","300","0"
"411375","LUNARDELLI","PR","04/2023","919","192","0"
"411375","LUNARDELLI","PR","06/2023","831","258","0"
"411375","LUNARDELLI","PR","12/2023","729","353","0"
"411375","LUNARDELLI","PR","02/2023","991","211","0"
"411375","LUNARDELLI","PR","11/2023","726","357","0"
"411375","LUNARDELLI","PR","03/2023","910","183","0"
"411375","LUNARDELLI","PR","07/2023","787","313","0"
"411375","LUNARDELLI","PR","09/2023","814","301","0"
"411375","LUNARDELLI","PR","05/2023","887","211","0"
"411375","LUNARDELLI","PR","10/2023","818","300","0"
"411375","LUNARDELLI","PR","01/2024","747","325","0"
"411375","LUNARDELLI","PR","11/2024","715","294","0"
"411375","LUNARDELLI","PR","12/2024","724","283","0"
"411375","LUNARDELLI","PR","08/2024","723","282","0"
"411375","LUNARDELLI","PR","06/2024","751","263","0"
"411375","LUNARDELLI","PR","04/2024","709","325","0"
"411375","LUNARDELLI","PR","07/2024","711","294","0"
"411375","LUNARDELLI","PR","03/2024","722","335","0"
"411375","LUNARDELLI","PR","10/2024","712","311","0"
"411375","LUNARDELLI","PR","09/2024","724","302","0"
"411375","LUNARDELLI","PR","01/2025","687","281","0"
"411375","LUNARDELLI","PR","02/2024","753","327","0"
"411375","LUNARDELLI","PR","05/2024","733","295","0"
"411375","LUNARDELLI","PR","05/2025","679","243","0"
"411375","LUNARDELLI","PR","01/2026","529","215","0"
"411375","LUNARDELLI","PR","08/2025","591","242","0"
"411375","LUNARDELLI","PR","09/2025","560","257","0"
"411375","LUNARDELLI","PR","03/2025","689","265","0"
"411375","LUNARDELLI","PR","11/2025","554","218","0"
"411375","LUNARDELLI","PR","06/2025","679","214","0"
"411375","LUNARDELLI","PR","07/2025","609","241","0"
"411375","LUNARDELLI","PR","02/2025","695","275","0"
"411375","LUNARDELLI","PR","04/2025","679","261","0"
"411375","LUNARDELLI","PR","12/2025","543","207","0"
"411375","LUNARDELLI","PR","10/2025","547","247","0"
"411375","LUNARDELLI","PR","02/2026","577","198","0"
"411375","LUNARDELLI","PR","03/2026","569","184","0"
"411375","LUNARDELLI","PR","04/2026","547","193","0"
"411375","LUNARDELLI","PR","06/2026","544","201","0"
"411380","LUPIONÓPOLIS","PR","05/2023","1096","49","0"
"411380","LUPIONÓPOLIS","PR","08/2026","857","112","0"
"411380","LUPIONÓPOLIS","PR","06/2026","890","99","0"
"411380","LUPIONÓPOLIS","PR","05/2026","853","105","0"
"411380","LUPIONÓPOLIS","PR","04/2026","790","116","0"
"411380","LUPIONÓPOLIS","PR","03/2026","792","115","0"
"411380","LUPIONÓPOLIS","PR","02/2026","788","145","0"
"411380","LUPIONÓPOLIS","PR","03/2025","824","195","0"
"411380","LUPIONÓPOLIS","PR","11/2025","751","125","0"
"411380","LUPIONÓPOLIS","PR","10/2025","750","134","0"
"411380","LUPIONÓPOLIS","PR","12/2025","803","124","0"
"411380","LUPIONÓPOLIS","PR","01/2026","788","139","0"
"411380","LUPIONÓPOLIS","PR","09/2025","745","164","0"
"411380","LUPIONÓPOLIS","PR","06/2025","834","181","0"
"411380","LUPIONÓPOLIS","PR","04/2025","826","190","0"
"411380","LUPIONÓPOLIS","PR","08/2025","744","164","0"
"411380","LUPIONÓPOLIS","PR","02/2025","787","198","0"
"411380","LUPIONÓPOLIS","PR","07/2025","780","171","0"
"411380","LUPIONÓPOLIS","PR","05/2025","826","183","0"
"411380","LUPIONÓPOLIS","PR","08/2024","785","234","0"
"411380","LUPIONÓPOLIS","PR","09/2024","794","225","0"
"411380","LUPIONÓPOLIS","PR","03/2024","848","252","0"
"411380","LUPIONÓPOLIS","PR","05/2024","843","216","0"
"411380","LUPIONÓPOLIS","PR","10/2024","828","211","0"
"411380","LUPIONÓPOLIS","PR","07/2024","799","236","0"
"411380","LUPIONÓPOLIS","PR","02/2024","901","229","0"
"411380","LUPIONÓPOLIS","PR","01/2025","787","205","0"
"411380","LUPIONÓPOLIS","PR","06/2024","842","210","0"
"411380","LUPIONÓPOLIS","PR","12/2024","820","191","0"
"411380","LUPIONÓPOLIS","PR","11/2024","831","198","0"
"411380","LUPIONÓPOLIS","PR","04/2024","849","228","0"
"411380","LUPIONÓPOLIS","PR","01/2024","907","240","0"
"411380","LUPIONÓPOLIS","PR","12/2023","904","244","0"
"411380","LUPIONÓPOLIS","PR","08/2023","941","177","0"
"411380","LUPIONÓPOLIS","PR","03/2023","1132","42","0"
"411380","LUPIONÓPOLIS","PR","04/2023","1113","45","0"
"411380","LUPIONÓPOLIS","PR","02/2023","1217","44","0"
"411380","LUPIONÓPOLIS","PR","10/2023","1011","167","0"
"411380","LUPIONÓPOLIS","PR","07/2023","934","183","0"
"411380","LUPIONÓPOLIS","PR","11/2023","916","244","0"
"411380","LUPIONÓPOLIS","PR","06/2023","1068","71","0"
"411380","LUPIONÓPOLIS","PR","09/2023","976","165","0"
"411390","MALLET","PR","06/2023","1629","235","0"
"411390","MALLET","PR","08/2026","1543","198","0"
"411390","MALLET","PR","06/2026","1542","232","0"
"411390","MALLET","PR","05/2026","1506","246","0"
"411390","MALLET","PR","04/2026","1504","261","0"
"411390","MALLET","PR","03/2026","1403","280","0"
"411390","MALLET","PR","02/2026","1412","303","0"
"411390","MALLET","PR","04/2025","1466","416","0"
"411390","MALLET","PR","03/2025","1449","426","0"
"411390","MALLET","PR","08/2025","1350","361","0"
"411390","MALLET","PR","12/2025","1436","289","0"
"411390","MALLET","PR","11/2025","1333","292","0"
"411390","MALLET","PR","10/2025","1338","305","0"
"411390","MALLET","PR","07/2025","1415","359","0"
"411390","MALLET","PR","02/2025","1464","412","0"
"411390","MALLET","PR","06/2025","1486","406","0"
"411390","MALLET","PR","09/2025","1338","324","0"
"411390","MALLET","PR","01/2026","1411","310","0"
"411390","MALLET","PR","05/2025","1470","410","0"
"411390","MALLET","PR","03/2024","1499","400","0"
"411390","MALLET","PR","09/2024","1417","403","0"
"411390","MALLET","PR","10/2024","1429","431","0"
"411390","MALLET","PR","06/2024","1520","369","0"
"411390","MALLET","PR","04/2024","1496","388","0"
"411390","MALLET","PR","12/2024","1504","409","0"
"411390","MALLET","PR","01/2025","1452","412","0"
"411390","MALLET","PR","07/2024","1389","458","0"
"411390","MALLET","PR","02/2024","1518","391","0"
"411390","MALLET","PR","11/2024","1452","417","0"
"411390","MALLET","PR","05/2024","1512","382","0"
"411390","MALLET","PR","08/2024","1398","424","0"
"411390","MALLET","PR","01/2024","1495","404","0"
"411390","MALLET","PR","09/2023","1523","409","0"
"411390","MALLET","PR","02/2023","1742","225","0"
"411390","MALLET","PR","08/2023","1487","414","0"
"411390","MALLET","PR","10/2023","1557","387","0"
"411390","MALLET","PR","04/2023","1671","195","0"
"411390","MALLET","PR","07/2023","1438","434","0"
"411390","MALLET","PR","03/2023","1658","205","0"
"411390","MALLET","PR","12/2023","1467","421","0"
"411390","MALLET","PR","05/2023","1659","204","0"
"411390","MALLET","PR","11/2023","1461","437","0"
"411400","MAMBORÊ","PR","08/2023","2558","441","0"
"411400","MAMBORÊ","PR","02/2023","2912","142","0"
"411400","MAMBORÊ","PR","04/2023","2821","148","0"
"411400","MAMBORÊ","PR","06/2023","2809","152","0"
"411400","MAMBORÊ","PR","12/2023","2446","466","0"
"411400","MAMBORÊ","PR","10/2023","2589","397","0"
"411400","MAMBORÊ","PR","11/2023","2436","512","0"
"411400","MAMBORÊ","PR","05/2023","2808","139","0"
"411400","MAMBORÊ","PR","07/2023","2555","450","0"
"411400","MAMBORÊ","PR","03/2023","2792","140","0"
"411400","MAMBORÊ","PR","09/2023","2596","417","0"
"411400","MAMBORÊ","PR","01/2024","2466","441","0"
"411400","MAMBORÊ","PR","11/2024","2038","578","0"
"411400","MAMBORÊ","PR","06/2024","2389","507","0"
"411400","MAMBORÊ","PR","02/2024","2491","444","0"
"411400","MAMBORÊ","PR","07/2024","2246","566","0"
"411400","MAMBORÊ","PR","10/2024","2046","582","0"
"411400","MAMBORÊ","PR","03/2024","2372","543","0"
"411400","MAMBORÊ","PR","12/2024","2004","564","0"
"411400","MAMBORÊ","PR","04/2024","2390","538","0"
"411400","MAMBORÊ","PR","05/2024","2396","517","0"
"411400","MAMBORÊ","PR","01/2025","1900","592","0"
"411400","MAMBORÊ","PR","09/2024","2165","545","0"
"411400","MAMBORÊ","PR","08/2024","2175","568","0"
"411400","MAMBORÊ","PR","08/2025","1853","510","0"
"411400","MAMBORÊ","PR","05/2025","1993","573","0"
"411400","MAMBORÊ","PR","02/2025","1898","592","0"
"411400","MAMBORÊ","PR","09/2025","1820","494","0"
"411400","MAMBORÊ","PR","06/2025","2017","578","0"
"411400","MAMBORÊ","PR","01/2026","1902","413","0"
"411400","MAMBORÊ","PR","07/2025","1911","522","0"
"411400","MAMBORÊ","PR","10/2025","1803","477","0"
"411400","MAMBORÊ","PR","11/2025","1781","428","0"
"411400","MAMBORÊ","PR","03/2025","1981","592","0"
"411400","MAMBORÊ","PR","04/2025","1996","579","0"
"411400","MAMBORÊ","PR","12/2025","1907","395","0"
"411400","MAMBORÊ","PR","02/2026","1881","426","0"
"411400","MAMBORÊ","PR","03/2026","1887","363","0"
"411400","MAMBORÊ","PR","04/2026","1869","350","0"
"411400","MAMBORÊ","PR","05/2026","1981","336","0"
"411400","MAMBORÊ","PR","06/2026","2031","367","0"
"411400","MAMBORÊ","PR","08/2026","1990","347","0"
"411410","MANDAGUAÇU","PR","08/2026","2569","717","0"
"411410","MANDAGUAÇU","PR","10/2023","2215","716","0"
"411410","MANDAGUAÇU","PR","03/2023","2765","264","0"
"411410","MANDAGUAÇU","PR","11/2023","2055","803","0"
"411410","MANDAGUAÇU","PR","08/2023","2141","765","0"
"411410","MANDAGUAÇU","PR","12/2023","2081","785","0"
"411410","MANDAGUAÇU","PR","01/2024","2118","781","0"
"411410","MANDAGUAÇU","PR","02/2023","2838","302","0"
"411410","MANDAGUAÇU","PR","09/2023","2196","744","0"
"411410","MANDAGUAÇU","PR","05/2023","2724","294","0"
"411410","MANDAGUAÇU","PR","04/2023","2738","277","0"
"411410","MANDAGUAÇU","PR","07/2023","2138","786","0"
"411410","MANDAGUAÇU","PR","06/2023","2730","313","0"
"411410","MANDAGUAÇU","PR","03/2024","1932","867","0"
"411410","MANDAGUAÇU","PR","01/2025","2382","900","0"
"411410","MANDAGUAÇU","PR","07/2024","2402","832","0"
"411410","MANDAGUAÇU","PR","10/2024","2433","906","0"
"411410","MANDAGUAÇU","PR","12/2024","2508","854","0"
"411410","MANDAGUAÇU","PR","05/2024","1987","821","0"
"411410","MANDAGUAÇU","PR","06/2024","1980","819","0"
"411410","MANDAGUAÇU","PR","02/2024","2094","730","0"
"411410","MANDAGUAÇU","PR","09/2024","2428","796","0"
"411410","MANDAGUAÇU","PR","11/2024","2449","883","0"
"411410","MANDAGUAÇU","PR","08/2024","2406","815","0"
"411410","MANDAGUAÇU","PR","04/2024","1967","866","0"
"411410","MANDAGUAÇU","PR","05/2025","2426","891","0"
"411410","MANDAGUAÇU","PR","04/2025","2426","906","0"
"411410","MANDAGUAÇU","PR","12/2025","2451","730","0"
"411410","MANDAGUAÇU","PR","10/2025","2283","766","0"
"411410","MANDAGUAÇU","PR","06/2025","2446","885","0"
"411410","MANDAGUAÇU","PR","01/2026","2426","772","0"
"411410","MANDAGUAÇU","PR","07/2025","2378","769","0"
"411410","MANDAGUAÇU","PR","11/2025","2292","677","0"
"411410","MANDAGUAÇU","PR","03/2025","2430","929","0"
"411410","MANDAGUAÇU","PR","09/2025","2261","793","0"
"411410","MANDAGUAÇU","PR","02/2025","2377","891","0"
"411410","MANDAGUAÇU","PR","08/2025","2286","794","0"
"411410","MANDAGUAÇU","PR","02/2026","2389","799","0"
"411410","MANDAGUAÇU","PR","03/2026","2310","755","0"
"411410","MANDAGUAÇU","PR","04/2026","2291","754","0"
"411410","MANDAGUAÇU","PR","05/2026","2518","709","0"
"411410","MANDAGUAÇU","PR","06/2026","2642","725","0"
"411420","MANDAGUARI","PR","04/2026","1028","615","0"
"411420","MANDAGUARI","PR","10/2023","1607","704","0"
"411420","MANDAGUARI","PR","11/2023","1512","767","0"
"411420","MANDAGUARI","PR","08/2026","1065","506","0"
"411420","MANDAGUARI","PR","06/2026","1032","583","0"
"411420","MANDAGUARI","PR","05/2026","1054","579","0"
"411420","MANDAGUARI","PR","03/2026","1049","640","0"
"411420","MANDAGUARI","PR","02/2026","1001","695","0"
"411420","MANDAGUARI","PR","07/2025","1012","818","0"
"411420","MANDAGUARI","PR","08/2025","964","812","0"
"411420","MANDAGUARI","PR","03/2025","1155","978","0"
"411420","MANDAGUARI","PR","11/2025","917","705","0"
"411420","MANDAGUARI","PR","10/2025","916","785","0"
"411420","MANDAGUARI","PR","02/2025","1125","979","0"
"411420","MANDAGUARI","PR","12/2025","999","672","0"
"411420","MANDAGUARI","PR","06/2025","1123","922","0"
"411420","MANDAGUARI","PR","04/2025","1133","975","0"
"411420","MANDAGUARI","PR","05/2025","1132","967","0"
"411420","MANDAGUARI","PR","09/2025","943","790","0"
"411420","MANDAGUARI","PR","01/2026","998","682","0"
"411420","MANDAGUARI","PR","08/2024","1296","898","0"
"411420","MANDAGUARI","PR","01/2025","1139","983","0"
"411420","MANDAGUARI","PR","09/2024","1288","897","0"
"411420","MANDAGUARI","PR","06/2024","1447","824","0"
"411420","MANDAGUARI","PR","05/2024","1445","842","0"
"411420","MANDAGUARI","PR","03/2024","1466","841","0"
"411420","MANDAGUARI","PR","10/2024","1248","947","0"
"411420","MANDAGUARI","PR","12/2024","1223","939","0"
"411420","MANDAGUARI","PR","07/2024","1276","898","0"
"411420","MANDAGUARI","PR","11/2024","1227","958","0"
"411420","MANDAGUARI","PR","04/2024","1422","845","0"
"411420","MANDAGUARI","PR","02/2024","1544","757","0"
"411420","MANDAGUARI","PR","08/2023","1534","705","0"
"411420","MANDAGUARI","PR","09/2023","1555","719","0"
"411420","MANDAGUARI","PR","03/2023","1642","507","0"
"411420","MANDAGUARI","PR","02/2023","1692","541","0"
"411420","MANDAGUARI","PR","04/2023","1688","476","0"
"411420","MANDAGUARI","PR","07/2023","1552","781","0"
"411420","MANDAGUARI","PR","06/2023","1684","536","0"
"411420","MANDAGUARI","PR","01/2024","1534","759","0"
"411420","MANDAGUARI","PR","12/2023","1523","759","0"
"411420","MANDAGUARI","PR","05/2023","1701","503","0"
"411430","MANDIRITUBA","PR","06/2026","4376","736","0"
"411430","MANDIRITUBA","PR","08/2026","4359","705","0"
"411430","MANDIRITUBA","PR","12/2023","4032","1057","0"
"411430","MANDIRITUBA","PR","02/2023","4043","764","0"
"411430","MANDIRITUBA","PR","01/2024","4035","1013","0"
"411430","MANDIRITUBA","PR","04/2023","4182","678","0"
"411430","MANDIRITUBA","PR","11/2023","3982","1088","0"
"411430","MANDIRITUBA","PR","06/2023","4049","705","0"
"411430","MANDIRITUBA","PR","07/2023","3913","1028","0"
"411430","MANDIRITUBA","PR","08/2023","3996","938","0"
"411430","MANDIRITUBA","PR","09/2023","4071","908","0"
"411430","MANDIRITUBA","PR","05/2023","4070","669","0"
"411430","MANDIRITUBA","PR","10/2023","4122","886","0"
"411430","MANDIRITUBA","PR","03/2023","4004","699","0"
"411430","MANDIRITUBA","PR","02/2024","4123","1000","0"
"411430","MANDIRITUBA","PR","03/2024","3968","1108","0"
"411430","MANDIRITUBA","PR","12/2024","3885","1063","0"
"411430","MANDIRITUBA","PR","08/2024","3910","1037","0"
"411430","MANDIRITUBA","PR","09/2024","3933","989","0"
"411430","MANDIRITUBA","PR","06/2024","4042","1015","0"
"411430","MANDIRITUBA","PR","04/2024","4020","1057","0"
"411430","MANDIRITUBA","PR","07/2024","3926","1104","0"
"411430","MANDIRITUBA","PR","01/2025","3636","1189","0"
"411430","MANDIRITUBA","PR","11/2024","3852","1088","0"
"411430","MANDIRITUBA","PR","10/2024","3838","1116","0"
"411430","MANDIRITUBA","PR","05/2024","4051","1027","0"
"411430","MANDIRITUBA","PR","05/2025","3604","1225","0"
"411430","MANDIRITUBA","PR","09/2025","3625","907","0"
"411430","MANDIRITUBA","PR","04/2025","3606","1236","0"
"411430","MANDIRITUBA","PR","06/2025","3623","1190","0"
"411430","MANDIRITUBA","PR","07/2025","3549","1073","0"
"411430","MANDIRITUBA","PR","01/2026","3836","801","0"
"411430","MANDIRITUBA","PR","12/2025","3872","752","0"
"411430","MANDIRITUBA","PR","11/2025","3587","806","0"
"411430","MANDIRITUBA","PR","03/2025","3615","1263","0"
"411430","MANDIRITUBA","PR","10/2025","3626","869","0"
"411430","MANDIRITUBA","PR","08/2025","3470","966","0"
"411430","MANDIRITUBA","PR","02/2025","3690","1178","0"
"411430","MANDIRITUBA","PR","02/2026","3833","832","0"
"411430","MANDIRITUBA","PR","03/2026","3821","762","0"
"411430","MANDIRITUBA","PR","04/2026","4138","772","0"
"411430","MANDIRITUBA","PR","05/2026","4180","752","0"
"411435","MANFRINÓPOLIS","PR","02/2023","204","91","0"
"411435","MANFRINÓPOLIS","PR","04/2023","194","89","0"
"411435","MANFRINÓPOLIS","PR","09/2023","182","83","0"
"411435","MANFRINÓPOLIS","PR","06/2023","195","60","0"
"411435","MANFRINÓPOLIS","PR","11/2023","158","109","0"
"411435","MANFRINÓPOLIS","PR","07/2023","203","74","0"
"411435","MANFRINÓPOLIS","PR","03/2023","196","93","0"
"411435","MANFRINÓPOLIS","PR","12/2023","164","112","0"
"411435","MANFRINÓPOLIS","PR","01/2024","156","122","0"
"411435","MANFRINÓPOLIS","PR","10/2023","174","89","0"
"411435","MANFRINÓPOLIS","PR","08/2023","183","85","0"
"411435","MANFRINÓPOLIS","PR","10/2024","147","90","0"
"411435","MANFRINÓPOLIS","PR","12/2024","161","92","0"
"411435","MANFRINÓPOLIS","PR","03/2024","145","126","0"
"411435","MANFRINÓPOLIS","PR","04/2024","159","115","0"
"411435","MANFRINÓPOLIS","PR","07/2024","153","94","0"
"411435","MANFRINÓPOLIS","PR","02/2024","157","117","0"
"411435","MANFRINÓPOLIS","PR","01/2025","156","102","0"
"411435","MANFRINÓPOLIS","PR","05/2024","159","107","0"
"411435","MANFRINÓPOLIS","PR","09/2024","156","78","0"
"411435","MANFRINÓPOLIS","PR","11/2024","147","90","0"
"411435","MANFRINÓPOLIS","PR","08/2024","151","92","0"
"411435","MANFRINÓPOLIS","PR","06/2024","162","87","0"
"411435","MANFRINÓPOLIS","PR","07/2025","149","86","0"
"411435","MANFRINÓPOLIS","PR","02/2025","156","102","0"
"411435","MANFRINÓPOLIS","PR","05/2025","179","77","0"
"411435","MANFRINÓPOLIS","PR","01/2026","165","66","0"
"411435","MANFRINÓPOLIS","PR","09/2025","145","76","0"
"411435","MANFRINÓPOLIS","PR","12/2025","164","69","0"
"411435","MANFRINÓPOLIS","PR","11/2025","144","73","0"
"411435","MANFRINÓPOLIS","PR","03/2025","172","97","0"
"411435","MANFRINÓPOLIS","PR","08/2025","149","81","0"
"411435","MANFRINÓPOLIS","PR","10/2025","142","82","0"
"411435","MANFRINÓPOLIS","PR","06/2025","179","70","0"
"411435","MANFRINÓPOLIS","PR","04/2025","179","91","0"
"411435","MANFRINÓPOLIS","PR","02/2026","170","67","0"
"411435","MANFRINÓPOLIS","PR","03/2026","166","63","0"
"411435","MANFRINÓPOLIS","PR","04/2026","154","87","0"
"411435","MANFRINÓPOLIS","PR","05/2026","151","89","0"
"411435","MANFRINÓPOLIS","PR","06/2026","160","87","0"
"411435","MANFRINÓPOLIS","PR","08/2026","162","83","0"
"411435","MANFRINÓPOLIS","PR","05/2023","195","63","0"
"411440","MANGUEIRINHA","PR","08/2026","2009","847","0"
"411440","MANGUEIRINHA","PR","06/2026","2077","884","0"
"411440","MANGUEIRINHA","PR","05/2026","2105","890","0"
"411440","MANGUEIRINHA","PR","04/2023","2652","628","0"
"411440","MANGUEIRINHA","PR","09/2023","2668","938","0"
"411440","MANGUEIRINHA","PR","12/2023","2565","1027","0"
"411440","MANGUEIRINHA","PR","08/2023","2491","964","0"
"411440","MANGUEIRINHA","PR","06/2023","2714","625","0"
"411440","MANGUEIRINHA","PR","03/2023","2606","670","0"
"411440","MANGUEIRINHA","PR","07/2023","2424","1049","0"
"411440","MANGUEIRINHA","PR","02/2023","2732","721","0"
"411440","MANGUEIRINHA","PR","05/2023","2725","617","0"
"411440","MANGUEIRINHA","PR","10/2023","2729","924","0"
"411440","MANGUEIRINHA","PR","11/2023","2526","1036","0"
"411440","MANGUEIRINHA","PR","01/2024","2585","1004","0"
"411440","MANGUEIRINHA","PR","11/2024","2217","1135","0"
"411440","MANGUEIRINHA","PR","04/2024","2584","1022","0"
"411440","MANGUEIRINHA","PR","01/2025","2092","1147","0"
"411440","MANGUEIRINHA","PR","03/2024","2571","1037","0"
"411440","MANGUEIRINHA","PR","12/2024","2200","1115","0"
"411440","MANGUEIRINHA","PR","06/2024","2587","1021","0"
"411440","MANGUEIRINHA","PR","07/2024","2361","1118","0"
"411440","MANGUEIRINHA","PR","05/2024","2563","1031","0"
"411440","MANGUEIRINHA","PR","09/2024","2339","1059","0"
"411440","MANGUEIRINHA","PR","10/2024","2237","1121","0"
"411440","MANGUEIRINHA","PR","02/2024","2659","961","0"
"411440","MANGUEIRINHA","PR","08/2024","2368","1084","0"
"411440","MANGUEIRINHA","PR","04/2025","2106","1139","0"
"411440","MANGUEIRINHA","PR","06/2025","2114","1120","0"
"411440","MANGUEIRINHA","PR","02/2025","2133","1141","0"
"411440","MANGUEIRINHA","PR","01/2026","2055","872","0"
"411440","MANGUEIRINHA","PR","07/2025","1949","1004","0"
"411440","MANGUEIRINHA","PR","10/2025","1827","995","0"
"411440","MANGUEIRINHA","PR","05/2025","2105","1125","0"
"411440","MANGUEIRINHA","PR","11/2025","1834","895","0"
"411440","MANGUEIRINHA","PR","03/2025","2093","1171","0"
"411440","MANGUEIRINHA","PR","09/2025","1853","1017","0"
"411440","MANGUEIRINHA","PR","08/2025","1918","964","0"
"411440","MANGUEIRINHA","PR","12/2025","2053","866","0"
"411440","MANGUEIRINHA","PR","02/2026","2040","900","0"
"411440","MANGUEIRINHA","PR","03/2026","2021","853","0"
"411440","MANGUEIRINHA","PR","04/2026","2134","870","0"
"411450","MANOEL RIBAS","PR","05/2023","3953","187","0"
"411450","MANOEL RIBAS","PR","02/2023","3935","207","0"
"411450","MANOEL RIBAS","PR","03/2023","3898","198","0"
"411450","MANOEL RIBAS","PR","08/2026","2780","542","0"
"411450","MANOEL RIBAS","PR","06/2026","2730","590","0"
"411450","MANOEL RIBAS","PR","05/2026","2706","598","0"
"411450","MANOEL RIBAS","PR","04/2026","2684","630","0"
"411450","MANOEL RIBAS","PR","03/2026","2688","643","0"
"411450","MANOEL RIBAS","PR","02/2026","2642","686","0"
"411450","MANOEL RIBAS","PR","04/2025","2928","837","0"
"411450","MANOEL RIBAS","PR","08/2025","2705","753","0"
"411450","MANOEL RIBAS","PR","07/2025","2796","752","0"
"411450","MANOEL RIBAS","PR","10/2025","2680","717","0"
"411450","MANOEL RIBAS","PR","03/2025","2917","853","0"
"411450","MANOEL RIBAS","PR","11/2025","2645","664","0"
"411450","MANOEL RIBAS","PR","06/2025","2946","833","0"
"411450","MANOEL RIBAS","PR","05/2025","2928","829","0"
"411450","MANOEL RIBAS","PR","01/2026","2590","673","0"
"411450","MANOEL RIBAS","PR","12/2025","2629","639","0"
"411450","MANOEL RIBAS","PR","09/2025","2709","730","0"
"411450","MANOEL RIBAS","PR","02/2025","2949","810","0"
"411450","MANOEL RIBAS","PR","06/2024","3571","736","0"
"411450","MANOEL RIBAS","PR","08/2024","3300","847","0"
"411450","MANOEL RIBAS","PR","03/2024","3502","754","0"
"411450","MANOEL RIBAS","PR","02/2024","3658","645","0"
"411450","MANOEL RIBAS","PR","10/2024","2989","858","0"
"411450","MANOEL RIBAS","PR","09/2024","3127","768","0"
"411450","MANOEL RIBAS","PR","04/2024","3467","794","0"
"411450","MANOEL RIBAS","PR","01/2025","2972","822","0"
"411450","MANOEL RIBAS","PR","07/2024","3320","850","0"
"411450","MANOEL RIBAS","PR","05/2024","3545","786","0"
"411450","MANOEL RIBAS","PR","12/2024","3059","795","0"
"411450","MANOEL RIBAS","PR","11/2024","2980","821","0"
"411450","MANOEL RIBAS","PR","07/2023","3446","647","0"
"411450","MANOEL RIBAS","PR","09/2023","3611","578","0"
"411450","MANOEL RIBAS","PR","08/2023","3563","606","0"
"411450","MANOEL RIBAS","PR","04/2023","3873","182","0"
"411450","MANOEL RIBAS","PR","06/2023","3938","191","0"
"411450","MANOEL RIBAS","PR","01/2024","3619","645","0"
"411450","MANOEL RIBAS","PR","10/2023","3669","549","0"
"411450","MANOEL RIBAS","PR","12/2023","3592","676","0"
"411450","MANOEL RIBAS","PR","11/2023","3544","687","0"
"411460","MARECHAL CÂNDIDO RONDON","PR","06/2024","2546","1214","0"
"411460","MARECHAL CÂNDIDO RONDON","PR","02/2023","2923","836","0"
"411460","MARECHAL CÂNDIDO RONDON","PR","06/2023","2909","727","0"
"411460","MARECHAL CÂNDIDO RONDON","PR","12/2023","2607","1226","0"
"411460","MARECHAL CÂNDIDO RONDON","PR","05/2023","2927","707","0"
"411460","MARECHAL CÂNDIDO RONDON","PR","01/2024","2602","1209","0"
"411460","MARECHAL CÂNDIDO RONDON","PR","10/2023","2755","1127","0"
"411460","MARECHAL CÂNDIDO RONDON","PR","04/2023","2840","749","0"
"411460","MARECHAL CÂNDIDO RONDON","PR","08/2023","2493","1203","0"
"411460","MARECHAL CÂNDIDO RONDON","PR","03/2023","2766","770","0"
"411460","MARECHAL CÂNDIDO RONDON","PR","09/2023","2634","1147","0"
"411460","MARECHAL CÂNDIDO RONDON","PR","07/2023","2383","1299","0"
"411460","MARECHAL CÂNDIDO RONDON","PR","11/2023","2542","1257","0"
"411460","MARECHAL CÂNDIDO RONDON","PR","03/2024","2455","1289","0"
"411460","MARECHAL CÂNDIDO RONDON","PR","02/2024","2635","1161","0"
"411460","MARECHAL CÂNDIDO RONDON","PR","07/2024","2379","1337","0"
"411460","MARECHAL CÂNDIDO RONDON","PR","08/2024","2368","1302","0"
"411460","MARECHAL CÂNDIDO RONDON","PR","09/2024","2358","1237","0"
"411460","MARECHAL CÂNDIDO RONDON","PR","12/2024","2552","1174","0"
"411460","MARECHAL CÂNDIDO RONDON","PR","05/2024","2473","1254","0"
"411460","MARECHAL CÂNDIDO RONDON","PR","04/2024","2505","1277","0"
"411460","MARECHAL CÂNDIDO RONDON","PR","01/2025","2521","1195","0"
"411460","MARECHAL CÂNDIDO RONDON","PR","10/2024","2390","1238","0"
"411460","MARECHAL CÂNDIDO RONDON","PR","11/2024","2372","1224","0"
"411460","MARECHAL CÂNDIDO RONDON","PR","05/2025","2491","1214","0"
"411460","MARECHAL CÂNDIDO RONDON","PR","09/2025","2427","1033","0"
"411460","MARECHAL CÂNDIDO RONDON","PR","04/2025","2491","1235","0"
"411460","MARECHAL CÂNDIDO RONDON","PR","06/2025","2493","1224","0"
"411460","MARECHAL CÂNDIDO RONDON","PR","01/2026","2277","955","0"
"411460","MARECHAL CÂNDIDO RONDON","PR","08/2025","2448","1018","0"
"411460","MARECHAL CÂNDIDO RONDON","PR","12/2025","2337","926","0"
"411460","MARECHAL CÂNDIDO RONDON","PR","10/2025","2330","1029","0"
"411460","MARECHAL CÂNDIDO RONDON","PR","11/2025","2300","938","0"
"411460","MARECHAL CÂNDIDO RONDON","PR","03/2025","2486","1233","0"
"411460","MARECHAL CÂNDIDO RONDON","PR","02/2025","2552","1179","0"
"411460","MARECHAL CÂNDIDO RONDON","PR","07/2025","2404","1051","0"
"411460","MARECHAL CÂNDIDO RONDON","PR","02/2026","2246","966","0"
"411460","MARECHAL CÂNDIDO RONDON","PR","03/2026","2386","914","0"
"411460","MARECHAL CÂNDIDO RONDON","PR","04/2026","2390","940","0"
"411460","MARECHAL CÂNDIDO RONDON","PR","05/2026","2357","954","0"
"411460","MARECHAL CÂNDIDO RONDON","PR","06/2026","2257","1004","0"
"411460","MARECHAL CÂNDIDO RONDON","PR","08/2026","2095","1019","0"
"411470","MARIA HELENA","PR","08/2026","1081","202","0"
"411470","MARIA HELENA","PR","05/2026","1049","210","0"
"411470","MARIA HELENA","PR","04/2026","1006","203","0"
"411470","MARIA HELENA","PR","03/2026","1019","197","0"
"411470","MARIA HELENA","PR","02/2026","1038","194","0"
"411470","MARIA HELENA","PR","04/2025","1043","277","0"
"411470","MARIA HELENA","PR","12/2025","1044","178","0"
"411470","MARIA HELENA","PR","10/2025","972","214","0"
"411470","MARIA HELENA","PR","09/2025","989","221","0"
"411470","MARIA HELENA","PR","08/2025","982","240","0"
"411470","MARIA HELENA","PR","02/2025","1018","256","0"
"411470","MARIA HELENA","PR","11/2025","976","182","0"
"411470","MARIA HELENA","PR","03/2025","1040","282","0"
"411470","MARIA HELENA","PR","07/2025","1022","251","0"
"411470","MARIA HELENA","PR","01/2026","1044","186","0"
"411470","MARIA HELENA","PR","06/2025","1076","277","0"
"411470","MARIA HELENA","PR","05/2025","1036","269","0"
"411470","MARIA HELENA","PR","08/2024","1181","182","0"
"411470","MARIA HELENA","PR","01/2025","994","262","0"
"411470","MARIA HELENA","PR","09/2024","1182","172","0"
"411470","MARIA HELENA","PR","06/2024","1257","169","0"
"411470","MARIA HELENA","PR","10/2024","1122","230","0"
"411470","MARIA HELENA","PR","07/2024","1181","202","0"
"411470","MARIA HELENA","PR","02/2024","1252","185","0"
"411470","MARIA HELENA","PR","12/2024","1074","223","0"
"411470","MARIA HELENA","PR","11/2024","1120","239","0"
"411470","MARIA HELENA","PR","03/2024","1183","226","0"
"411470","MARIA HELENA","PR","05/2024","1159","191","0"
"411470","MARIA HELENA","PR","04/2024","1194","194","0"
"411470","MARIA HELENA","PR","01/2024","1168","185","0"
"411470","MARIA HELENA","PR","07/2023","1043","191","0"
"411470","MARIA HELENA","PR","10/2023","1181","143","0"
"411470","MARIA HELENA","PR","08/2023","1076","188","0"
"411470","MARIA HELENA","PR","03/2023","1139","40","0"
"411470","MARIA HELENA","PR","04/2023","1155","26","0"
"411470","MARIA HELENA","PR","05/2023","1202","29","0"
"411470","MARIA HELENA","PR","06/2023","1217","29","0"
"411470","MARIA HELENA","PR","02/2023","1167","48","0"
"411470","MARIA HELENA","PR","09/2023","1139","152","0"
"411470","MARIA HELENA","PR","12/2023","1169","212","0"
"411470","MARIA HELENA","PR","11/2023","1107","227","0"
"411470","MARIA HELENA","PR","06/2026","1091","213","0"
"411480","MARIALVA","PR","12/2023","4402","1545","0"
"411480","MARIALVA","PR","05/2026","3386","1378","0"
"411480","MARIALVA","PR","04/2026","3398","1437","0"
"411480","MARIALVA","PR","03/2026","3381","1471","0"
"411480","MARIALVA","PR","02/2023","5111","647","0"
"411480","MARIALVA","PR","02/2026","3247","1560","0"
"411480","MARIALVA","PR","06/2025","3367","1916","0"
"411480","MARIALVA","PR","03/2025","3382","2062","0"
"411480","MARIALVA","PR","11/2025","3053","1584","0"
"411480","MARIALVA","PR","05/2025","3371","1938","0"
"411480","MARIALVA","PR","02/2025","3509","2014","0"
"411480","MARIALVA","PR","08/2025","3211","1648","0"
"411480","MARIALVA","PR","07/2025","3169","1714","0"
"411480","MARIALVA","PR","01/2026","3287","1547","0"
"411480","MARIALVA","PR","10/2025","3104","1683","0"
"411480","MARIALVA","PR","12/2025","3325","1568","0"
"411480","MARIALVA","PR","04/2025","3410","2003","0"
"411480","MARIALVA","PR","09/2025","3137","1672","0"
"411480","MARIALVA","PR","08/2024","3871","1907","0"
"411480","MARIALVA","PR","11/2024","3691","1977","0"
"411480","MARIALVA","PR","02/2024","4348","1574","0"
"411480","MARIALVA","PR","06/2024","3892","1692","0"
"411480","MARIALVA","PR","05/2024","3923","1701","0"
"411480","MARIALVA","PR","09/2024","3849","1907","0"
"411480","MARIALVA","PR","10/2024","3709","2014","0"
"411480","MARIALVA","PR","03/2024","4012","1747","0"
"411480","MARIALVA","PR","07/2024","3922","1859","0"
"411480","MARIALVA","PR","12/2024","3759","1940","0"
"411480","MARIALVA","PR","04/2024","4000","1725","0"
"411480","MARIALVA","PR","01/2025","3556","2051","0"
"411480","MARIALVA","PR","10/2023","4865","1232","0"
"411480","MARIALVA","PR","11/2023","4427","1538","0"
"411480","MARIALVA","PR","05/2023","4710","683","0"
"411480","MARIALVA","PR","09/2023","4296","1236","0"
"411480","MARIALVA","PR","04/2023","4827","625","0"
"411480","MARIALVA","PR","08/2023","3986","1281","0"
"411480","MARIALVA","PR","07/2023","3958","1326","0"
"411480","MARIALVA","PR","03/2023","4900","590","0"
"411480","MARIALVA","PR","06/2023","4694","709","0"
"411480","MARIALVA","PR","01/2024","4368","1566","0"
"411480","MARIALVA","PR","08/2026","3375","1249","0"
"411480","MARIALVA","PR","06/2026","3407","1360","0"
"411490","MARILÂNDIA DO SUL","PR","06/2025","1570","519","0"
"411490","MARILÂNDIA DO SUL","PR","08/2026","1586","386","0"
"411490","MARILÂNDIA DO SUL","PR","06/2026","1602","395","0"
"411490","MARILÂNDIA DO SUL","PR","05/2026","1575","427","0"
"411490","MARILÂNDIA DO SUL","PR","04/2026","1568","462","0"
"411490","MARILÂNDIA DO SUL","PR","03/2026","1549","460","0"
"411490","MARILÂNDIA DO SUL","PR","02/2026","1526","502","0"
"411490","MARILÂNDIA DO SUL","PR","04/2025","1570","523","0"
"411490","MARILÂNDIA DO SUL","PR","01/2026","1457","495","0"
"411490","MARILÂNDIA DO SUL","PR","03/2025","1562","516","0"
"411490","MARILÂNDIA DO SUL","PR","08/2025","1504","545","0"
"411490","MARILÂNDIA DO SUL","PR","12/2025","1472","503","0"
"411490","MARILÂNDIA DO SUL","PR","05/2025","1570","519","0"
"411490","MARILÂNDIA DO SUL","PR","10/2025","1504","562","0"
"411490","MARILÂNDIA DO SUL","PR","09/2025","1503","564","0"
"411490","MARILÂNDIA DO SUL","PR","11/2025","1475","519","0"
"411490","MARILÂNDIA DO SUL","PR","07/2025","1508","550","0"
"411490","MARILÂNDIA DO SUL","PR","02/2025","1673","573","0"
"411490","MARILÂNDIA DO SUL","PR","07/2024","1860","527","0"
"411490","MARILÂNDIA DO SUL","PR","08/2024","1849","519","0"
"411490","MARILÂNDIA DO SUL","PR","01/2025","1676","574","0"
"411490","MARILÂNDIA DO SUL","PR","10/2024","1740","552","0"
"411490","MARILÂNDIA DO SUL","PR","09/2024","1818","506","0"
"411490","MARILÂNDIA DO SUL","PR","05/2024","1952","436","0"
"411490","MARILÂNDIA DO SUL","PR","06/2024","1948","474","0"
"411490","MARILÂNDIA DO SUL","PR","11/2024","1712","548","0"
"411490","MARILÂNDIA DO SUL","PR","04/2024","1968","427","0"
"411490","MARILÂNDIA DO SUL","PR","12/2024","1728","543","0"
"411490","MARILÂNDIA DO SUL","PR","03/2024","1942","439","0"
"411490","MARILÂNDIA DO SUL","PR","02/2024","1986","387","0"
"411490","MARILÂNDIA DO SUL","PR","11/2023","2046","378","0"
"411490","MARILÂNDIA DO SUL","PR","04/2023","2056","174","0"
"411490","MARILÂNDIA DO SUL","PR","02/2023","2015","187","0"
"411490","MARILÂNDIA DO SUL","PR","01/2024","2003","386","0"
"411490","MARILÂNDIA DO SUL","PR","07/2023","1867","411","0"
"411490","MARILÂNDIA DO SUL","PR","09/2023","2143","329","0"
"411490","MARILÂNDIA DO SUL","PR","08/2023","2025","369","0"
"411490","MARILÂNDIA DO SUL","PR","03/2023","2022","177","0"
"411490","MARILÂNDIA DO SUL","PR","12/2023","2013","380","0"
"411490","MARILÂNDIA DO SUL","PR","05/2023","2103","163","0"
"411490","MARILÂNDIA DO SUL","PR","06/2023","2106","169","0"
"411490","MARILÂNDIA DO SUL","PR","10/2023","2169","323","0"
"411500","MARILENA","PR","09/2024","956","317","0"
"411500","MARILENA","PR","08/2026","908","193","0"
"411500","MARILENA","PR","06/2026","896","238","0"
"411500","MARILENA","PR","05/2026","842","234","0"
"411500","MARILENA","PR","04/2026","814","226","0"
"411500","MARILENA","PR","03/2026","823","223","0"
"411500","MARILENA","PR","02/2026","824","239","0"
"411500","MARILENA","PR","04/2025","851","330","0"
"411500","MARILENA","PR","12/2025","815","254","0"
"411500","MARILENA","PR","01/2026","830","229","0"
"411500","MARILENA","PR","11/2025","774","269","0"
"411500","MARILENA","PR","03/2025","847","339","0"
"411500","MARILENA","PR","10/2025","783","274","0"
"411500","MARILENA","PR","08/2025","792","298","0"
"411500","MARILENA","PR","07/2025","813","300","0"
"411500","MARILENA","PR","09/2025","758","293","0"
"411500","MARILENA","PR","02/2025","850","325","0"
"411500","MARILENA","PR","06/2025","858","331","0"
"411500","MARILENA","PR","05/2025","851","330","0"
"411500","MARILENA","PR","02/2024","1005","270","0"
"411500","MARILENA","PR","07/2024","959","337","0"
"411500","MARILENA","PR","06/2024","1043","276","0"
"411500","MARILENA","PR","08/2024","961","330","0"
"411500","MARILENA","PR","01/2025","853","331","0"
"411500","MARILENA","PR","10/2024","897","355","0"
"411500","MARILENA","PR","11/2024","894","346","0"
"411500","MARILENA","PR","04/2024","1029","285","0"
"411500","MARILENA","PR","03/2024","979","303","0"
"411500","MARILENA","PR","12/2024","894","324","0"
"411500","MARILENA","PR","05/2024","1032","285","0"
"411500","MARILENA","PR","12/2023","987","268","0"
"411500","MARILENA","PR","06/2023","1014","182","0"
"411500","MARILENA","PR","01/2024","984","273","0"
"411500","MARILENA","PR","05/2023","1014","180","0"
"411500","MARILENA","PR","09/2023","998","223","0"
"411500","MARILENA","PR","10/2023","1032","215","0"
"411500","MARILENA","PR","07/2023","949","279","0"
"411500","MARILENA","PR","03/2023","877","204","0"
"411500","MARILENA","PR","02/2023","894","204","0"
"411500","MARILENA","PR","11/2023","966","265","0"
"411500","MARILENA","PR","08/2023","972","239","0"
"411500","MARILENA","PR","04/2023","949","190","0"
"411510","MARILUZ","PR","04/2023","2185","183","0"
"411510","MARILUZ","PR","08/2026","1943","262","0"
"411510","MARILUZ","PR","06/2026","1924","329","0"
"411510","MARILUZ","PR","05/2026","1821","340","0"
"411510","MARILUZ","PR","04/2026","1742","359","0"
"411510","MARILUZ","PR","03/2026","1738","395","0"
"411510","MARILUZ","PR","02/2026","1734","438","0"
"411510","MARILUZ","PR","04/2025","1641","667","0"
"411510","MARILUZ","PR","08/2025","1626","527","0"
"411510","MARILUZ","PR","01/2026","1743","424","0"
"411510","MARILUZ","PR","03/2025","1622","700","0"
"411510","MARILUZ","PR","11/2025","1617","454","0"
"411510","MARILUZ","PR","12/2025","1732","421","0"
"411510","MARILUZ","PR","10/2025","1613","514","0"
"411510","MARILUZ","PR","07/2025","1630","524","0"
"411510","MARILUZ","PR","09/2025","1613","546","0"
"411510","MARILUZ","PR","06/2025","1642","614","0"
"411510","MARILUZ","PR","02/2025","1698","648","0"
"411510","MARILUZ","PR","05/2025","1643","632","0"
"411510","MARILUZ","PR","05/2024","1945","589","0"
"411510","MARILUZ","PR","10/2023","2071","439","0"
"411510","MARILUZ","PR","04/2024","1927","590","0"
"411510","MARILUZ","PR","08/2024","1772","709","0"
"411510","MARILUZ","PR","09/2024","1798","674","0"
"411510","MARILUZ","PR","01/2025","1694","650","0"
"411510","MARILUZ","PR","11/2024","1737","649","0"
"411510","MARILUZ","PR","07/2024","1760","715","0"
"411510","MARILUZ","PR","12/2024","1772","608","0"
"411510","MARILUZ","PR","03/2024","1950","562","0"
"411510","MARILUZ","PR","02/2024","2036","495","0"
"411510","MARILUZ","PR","06/2024","1977","550","0"
"411510","MARILUZ","PR","10/2024","1704","708","0"
"411510","MARILUZ","PR","03/2023","2212","161","0"
"411510","MARILUZ","PR","07/2023","1936","477","0"
"411510","MARILUZ","PR","09/2023","2026","455","0"
"411510","MARILUZ","PR","08/2023","1968","460","0"
"411510","MARILUZ","PR","06/2023","2108","264","0"
"411510","MARILUZ","PR","05/2023","2143","235","0"
"411510","MARILUZ","PR","02/2023","2298","207","0"
"411510","MARILUZ","PR","01/2024","1991","506","0"
"411510","MARILUZ","PR","12/2023","1965","536","0"
"411510","MARILUZ","PR","11/2023","1950","550","0"
"411520","MARINGÁ","PR","06/2024","24446","7283","0"
"411520","MARINGÁ","PR","08/2026","26373","5806","0"
"411520","MARINGÁ","PR","06/2026","26500","6097","0"
"411520","MARINGÁ","PR","05/2026","25628","5971","0"
"411520","MARINGÁ","PR","04/2026","23488","6153","0"
"411520","MARINGÁ","PR","03/2026","23737","6140","0"
"411520","MARINGÁ","PR","02/2026","23858","6584","0"
"411520","MARINGÁ","PR","09/2025","22283","7027","0"
"411520","MARINGÁ","PR","08/2025","22616","7164","0"
"411520","MARINGÁ","PR","07/2025","23383","7285","0"
"411520","MARINGÁ","PR","01/2026","24146","6290","0"
"411520","MARINGÁ","PR","10/2025","22022","6831","0"
"411520","MARINGÁ","PR","06/2025","24976","8004","0"
"411520","MARINGÁ","PR","04/2025","24986","8204","0"
"411520","MARINGÁ","PR","12/2025","24346","5957","0"
"411520","MARINGÁ","PR","05/2025","24973","8092","0"
"411520","MARINGÁ","PR","11/2025","21808","6310","0"
"411520","MARINGÁ","PR","03/2025","24923","8397","0"
"411520","MARINGÁ","PR","02/2025","25249","8065","0"
"411520","MARINGÁ","PR","08/2024","24850","7690","0"
"411520","MARINGÁ","PR","03/2024","24426","8007","0"
"411520","MARINGÁ","PR","04/2024","24469","7814","0"
"411520","MARINGÁ","PR","10/2024","24785","8180","0"
"411520","MARINGÁ","PR","09/2024","24862","7429","0"
"411520","MARINGÁ","PR","07/2024","24964","8058","0"
"411520","MARINGÁ","PR","01/2025","24497","8192","0"
"411520","MARINGÁ","PR","05/2024","24417","7508","0"
"411520","MARINGÁ","PR","11/2024","24867","7983","0"
"411520","MARINGÁ","PR","12/2024","25821","7721","0"
"411520","MARINGÁ","PR","02/2024","26283","6767","0"
"411520","MARINGÁ","PR","12/2023","26354","7110","0"
"411520","MARINGÁ","PR","10/2023","25252","6057","0"
"411520","MARINGÁ","PR","08/2023","23847","6373","0"
"411520","MARINGÁ","PR","07/2023","23621","6967","0"
"411520","MARINGÁ","PR","06/2023","27950","3121","0"
"411520","MARINGÁ","PR","09/2023","25241","6161","0"
"411520","MARINGÁ","PR","04/2023","28491","2861","0"
"411520","MARINGÁ","PR","03/2023","28798","2862","0"
"411520","MARINGÁ","PR","01/2024","26415","6900","0"
"411520","MARINGÁ","PR","05/2023","28212","2964","0"
"411520","MARINGÁ","PR","02/2023","29885","3323","0"
"411520","MARINGÁ","PR","11/2023","26459","7325","0"
"411530","MARIÓPOLIS","PR","11/2023","602","217","0"
"411530","MARIÓPOLIS","PR","08/2026","531","119","0"
"411530","MARIÓPOLIS","PR","06/2026","541","131","0"
"411530","MARIÓPOLIS","PR","05/2026","545","134","0"
"411530","MARIÓPOLIS","PR","04/2026","536","158","0"
"411530","MARIÓPOLIS","PR","03/2026","508","163","0"
"411530","MARIÓPOLIS","PR","02/2026","512","190","0"
"411530","MARIÓPOLIS","PR","03/2025","591","177","0"
"411530","MARIÓPOLIS","PR","11/2025","520","161","0"
"411530","MARIÓPOLIS","PR","10/2025","550","175","0"
"411530","MARIÓPOLIS","PR","07/2025","577","146","0"
"411530","MARIÓPOLIS","PR","01/2026","524","180","0"
"411530","MARIÓPOLIS","PR","02/2025","584","181","0"
"411530","MARIÓPOLIS","PR","12/2025","553","166","0"
"411530","MARIÓPOLIS","PR","08/2025","561","166","0"
"411530","MARIÓPOLIS","PR","06/2025","601","155","0"
"411530","MARIÓPOLIS","PR","04/2025","601","170","0"
"411530","MARIÓPOLIS","PR","09/2025","551","165","0"
"411530","MARIÓPOLIS","PR","05/2025","601","163","0"
"411530","MARIÓPOLIS","PR","04/2024","615","228","0"
"411530","MARIÓPOLIS","PR","10/2024","569","221","0"
"411530","MARIÓPOLIS","PR","02/2024","694","175","0"
"411530","MARIÓPOLIS","PR","05/2024","592","234","0"
"411530","MARIÓPOLIS","PR","12/2024","564","201","0"
"411530","MARIÓPOLIS","PR","03/2024","642","213","0"
"411530","MARIÓPOLIS","PR","01/2025","585","185","0"
"411530","MARIÓPOLIS","PR","07/2024","567","241","0"
"411530","MARIÓPOLIS","PR","08/2024","551","249","0"
"411530","MARIÓPOLIS","PR","06/2024","581","227","0"
"411530","MARIÓPOLIS","PR","11/2024","567","211","0"
"411530","MARIÓPOLIS","PR","09/2024","564","236","0"
"411530","MARIÓPOLIS","PR","08/2023","496","250","0"
"411530","MARIÓPOLIS","PR","06/2023","507","227","0"
"411530","MARIÓPOLIS","PR","03/2023","486","225","0"
"411530","MARIÓPOLIS","PR","09/2023","558","221","0"
"411530","MARIÓPOLIS","PR","07/2023","494","270","0"
"411530","MARIÓPOLIS","PR","10/2023","628","200","0"
"411530","MARIÓPOLIS","PR","04/2023","492","219","0"
"411530","MARIÓPOLIS","PR","01/2024","673","184","0"
"411530","MARIÓPOLIS","PR","02/2023","504","227","0"
"411530","MARIÓPOLIS","PR","12/2023","609","192","0"
"411530","MARIÓPOLIS","PR","05/2023","524","208","0"
"411535","MARIPÁ","PR","08/2026","64","154","0"
"411535","MARIPÁ","PR","11/2023","311","142","0"
"411535","MARIPÁ","PR","05/2023","361","55","0"
"411535","MARIPÁ","PR","08/2023","301","143","0"
"411535","MARIPÁ","PR","04/2023","348","51","0"
"411535","MARIPÁ","PR","09/2023","308","146","0"
"411535","MARIPÁ","PR","10/2023","304","140","0"
"411535","MARIPÁ","PR","02/2023","384","61","0"
"411535","MARIPÁ","PR","07/2023","297","148","0"
"411535","MARIPÁ","PR","01/2024","305","133","0"
"411535","MARIPÁ","PR","06/2023","344","61","0"
"411535","MARIPÁ","PR","12/2023","304","141","0"
"411535","MARIPÁ","PR","09/2024","218","234","0"
"411535","MARIPÁ","PR","07/2024","235","224","0"
"411535","MARIPÁ","PR","12/2024","202","241","0"
"411535","MARIPÁ","PR","03/2023","349","51","0"
"411535","MARIPÁ","PR","03/2024","292","190","0"
"411535","MARIPÁ","PR","04/2024","295","203","0"
"411535","MARIPÁ","PR","02/2024","320","133","0"
"411535","MARIPÁ","PR","06/2024","286","189","0"
"411535","MARIPÁ","PR","01/2025","190","230","0"
"411535","MARIPÁ","PR","11/2024","209","241","0"
"411535","MARIPÁ","PR","10/2024","203","247","0"
"411535","MARIPÁ","PR","08/2024","224","229","0"
"411535","MARIPÁ","PR","05/2024","280","194","0"
"411535","MARIPÁ","PR","10/2025","122","244","0"
"411535","MARIPÁ","PR","06/2025","161","240","0"
"411535","MARIPÁ","PR","09/2025","136","241","0"
"411535","MARIPÁ","PR","12/2025","113","233","0"
"411535","MARIPÁ","PR","01/2026","117","225","0"
"411535","MARIPÁ","PR","05/2025","161","242","0"
"411535","MARIPÁ","PR","03/2025","177","235","0"
"411535","MARIPÁ","PR","02/2025","186","229","0"
"411535","MARIPÁ","PR","07/2025","136","236","0"
"411535","MARIPÁ","PR","04/2025","162","245","0"
"411535","MARIPÁ","PR","11/2025","103","240","0"
"411535","MARIPÁ","PR","08/2025","139","250","0"
"411535","MARIPÁ","PR","02/2026","121","213","0"
"411535","MARIPÁ","PR","03/2026","98","162","0"
"411535","MARIPÁ","PR","04/2026","78","175","0"
"411535","MARIPÁ","PR","05/2026","71","183","0"
"411535","MARIPÁ","PR","06/2026","74","176","0"
"411540","MARMELEIRO","PR","06/2023","2812","99","0"
"411540","MARMELEIRO","PR","08/2026","2411","392","0"
"411540","MARMELEIRO","PR","06/2026","2444","413","0"
"411540","MARMELEIRO","PR","05/2026","2302","404","0"
"411540","MARMELEIRO","PR","04/2026","2161","412","0"
"411540","MARMELEIRO","PR","03/2026","2177","416","0"
"411540","MARMELEIRO","PR","02/2026","2179","444","0"
"411540","MARMELEIRO","PR","04/2025","2312","619","0"
"411540","MARMELEIRO","PR","08/2025","2111","449","0"
"411540","MARMELEIRO","PR","03/2025","2300","635","0"
"411540","MARMELEIRO","PR","12/2025","2221","380","0"
"411540","MARMELEIRO","PR","10/2025","2048","458","0"
"411540","MARMELEIRO","PR","02/2025","2259","607","0"
"411540","MARMELEIRO","PR","07/2025","2200","493","0"
"411540","MARMELEIRO","PR","01/2026","2190","413","0"
"411540","MARMELEIRO","PR","06/2025","2313","614","0"
"411540","MARMELEIRO","PR","09/2025","2093","434","0"
"411540","MARMELEIRO","PR","11/2025","2044","425","0"
"411540","MARMELEIRO","PR","05/2025","2313","617","0"
"411540","MARMELEIRO","PR","06/2024","2605","506","0"
"411540","MARMELEIRO","PR","10/2024","2328","631","0"
"411540","MARMELEIRO","PR","01/2025","2246","608","0"
"411540","MARMELEIRO","PR","09/2024","2402","562","0"
"411540","MARMELEIRO","PR","04/2024","2607","573","0"
"411540","MARMELEIRO","PR","08/2024","2390","585","0"
"411540","MARMELEIRO","PR","07/2024","2408","614","0"
"411540","MARMELEIRO","PR","05/2024","2597","537","0"
"411540","MARMELEIRO","PR","02/2024","2774","500","0"
"411540","MARMELEIRO","PR","12/2024","2328","556","0"
"411540","MARMELEIRO","PR","03/2024","2619","605","0"
"411540","MARMELEIRO","PR","11/2024","2349","579","0"
"411540","MARMELEIRO","PR","08/2023","2659","379","0"
"411540","MARMELEIRO","PR","03/2023","2865","87","0"
"411540","MARMELEIRO","PR","10/2023","2776","375","0"
"411540","MARMELEIRO","PR","05/2023","2819","90","0"
"411540","MARMELEIRO","PR","04/2023","2833","81","0"
"411540","MARMELEIRO","PR","01/2024","2663","502","0"
"411540","MARMELEIRO","PR","09/2023","2729","379","0"
"411540","MARMELEIRO","PR","12/2023","2618","540","0"
"411540","MARMELEIRO","PR","02/2023","3074","108","0"
"411540","MARMELEIRO","PR","11/2023","2610","542","0"
"411540","MARMELEIRO","PR","07/2023","2461","385","0"
"411545","MARQUINHO","PR","06/2026","1265","224","0"
"411545","MARQUINHO","PR","05/2026","1272","204","0"
"411545","MARQUINHO","PR","04/2026","1201","227","0"
"411545","MARQUINHO","PR","03/2026","1206","239","0"
"411545","MARQUINHO","PR","02/2026","1197","246","0"
"411545","MARQUINHO","PR","04/2025","1367","278","0"
"411545","MARQUINHO","PR","07/2025","1284","247","0"
"411545","MARQUINHO","PR","01/2026","1246","230","0"
"411545","MARQUINHO","PR","03/2025","1358","290","0"
"411545","MARQUINHO","PR","11/2025","1172","210","0"
"411545","MARQUINHO","PR","02/2025","1335","282","0"
"411545","MARQUINHO","PR","12/2025","1258","211","0"
"411545","MARQUINHO","PR","06/2025","1366","271","0"
"411545","MARQUINHO","PR","08/2025","1233","240","0"
"411545","MARQUINHO","PR","09/2025","1198","243","0"
"411545","MARQUINHO","PR","10/2025","1188","234","0"
"411545","MARQUINHO","PR","05/2025","1365","273","0"
"411545","MARQUINHO","PR","08/2024","1504","237","0"
"411545","MARQUINHO","PR","08/2026","1283","222","0"
"411545","MARQUINHO","PR","10/2024","1444","250","0"
"411545","MARQUINHO","PR","09/2024","1505","229","0"
"411545","MARQUINHO","PR","04/2023","1601","67","0"
"411545","MARQUINHO","PR","06/2024","1542","237","0"
"411545","MARQUINHO","PR","12/2024","1411","258","0"
"411545","MARQUINHO","PR","03/2024","1455","288","0"
"411545","MARQUINHO","PR","05/2024","1527","244","0"
"411545","MARQUINHO","PR","01/2025","1357","282","0"
"411545","MARQUINHO","PR","11/2024","1420","251","0"
"411545","MARQUINHO","PR","02/2024","1491","246","0"
"411545","MARQUINHO","PR","07/2024","1504","256","0"
"411545","MARQUINHO","PR","04/2024","1489","269","0"
"411545","MARQUINHO","PR","11/2023","1484","267","0"
"411545","MARQUINHO","PR","06/2023","1595","71","0"
"411545","MARQUINHO","PR","10/2023","1534","233","0"
"411545","MARQUINHO","PR","05/2023","1593","70","0"
"411545","MARQUINHO","PR","09/2023","1495","249","0"
"411545","MARQUINHO","PR","08/2023","1459","270","0"
"411545","MARQUINHO","PR","07/2023","1420","272","0"
"411545","MARQUINHO","PR","01/2024","1495","259","0"
"411545","MARQUINHO","PR","02/2023","1666","61","0"
"411545","MARQUINHO","PR","12/2023","1507","265","0"
"411545","MARQUINHO","PR","03/2023","1576","63","0"
"411550","MARUMBI","PR","06/2023","661","60","0"
"411550","MARUMBI","PR","11/2023","673","117","0"
"411550","MARUMBI","PR","12/2023","673","113","0"
"411550","MARUMBI","PR","08/2026","720","83","0"
"411550","MARUMBI","PR","06/2026","718","80","0"
"411550","MARUMBI","PR","05/2026","685","68","0"
"411550","MARUMBI","PR","04/2026","660","81","0"
"411550","MARUMBI","PR","03/2026","645","94","0"
"411550","MARUMBI","PR","02/2026","643","113","0"
"411550","MARUMBI","PR","10/2025","653","129","0"
"411550","MARUMBI","PR","08/2025","655","131","0"
"411550","MARUMBI","PR","03/2025","657","145","0"
"411550","MARUMBI","PR","11/2025","642","131","0"
"411550","MARUMBI","PR","05/2025","669","140","0"
"411550","MARUMBI","PR","01/2026","652","115","0"
"411550","MARUMBI","PR","07/2025","662","136","0"
"411550","MARUMBI","PR","02/2025","655","133","0"
"411550","MARUMBI","PR","06/2025","669","136","0"
"411550","MARUMBI","PR","12/2025","642","116","0"
"411550","MARUMBI","PR","09/2025","649","138","0"
"411550","MARUMBI","PR","04/2025","671","140","0"
"411550","MARUMBI","PR","08/2024","656","124","0"
"411550","MARUMBI","PR","03/2024","625","144","0"
"411550","MARUMBI","PR","11/2024","668","137","0"
"411550","MARUMBI","PR","04/2024","634","128","0"
"411550","MARUMBI","PR","09/2024","672","106","0"
"411550","MARUMBI","PR","12/2024","669","130","0"
"411550","MARUMBI","PR","07/2024","648","135","0"
"411550","MARUMBI","PR","05/2024","641","129","0"
"411550","MARUMBI","PR","01/2025","655","133","0"
"411550","MARUMBI","PR","06/2024","638","135","0"
"411550","MARUMBI","PR","02/2024","660","118","0"
"411550","MARUMBI","PR","10/2024","663","135","0"
"411550","MARUMBI","PR","08/2023","593","110","0"
"411550","MARUMBI","PR","09/2023","692","101","0"
"411550","MARUMBI","PR","07/2023","578","123","0"
"411550","MARUMBI","PR","04/2023","675","59","0"
"411550","MARUMBI","PR","01/2024","663","118","0"
"411550","MARUMBI","PR","03/2023","677","63","0"
"411550","MARUMBI","PR","02/2023","661","72","0"
"411550","MARUMBI","PR","10/2023","698","101","0"
"411550","MARUMBI","PR","05/2023","675","57","0"
"411560","MATELÂNDIA","PR","12/2023","578","379","0"
"411560","MATELÂNDIA","PR","08/2026","518","255","0"
"411560","MATELÂNDIA","PR","06/2026","515","275","0"
"411560","MATELÂNDIA","PR","05/2026","516","289","0"
"411560","MATELÂNDIA","PR","04/2026","491","299","0"
"411560","MATELÂNDIA","PR","03/2026","494","293","0"
"411560","MATELÂNDIA","PR","02/2026","531","251","0"
"411560","MATELÂNDIA","PR","04/2025","547","343","0"
"411560","MATELÂNDIA","PR","03/2025","535","338","0"
"411560","MATELÂNDIA","PR","05/2025","544","320","0"
"411560","MATELÂNDIA","PR","10/2025","465","316","0"
"411560","MATELÂNDIA","PR","12/2025","488","282","0"
"411560","MATELÂNDIA","PR","07/2025","514","331","0"
"411560","MATELÂNDIA","PR","11/2025","464","301","0"
"411560","MATELÂNDIA","PR","01/2026","496","260","0"
"411560","MATELÂNDIA","PR","06/2025","549","317","0"
"411560","MATELÂNDIA","PR","09/2025","476","320","0"
"411560","MATELÂNDIA","PR","08/2025","477","340","0"
"411560","MATELÂNDIA","PR","02/2025","547","335","0"
"411560","MATELÂNDIA","PR","08/2024","518","357","0"
"411560","MATELÂNDIA","PR","11/2024","555","326","0"
"411560","MATELÂNDIA","PR","05/2024","573","331","0"
"411560","MATELÂNDIA","PR","04/2024","558","340","0"
"411560","MATELÂNDIA","PR","12/2024","560","315","0"
"411560","MATELÂNDIA","PR","10/2024","539","353","0"
"411560","MATELÂNDIA","PR","03/2024","524","364","0"
"411560","MATELÂNDIA","PR","09/2024","535","339","0"
"411560","MATELÂNDIA","PR","07/2024","531","343","0"
"411560","MATELÂNDIA","PR","06/2024","568","321","0"
"411560","MATELÂNDIA","PR","01/2025","532","340","0"
"411560","MATELÂNDIA","PR","02/2024","548","365","0"
"411560","MATELÂNDIA","PR","07/2023","550","384","0"
"411560","MATELÂNDIA","PR","05/2023","552","332","0"
"411560","MATELÂNDIA","PR","09/2023","533","357","0"
"411560","MATELÂNDIA","PR","04/2023","568","316","0"
"411560","MATELÂNDIA","PR","03/2023","548","313","0"
"411560","MATELÂNDIA","PR","08/2023","543","344","0"
"411560","MATELÂNDIA","PR","11/2023","591","377","0"
"411560","MATELÂNDIA","PR","06/2023","542","326","0"
"411560","MATELÂNDIA","PR","02/2023","599","344","0"
"411560","MATELÂNDIA","PR","01/2024","579","384","0"
"411560","MATELÂNDIA","PR","10/2023","560","363","0"
"411570","MATINHOS","PR","06/2026","5918","1856","0"
"411570","MATINHOS","PR","08/2026","6128","1815","0"
"411570","MATINHOS","PR","08/2023","6213","1336","0"
"411570","MATINHOS","PR","01/2024","5881","1473","0"
"411570","MATINHOS","PR","02/2023","7261","759","0"
"411570","MATINHOS","PR","05/2023","7059","698","0"
"411570","MATINHOS","PR","12/2023","5846","1487","0"
"411570","MATINHOS","PR","10/2023","6244","1311","0"
"411570","MATINHOS","PR","04/2023","7133","688","0"
"411570","MATINHOS","PR","07/2023","6173","1473","0"
"411570","MATINHOS","PR","03/2023","7175","722","0"
"411570","MATINHOS","PR","09/2023","6227","1307","0"
"411570","MATINHOS","PR","06/2023","7032","732","0"
"411570","MATINHOS","PR","11/2023","5882","1527","0"
"411570","MATINHOS","PR","01/2025","6209","1561","0"
"411570","MATINHOS","PR","11/2024","6360","1450","0"
"411570","MATINHOS","PR","03/2024","5510","1517","0"
"411570","MATINHOS","PR","04/2024","5530","1468","0"
"411570","MATINHOS","PR","05/2024","5426","1470","0"
"411570","MATINHOS","PR","06/2024","5438","1421","0"
"411570","MATINHOS","PR","07/2024","6236","1451","0"
"411570","MATINHOS","PR","08/2024","6282","1365","0"
"411570","MATINHOS","PR","09/2024","6286","1325","0"
"411570","MATINHOS","PR","10/2024","6353","1471","0"
"411570","MATINHOS","PR","12/2024","6402","1445","0"
"411570","MATINHOS","PR","02/2024","5738","1420","0"
"411570","MATINHOS","PR","05/2025","6045","1600","0"
"411570","MATINHOS","PR","02/2025","6227","1545","0"
"411570","MATINHOS","PR","04/2025","6046","1610","0"
"411570","MATINHOS","PR","01/2026","5620","1776","0"
"411570","MATINHOS","PR","07/2025","5747","1564","0"
"411570","MATINHOS","PR","06/2025","6094","1597","0"
"411570","MATINHOS","PR","08/2025","5363","1608","0"
"411570","MATINHOS","PR","09/2025","5666","1670","0"
"411570","MATINHOS","PR","10/2025","5603","1738","0"
"411570","MATINHOS","PR","11/2025","5563","1643","0"
"411570","MATINHOS","PR","03/2025","6048","1668","0"
"411570","MATINHOS","PR","12/2025","5626","1652","0"
"411570","MATINHOS","PR","02/2026","5549","1840","0"
"411570","MATINHOS","PR","03/2026","5435","1848","0"
"411570","MATINHOS","PR","04/2026","5798","1834","0"
"411570","MATINHOS","PR","05/2026","5815","1873","0"
"411573","MATO RICO","PR","04/2024","1143","187","0"
"411573","MATO RICO","PR","02/2023","1171","51","0"
"411573","MATO RICO","PR","09/2023","1207","116","0"
"411573","MATO RICO","PR","11/2023","1163","171","0"
"411573","MATO RICO","PR","10/2023","1223","107","0"
"411573","MATO RICO","PR","06/2023","1204","52","0"
"411573","MATO RICO","PR","01/2024","1169","162","0"
"411573","MATO RICO","PR","03/2023","1186","41","0"
"411573","MATO RICO","PR","12/2023","1162","171","0"
"411573","MATO RICO","PR","07/2023","1181","136","0"
"411573","MATO RICO","PR","05/2023","1223","52","0"
"411573","MATO RICO","PR","08/2023","1202","128","0"
"411573","MATO RICO","PR","04/2023","1200","44","0"
"411573","MATO RICO","PR","11/2024","1051","231","0"
"411573","MATO RICO","PR","10/2024","1031","240","0"
"411573","MATO RICO","PR","06/2024","1171","167","0"
"411573","MATO RICO","PR","05/2024","1166","169","0"
"411573","MATO RICO","PR","07/2024","1088","207","0"
"411573","MATO RICO","PR","02/2024","1166","158","0"
"411573","MATO RICO","PR","03/2024","1125","186","0"
"411573","MATO RICO","PR","12/2024","1043","223","0"
"411573","MATO RICO","PR","09/2024","1095","199","0"
"411573","MATO RICO","PR","01/2025","987","258","0"
"411573","MATO RICO","PR","08/2024","1083","208","0"
"411573","MATO RICO","PR","05/2025","968","258","0"
"411573","MATO RICO","PR","01/2026","896","216","0"
"411573","MATO RICO","PR","02/2025","959","254","0"
"411573","MATO RICO","PR","08/2025","938","200","0"
"411573","MATO RICO","PR","09/2025","937","197","0"
"411573","MATO RICO","PR","06/2025","970","262","0"
"411573","MATO RICO","PR","07/2025","959","209","0"
"411573","MATO RICO","PR","12/2025","899","210","0"
"411573","MATO RICO","PR","10/2025","895","216","0"
"411573","MATO RICO","PR","11/2025","876","212","0"
"411573","MATO RICO","PR","03/2025","955","264","0"
"411573","MATO RICO","PR","04/2025","961","258","0"
"411573","MATO RICO","PR","02/2026","889","218","0"
"411573","MATO RICO","PR","03/2026","872","221","0"
"411573","MATO RICO","PR","04/2026","869","212","0"
"411573","MATO RICO","PR","05/2026","886","233","0"
"411573","MATO RICO","PR","06/2026","890","233","0"
"411573","MATO RICO","PR","08/2026","855","220","0"
"411575","MAUÁ DA SERRA","PR","08/2026","2009","450","0"
"411575","MAUÁ DA SERRA","PR","10/2023","2197","400","0"
"411575","MAUÁ DA SERRA","PR","04/2023","2082","316","0"
"411575","MAUÁ DA SERRA","PR","12/2023","2199","448","0"
"411575","MAUÁ DA SERRA","PR","05/2023","2141","332","0"
"411575","MAUÁ DA SERRA","PR","03/2023","2043","340","0"
"411575","MAUÁ DA SERRA","PR","07/2023","2036","509","0"
"411575","MAUÁ DA SERRA","PR","09/2023","2165","390","0"
"411575","MAUÁ DA SERRA","PR","02/2023","2069","355","0"
"411575","MAUÁ DA SERRA","PR","01/2024","2208","426","0"
"411575","MAUÁ DA SERRA","PR","06/2023","2148","326","0"
"411575","MAUÁ DA SERRA","PR","08/2023","2107","405","0"
"411575","MAUÁ DA SERRA","PR","11/2023","2149","451","0"
"411575","MAUÁ DA SERRA","PR","02/2024","2267","423","0"
"411575","MAUÁ DA SERRA","PR","03/2024","2158","526","0"
"411575","MAUÁ DA SERRA","PR","05/2024","2190","548","0"
"411575","MAUÁ DA SERRA","PR","04/2024","2149","542","0"
"411575","MAUÁ DA SERRA","PR","11/2024","2007","633","0"
"411575","MAUÁ DA SERRA","PR","09/2024","2065","558","0"
"411575","MAUÁ DA SERRA","PR","07/2024","2053","623","0"
"411575","MAUÁ DA SERRA","PR","12/2024","2031","609","0"
"411575","MAUÁ DA SERRA","PR","06/2024","2186","524","0"
"411575","MAUÁ DA SERRA","PR","01/2025","1953","649","0"
"411575","MAUÁ DA SERRA","PR","10/2024","2023","616","0"
"411575","MAUÁ DA SERRA","PR","08/2024","2059","584","0"
"411575","MAUÁ DA SERRA","PR","05/2025","1934","609","0"
"411575","MAUÁ DA SERRA","PR","02/2025","1954","640","0"
"411575","MAUÁ DA SERRA","PR","06/2025","1932","609","0"
"411575","MAUÁ DA SERRA","PR","10/2025","1844","543","0"
"411575","MAUÁ DA SERRA","PR","12/2025","1925","507","0"
"411575","MAUÁ DA SERRA","PR","01/2026","1910","505","0"
"411575","MAUÁ DA SERRA","PR","07/2025","1854","587","0"
"411575","MAUÁ DA SERRA","PR","09/2025","1864","570","0"
"411575","MAUÁ DA SERRA","PR","11/2025","1833","524","0"
"411575","MAUÁ DA SERRA","PR","03/2025","1942","617","0"
"411575","MAUÁ DA SERRA","PR","04/2025","1943","611","0"
"411575","MAUÁ DA SERRA","PR","08/2025","1814","583","0"
"411575","MAUÁ DA SERRA","PR","02/2026","1895","534","0"
"411575","MAUÁ DA SERRA","PR","03/2026","1885","484","0"
"411575","MAUÁ DA SERRA","PR","04/2026","2017","480","0"
"411575","MAUÁ DA SERRA","PR","05/2026","1984","489","0"
"411575","MAUÁ DA SERRA","PR","06/2026","1985","484","0"
"411580","MEDIANEIRA","PR","08/2026","2523","806","0"
"411580","MEDIANEIRA","PR","06/2026","2431","902","0"
"411580","MEDIANEIRA","PR","05/2026","2351","907","0"
"411580","MEDIANEIRA","PR","04/2026","2288","932","0"
"411580","MEDIANEIRA","PR","03/2026","2007","979","0"
"411580","MEDIANEIRA","PR","02/2026","2042","1031","0"
"411580","MEDIANEIRA","PR","04/2025","1759","1188","0"
"411580","MEDIANEIRA","PR","06/2025","1750","1127","0"
"411580","MEDIANEIRA","PR","12/2025","2054","1023","0"
"411580","MEDIANEIRA","PR","08/2025","1822","1098","0"
"411580","MEDIANEIRA","PR","11/2025","1856","1029","0"
"411580","MEDIANEIRA","PR","02/2025","1778","1245","0"
"411580","MEDIANEIRA","PR","03/2025","1752","1231","0"
"411580","MEDIANEIRA","PR","10/2025","1842","1063","0"
"411580","MEDIANEIRA","PR","09/2025","1860","1073","0"
"411580","MEDIANEIRA","PR","07/2025","1843","1064","0"
"411580","MEDIANEIRA","PR","01/2026","2063","1024","0"
"411580","MEDIANEIRA","PR","05/2025","1753","1162","0"
"411580","MEDIANEIRA","PR","08/2024","1929","1240","0"
"411580","MEDIANEIRA","PR","11/2024","1838","1280","0"
"411580","MEDIANEIRA","PR","09/2024","1895","1242","0"
"411580","MEDIANEIRA","PR","06/2024","2096","1171","0"
"411580","MEDIANEIRA","PR","12/2024","1862","1252","0"
"411580","MEDIANEIRA","PR","01/2025","1779","1269","0"
"411580","MEDIANEIRA","PR","07/2024","1937","1277","0"
"411580","MEDIANEIRA","PR","05/2024","2083","1224","0"
"411580","MEDIANEIRA","PR","10/2024","1822","1303","0"
"411580","MEDIANEIRA","PR","02/2024","2056","1279","0"
"411580","MEDIANEIRA","PR","04/2024","2057","1280","0"
"411580","MEDIANEIRA","PR","03/2024","1969","1333","0"
"411580","MEDIANEIRA","PR","12/2023","2003","1284","0"
"411580","MEDIANEIRA","PR","09/2023","1961","1222","0"
"411580","MEDIANEIRA","PR","02/2023","2087","1004","0"
"411580","MEDIANEIRA","PR","05/2023","1938","1068","0"
"411580","MEDIANEIRA","PR","08/2023","1911","1221","0"
"411580","MEDIANEIRA","PR","04/2023","1989","990","0"
"411580","MEDIANEIRA","PR","03/2023","1969","943","0"
"411580","MEDIANEIRA","PR","07/2023","1818","1281","0"
"411580","MEDIANEIRA","PR","06/2023","1896","1141","0"
"411580","MEDIANEIRA","PR","10/2023","2009","1238","0"
"411580","MEDIANEIRA","PR","01/2024","2026","1278","0"
"411580","MEDIANEIRA","PR","11/2023","1917","1299","0"
"411585","MERCEDES","PR","09/2025","108","125","0"
"411585","MERCEDES","PR","12/2023","133","174","0"
"411585","MERCEDES","PR","05/2023","217","135","0"
"411585","MERCEDES","PR","02/2023","286","122","0"
"411585","MERCEDES","PR","01/2024","136","173","0"
"411585","MERCEDES","PR","03/2023","248","98","0"
"411585","MERCEDES","PR","04/2023","229","110","0"
"411585","MERCEDES","PR","06/2023","200","147","0"
"411585","MERCEDES","PR","09/2023","182","172","0"
"411585","MERCEDES","PR","11/2023","133","182","0"
"411585","MERCEDES","PR","07/2023","173","172","0"
"411585","MERCEDES","PR","08/2023","174","179","0"
"411585","MERCEDES","PR","10/2023","178","172","0"
"411585","MERCEDES","PR","11/2024","136","173","0"
"411585","MERCEDES","PR","02/2024","132","173","0"
"411585","MERCEDES","PR","03/2024","123","175","0"
"411585","MERCEDES","PR","06/2024","152","153","0"
"411585","MERCEDES","PR","12/2024","139","161","0"
"411585","MERCEDES","PR","07/2024","137","172","0"
"411585","MERCEDES","PR","08/2024","133","176","0"
"411585","MERCEDES","PR","09/2024","133","172","0"
"411585","MERCEDES","PR","04/2024","140","165","0"
"411585","MERCEDES","PR","01/2025","128","149","0"
"411585","MERCEDES","PR","10/2024","137","176","0"
"411585","MERCEDES","PR","05/2024","143","156","0"
"411585","MERCEDES","PR","05/2025","98","131","0"
"411585","MERCEDES","PR","12/2025","123","102","0"
"411585","MERCEDES","PR","04/2025","98","139","0"
"411585","MERCEDES","PR","07/2025","114","107","0"
"411585","MERCEDES","PR","11/2025","106","100","0"
"411585","MERCEDES","PR","10/2025","107","124","0"
"411585","MERCEDES","PR","08/2025","113","121","0"
"411585","MERCEDES","PR","03/2025","108","157","0"
"411585","MERCEDES","PR","01/2026","117","98","0"
"411585","MERCEDES","PR","02/2025","121","159","0"
"411585","MERCEDES","PR","06/2025","98","131","0"
"411585","MERCEDES","PR","02/2026","139","109","0"
"411585","MERCEDES","PR","03/2026","139","120","0"
"411585","MERCEDES","PR","04/2026","155","109","0"
"411585","MERCEDES","PR","05/2026","154","109","0"
"411585","MERCEDES","PR","06/2026","146","99","0"
"411585","MERCEDES","PR","08/2026","141","98","0"
"411590","MIRADOR","PR","05/2023","588","40","0"
"411590","MIRADOR","PR","04/2023","570","40","0"
"411590","MIRADOR","PR","08/2026","364","97","0"
"411590","MIRADOR","PR","06/2026","356","104","0"
"411590","MIRADOR","PR","05/2026","373","84","0"
"411590","MIRADOR","PR","04/2026","353","84","0"
"411590","MIRADOR","PR","03/2026","342","93","0"
"411590","MIRADOR","PR","02/2026","327","99","0"
"411590","MIRADOR","PR","04/2025","315","171","0"
"411590","MIRADOR","PR","03/2025","318","166","0"
"411590","MIRADOR","PR","11/2025","295","102","0"
"411590","MIRADOR","PR","05/2025","319","171","0"
"411590","MIRADOR","PR","10/2025","298","134","0"
"411590","MIRADOR","PR","12/2025","328","87","0"
"411590","MIRADOR","PR","06/2025","319","173","0"
"411590","MIRADOR","PR","02/2025","326","174","0"
"411590","MIRADOR","PR","07/2025","291","131","0"
"411590","MIRADOR","PR","01/2026","331","87","0"
"411590","MIRADOR","PR","09/2025","310","121","0"
"411590","MIRADOR","PR","08/2025","307","135","0"
"411590","MIRADOR","PR","04/2024","438","170","0"
"411590","MIRADOR","PR","08/2024","360","187","0"
"411590","MIRADOR","PR","03/2024","426","174","0"
"411590","MIRADOR","PR","11/2024","354","189","0"
"411590","MIRADOR","PR","01/2025","329","188","0"
"411590","MIRADOR","PR","06/2024","424","162","0"
"411590","MIRADOR","PR","12/2024","364","174","0"
"411590","MIRADOR","PR","09/2024","341","189","0"
"411590","MIRADOR","PR","05/2024","424","156","0"
"411590","MIRADOR","PR","02/2024","465","152","0"
"411590","MIRADOR","PR","10/2024","352","191","0"
"411590","MIRADOR","PR","07/2024","384","194","0"
"411590","MIRADOR","PR","10/2023","509","136","0"
"411590","MIRADOR","PR","11/2023","453","171","0"
"411590","MIRADOR","PR","09/2023","504","136","0"
"411590","MIRADOR","PR","03/2023","560","40","0"
"411590","MIRADOR","PR","07/2023","467","155","0"
"411590","MIRADOR","PR","01/2024","462","167","0"
"411590","MIRADOR","PR","12/2023","461","163","0"
"411590","MIRADOR","PR","08/2023","504","143","0"
"411590","MIRADOR","PR","06/2023","588","40","0"
"411590","MIRADOR","PR","02/2023","594","43","0"
"411600","MIRASELVA","PR","08/2026","177","59","0"
"411600","MIRASELVA","PR","06/2026","159","102","0"
"411600","MIRASELVA","PR","05/2026","162","110","0"
"411600","MIRASELVA","PR","04/2026","167","111","0"
"411600","MIRASELVA","PR","03/2026","173","107","0"
"411600","MIRASELVA","PR","02/2026","174","101","0"
"411600","MIRASELVA","PR","10/2025","178","84","0"
"411600","MIRASELVA","PR","07/2025","157","92","0"
"411600","MIRASELVA","PR","03/2025","165","98","0"
"411600","MIRASELVA","PR","11/2025","169","90","0"
"411600","MIRASELVA","PR","05/2025","164","103","0"
"411600","MIRASELVA","PR","01/2026","175","98","0"
"411600","MIRASELVA","PR","06/2025","164","103","0"
"411600","MIRASELVA","PR","02/2025","177","86","0"
"411600","MIRASELVA","PR","12/2025","173","96","0"
"411600","MIRASELVA","PR","04/2025","164","103","0"
"411600","MIRASELVA","PR","08/2025","176","95","0"
"411600","MIRASELVA","PR","09/2025","180","88","0"
"411600","MIRASELVA","PR","08/2024","170","90","0"
"411600","MIRASELVA","PR","07/2024","181","88","0"
"411600","MIRASELVA","PR","03/2024","199","88","0"
"411600","MIRASELVA","PR","11/2024","182","83","0"
"411600","MIRASELVA","PR","02/2024","199","91","0"
"411600","MIRASELVA","PR","09/2024","173","86","0"
"411600","MIRASELVA","PR","05/2024","204","80","0"
"411600","MIRASELVA","PR","12/2024","182","79","0"
"411600","MIRASELVA","PR","01/2025","172","90","0"
"411600","MIRASELVA","PR","10/2024","163","89","0"
"411600","MIRASELVA","PR","06/2024","215","72","0"
"411600","MIRASELVA","PR","04/2024","195","80","0"
"411600","MIRASELVA","PR","12/2023","220","86","0"
"411600","MIRASELVA","PR","11/2023","238","84","0"
"411600","MIRASELVA","PR","08/2023","217","84","0"
"411600","MIRASELVA","PR","05/2023","284","36","0"
"411600","MIRASELVA","PR","01/2024","201","94","0"
"411600","MIRASELVA","PR","03/2023","291","38","0"
"411600","MIRASELVA","PR","09/2023","248","75","0"
"411600","MIRASELVA","PR","07/2023","210","94","0"
"411600","MIRASELVA","PR","04/2023","285","39","0"
"411600","MIRASELVA","PR","10/2023","251","73","0"
"411600","MIRASELVA","PR","02/2023","311","49","0"
"411600","MIRASELVA","PR","06/2023","275","36","0"
"411605","MISSAL","PR","12/2024","1444","296","0"
"411605","MISSAL","PR","11/2023","1416","275","0"
"411605","MISSAL","PR","05/2023","1542","77","0"
"411605","MISSAL","PR","06/2023","1542","74","0"
"411605","MISSAL","PR","01/2024","1436","260","0"
"411605","MISSAL","PR","03/2023","1529","74","0"
"411605","MISSAL","PR","08/2023","1394","243","0"
"411605","MISSAL","PR","12/2023","1451","267","0"
"411605","MISSAL","PR","10/2023","1476","223","0"
"411605","MISSAL","PR","04/2023","1529","74","0"
"411605","MISSAL","PR","07/2023","1398","241","0"
"411605","MISSAL","PR","09/2023","1443","247","0"
"411605","MISSAL","PR","02/2023","1631","84","0"
"411605","MISSAL","PR","08/2024","1352","288","0"
"411605","MISSAL","PR","09/2024","1380","285","0"
"411605","MISSAL","PR","01/2025","1375","335","0"
"411605","MISSAL","PR","02/2024","1428","259","0"
"411605","MISSAL","PR","04/2024","1414","287","0"
"411605","MISSAL","PR","03/2024","1396","293","0"
"411605","MISSAL","PR","10/2024","1363","326","0"
"411605","MISSAL","PR","11/2024","1367","302","0"
"411605","MISSAL","PR","05/2024","1380","276","0"
"411605","MISSAL","PR","06/2024","1390","266","0"
"411605","MISSAL","PR","07/2024","1345","294","0"
"411605","MISSAL","PR","09/2025","1313","264","0"
"411605","MISSAL","PR","03/2025","1403","345","0"
"411605","MISSAL","PR","02/2025","1361","335","0"
"411605","MISSAL","PR","01/2026","1316","259","0"
"411605","MISSAL","PR","07/2025","1350","288","0"
"411605","MISSAL","PR","10/2025","1299","276","0"
"411605","MISSAL","PR","05/2025","1419","342","0"
"411605","MISSAL","PR","11/2025","1295","248","0"
"411605","MISSAL","PR","08/2025","1313","298","0"
"411605","MISSAL","PR","06/2025","1419","342","0"
"411605","MISSAL","PR","12/2025","1330","251","0"
"411605","MISSAL","PR","04/2025","1419","346","0"
"411605","MISSAL","PR","02/2026","1288","291","0"
"411605","MISSAL","PR","03/2026","1290","254","0"
"411605","MISSAL","PR","04/2026","1294","267","0"
"411605","MISSAL","PR","05/2026","1380","249","0"
"411605","MISSAL","PR","06/2026","1388","256","0"
"411605","MISSAL","PR","08/2026","1360","277","0"
"411610","MOREIRA SALES","PR","02/2026","2149","299","0"
"411610","MOREIRA SALES","PR","07/2025","2299","400","0"
"411610","MOREIRA SALES","PR","02/2025","2418","502","0"
"411610","MOREIRA SALES","PR","01/2026","2147","290","0"
"411610","MOREIRA SALES","PR","04/2025","2377","502","0"
"411610","MOREIRA SALES","PR","10/2025","2180","332","0"
"411610","MOREIRA SALES","PR","06/2025","2395","501","0"
"411610","MOREIRA SALES","PR","03/2025","2376","516","0"
"411610","MOREIRA SALES","PR","11/2025","2170","319","0"
"411610","MOREIRA SALES","PR","05/2025","2379","499","0"
"411610","MOREIRA SALES","PR","08/2025","2239","376","0"
"411610","MOREIRA SALES","PR","12/2025","2157","278","0"
"411610","MOREIRA SALES","PR","09/2025","2216","360","0"
"411610","MOREIRA SALES","PR","08/2024","2640","542","0"
"411610","MOREIRA SALES","PR","11/2024","2524","543","0"
"411610","MOREIRA SALES","PR","10/2024","2528","572","0"
"411610","MOREIRA SALES","PR","09/2024","2668","498","0"
"411610","MOREIRA SALES","PR","07/2024","2614","565","0"
"411610","MOREIRA SALES","PR","02/2024","2934","453","0"
"411610","MOREIRA SALES","PR","12/2024","2542","497","0"
"411610","MOREIRA SALES","PR","03/2024","2755","569","0"
"411610","MOREIRA SALES","PR","05/2024","2806","497","0"
"411610","MOREIRA SALES","PR","04/2024","2803","532","0"
"411610","MOREIRA SALES","PR","01/2025","2444","511","0"
"411610","MOREIRA SALES","PR","06/2024","2820","476","0"
"411610","MOREIRA SALES","PR","11/2023","2916","525","0"
"411610","MOREIRA SALES","PR","06/2023","3237","51","0"
"411610","MOREIRA SALES","PR","05/2023","3246","44","0"
"411610","MOREIRA SALES","PR","01/2024","2946","466","0"
"411610","MOREIRA SALES","PR","12/2023","2936","488","0"
"411610","MOREIRA SALES","PR","04/2023","3281","45","0"
"411610","MOREIRA SALES","PR","05/2026","2268","234","0"
"411610","MOREIRA SALES","PR","07/2023","2779","448","0"
"411610","MOREIRA SALES","PR","03/2023","3293","49","0"
"411610","MOREIRA SALES","PR","08/2023","2781","436","0"
"411610","MOREIRA SALES","PR","10/2023","3060","393","0"
"411610","MOREIRA SALES","PR","09/2023","3011","408","0"
"411610","MOREIRA SALES","PR","04/2026","2155","262","0"
"411610","MOREIRA SALES","PR","02/2023","3474","73","0"
"411610","MOREIRA SALES","PR","03/2026","2147","266","0"
"411610","MOREIRA SALES","PR","08/2026","2447","217","0"
"411610","MOREIRA SALES","PR","06/2026","2426","233","0"
"411620","MORRETES","PR","05/2023","4062","355","0"
"411620","MORRETES","PR","02/2023","4256","381","0"
"411620","MORRETES","PR","10/2023","4011","696","0"
"411620","MORRETES","PR","08/2026","3392","656","0"
"411620","MORRETES","PR","06/2026","3446","672","0"
"411620","MORRETES","PR","05/2026","3404","675","0"
"411620","MORRETES","PR","04/2026","3406","661","0"
"411620","MORRETES","PR","03/2026","3213","674","0"
"411620","MORRETES","PR","02/2026","3217","731","0"
"411620","MORRETES","PR","08/2025","3206","874","0"
"411620","MORRETES","PR","04/2025","3377","946","0"
"411620","MORRETES","PR","03/2025","3360","1019","0"
"411620","MORRETES","PR","05/2025","3373","938","0"
"411620","MORRETES","PR","10/2025","3081","728","0"
"411620","MORRETES","PR","11/2025","3062","677","0"
"411620","MORRETES","PR","01/2026","3252","764","0"
"411620","MORRETES","PR","02/2025","3412","977","0"
"411620","MORRETES","PR","09/2025","3175","831","0"
"411620","MORRETES","PR","06/2025","3375","939","0"
"411620","MORRETES","PR","12/2025","3292","677","0"
"411620","MORRETES","PR","07/2025","3226","876","0"
"411620","MORRETES","PR","08/2024","3584","926","0"
"411620","MORRETES","PR","10/2024","3474","953","0"
"411620","MORRETES","PR","01/2025","3349","981","0"
"411620","MORRETES","PR","09/2024","3548","892","0"
"411620","MORRETES","PR","02/2024","3805","778","0"
"411620","MORRETES","PR","06/2024","3738","823","0"
"411620","MORRETES","PR","05/2024","3700","853","0"
"411620","MORRETES","PR","12/2024","3480","896","0"
"411620","MORRETES","PR","07/2024","3600","945","0"
"411620","MORRETES","PR","11/2024","3466","931","0"
"411620","MORRETES","PR","04/2024","3604","891","0"
"411620","MORRETES","PR","03/2024","3610","903","0"
"411620","MORRETES","PR","11/2023","3826","848","0"
"411620","MORRETES","PR","07/2023","3627","716","0"
"411620","MORRETES","PR","08/2023","3915","679","0"
"411620","MORRETES","PR","01/2024","3821","831","0"
"411620","MORRETES","PR","03/2023","4213","337","0"
"411620","MORRETES","PR","09/2023","3954","685","0"
"411620","MORRETES","PR","06/2023","4053","363","0"
"411620","MORRETES","PR","12/2023","3825","844","0"
"411620","MORRETES","PR","04/2023","4142","341","0"
"411630","MUNHOZ DE MELO","PR","05/2023","798","72","0"
"411630","MUNHOZ DE MELO","PR","08/2023","668","180","0"
"411630","MUNHOZ DE MELO","PR","11/2023","701","168","0"
"411630","MUNHOZ DE MELO","PR","06/2023","795","67","0"
"411630","MUNHOZ DE MELO","PR","09/2023","669","180","0"
"411630","MUNHOZ DE MELO","PR","12/2023","699","156","0"
"411630","MUNHOZ DE MELO","PR","02/2023","820","86","0"
"411630","MUNHOZ DE MELO","PR","01/2024","683","169","0"
"411630","MUNHOZ DE MELO","PR","10/2023","609","145","0"
"411630","MUNHOZ DE MELO","PR","03/2023","817","74","0"
"411630","MUNHOZ DE MELO","PR","07/2023","662","185","0"
"411630","MUNHOZ DE MELO","PR","04/2023","811","70","0"
"411630","MUNHOZ DE MELO","PR","05/2024","524","170","0"
"411630","MUNHOZ DE MELO","PR","04/2024","611","213","0"
"411630","MUNHOZ DE MELO","PR","08/2024","606","160","0"
"411630","MUNHOZ DE MELO","PR","11/2024","614","158","0"
"411630","MUNHOZ DE MELO","PR","06/2024","536","157","0"
"411630","MUNHOZ DE MELO","PR","10/2024","613","173","0"
"411630","MUNHOZ DE MELO","PR","03/2024","626","214","0"
"411630","MUNHOZ DE MELO","PR","12/2024","663","166","0"
"411630","MUNHOZ DE MELO","PR","02/2024","680","167","0"
"411630","MUNHOZ DE MELO","PR","09/2024","608","154","0"
"411630","MUNHOZ DE MELO","PR","01/2025","591","218","0"
"411630","MUNHOZ DE MELO","PR","07/2024","594","162","0"
"411630","MUNHOZ DE MELO","PR","06/2025","601","200","0"
"411630","MUNHOZ DE MELO","PR","12/2025","587","150","0"
"411630","MUNHOZ DE MELO","PR","01/2026","595","128","0"
"411630","MUNHOZ DE MELO","PR","07/2025","584","172","0"
"411630","MUNHOZ DE MELO","PR","10/2025","573","162","0"
"411630","MUNHOZ DE MELO","PR","05/2025","593","200","0"
"411630","MUNHOZ DE MELO","PR","11/2025","580","151","0"
"411630","MUNHOZ DE MELO","PR","03/2025","591","224","0"
"411630","MUNHOZ DE MELO","PR","08/2025","578","169","0"
"411630","MUNHOZ DE MELO","PR","09/2025","589","156","0"
"411630","MUNHOZ DE MELO","PR","02/2025","580","220","0"
"411630","MUNHOZ DE MELO","PR","04/2025","593","203","0"
"411630","MUNHOZ DE MELO","PR","02/2026","589","137","0"
"411630","MUNHOZ DE MELO","PR","03/2026","588","119","0"
"411630","MUNHOZ DE MELO","PR","04/2026","614","122","0"
"411630","MUNHOZ DE MELO","PR","05/2026","631","117","0"
"411630","MUNHOZ DE MELO","PR","06/2026","666","110","0"
"411630","MUNHOZ DE MELO","PR","08/2026","637","112","0"
"411640","NOSSA SENHORA DAS GRAÇAS","PR","08/2026","106","102","0"
"411640","NOSSA SENHORA DAS GRAÇAS","PR","06/2026","114","109","0"
"411640","NOSSA SENHORA DAS GRAÇAS","PR","05/2026","119","116","0"
"411640","NOSSA SENHORA DAS GRAÇAS","PR","04/2026","115","120","0"
"411640","NOSSA SENHORA DAS GRAÇAS","PR","03/2026","127","107","0"
"411640","NOSSA SENHORA DAS GRAÇAS","PR","02/2026","138","117","0"
"411640","NOSSA SENHORA DAS GRAÇAS","PR","06/2025","171","154","0"
"411640","NOSSA SENHORA DAS GRAÇAS","PR","04/2025","178","154","0"
"411640","NOSSA SENHORA DAS GRAÇAS","PR","12/2025","128","131","0"
"411640","NOSSA SENHORA DAS GRAÇAS","PR","11/2025","116","135","0"
"411640","NOSSA SENHORA DAS GRAÇAS","PR","01/2026","126","124","0"
"411640","NOSSA SENHORA DAS GRAÇAS","PR","03/2025","176","154","0"
"411640","NOSSA SENHORA DAS GRAÇAS","PR","10/2025","124","158","0"
"411640","NOSSA SENHORA DAS GRAÇAS","PR","02/2025","178","138","0"
"411640","NOSSA SENHORA DAS GRAÇAS","PR","07/2025","133","168","0"
"411640","NOSSA SENHORA DAS GRAÇAS","PR","09/2025","124","159","0"
"411640","NOSSA SENHORA DAS GRAÇAS","PR","08/2025","132","161","0"
"411640","NOSSA SENHORA DAS GRAÇAS","PR","05/2025","171","154","0"
"411640","NOSSA SENHORA DAS GRAÇAS","PR","08/2024","197","155","0"
"411640","NOSSA SENHORA DAS GRAÇAS","PR","01/2025","183","137","0"
"411640","NOSSA SENHORA DAS GRAÇAS","PR","06/2024","261","120","0"
"411640","NOSSA SENHORA DAS GRAÇAS","PR","09/2024","197","147","0"
"411640","NOSSA SENHORA DAS GRAÇAS","PR","12/2024","189","145","0"
"411640","NOSSA SENHORA DAS GRAÇAS","PR","04/2024","267","115","0"
"411640","NOSSA SENHORA DAS GRAÇAS","PR","03/2024","254","123","0"
"411640","NOSSA SENHORA DAS GRAÇAS","PR","10/2024","209","136","0"
"411640","NOSSA SENHORA DAS GRAÇAS","PR","07/2024","208","154","0"
"411640","NOSSA SENHORA DAS GRAÇAS","PR","02/2024","297","93","0"
"411640","NOSSA SENHORA DAS GRAÇAS","PR","05/2024","257","110","0"
"411640","NOSSA SENHORA DAS GRAÇAS","PR","11/2024","196","141","0"
"411640","NOSSA SENHORA DAS GRAÇAS","PR","01/2024","295","90","0"
"411640","NOSSA SENHORA DAS GRAÇAS","PR","03/2023","319","57","0"
"411640","NOSSA SENHORA DAS GRAÇAS","PR","07/2023","327","83","0"
"411640","NOSSA SENHORA DAS GRAÇAS","PR","10/2023","341","61","0"
"411640","NOSSA SENHORA DAS GRAÇAS","PR","09/2023","347","57","0"
"411640","NOSSA SENHORA DAS GRAÇAS","PR","02/2023","366","62","0"
"411640","NOSSA SENHORA DAS GRAÇAS","PR","08/2023","336","57","0"
"411640","NOSSA SENHORA DAS GRAÇAS","PR","06/2023","344","49","0"
"411640","NOSSA SENHORA DAS GRAÇAS","PR","04/2023","318","54","0"
"411640","NOSSA SENHORA DAS GRAÇAS","PR","05/2023","330","53","0"
"411640","NOSSA SENHORA DAS GRAÇAS","PR","12/2023","286","101","0"
"411640","NOSSA SENHORA DAS GRAÇAS","PR","11/2023","277","101","0"
"411650","NOVA ALIANÇA DO IVAÍ","PR","08/2026","103","33","0"
"411650","NOVA ALIANÇA DO IVAÍ","PR","01/2024","150","64","0"
"411650","NOVA ALIANÇA DO IVAÍ","PR","05/2023","178","47","0"
"411650","NOVA ALIANÇA DO IVAÍ","PR","04/2023","177","47","0"
"411650","NOVA ALIANÇA DO IVAÍ","PR","08/2023","153","64","0"
"411650","NOVA ALIANÇA DO IVAÍ","PR","03/2023","169","53","0"
"411650","NOVA ALIANÇA DO IVAÍ","PR","02/2023","165","57","0"
"411650","NOVA ALIANÇA DO IVAÍ","PR","11/2023","140","71","0"
"411650","NOVA ALIANÇA DO IVAÍ","PR","07/2023","143","71","0"
"411650","NOVA ALIANÇA DO IVAÍ","PR","09/2023","145","65","0"
"411650","NOVA ALIANÇA DO IVAÍ","PR","12/2023","143","67","0"
"411650","NOVA ALIANÇA DO IVAÍ","PR","10/2023","149","65","0"
"411650","NOVA ALIANÇA DO IVAÍ","PR","06/2023","167","44","0"
"411650","NOVA ALIANÇA DO IVAÍ","PR","05/2024","160","53","0"
"411650","NOVA ALIANÇA DO IVAÍ","PR","06/2024","154","53","0"
"411650","NOVA ALIANÇA DO IVAÍ","PR","02/2024","149","56","0"
"411650","NOVA ALIANÇA DO IVAÍ","PR","01/2025","123","48","0"
"411650","NOVA ALIANÇA DO IVAÍ","PR","03/2024","161","46","0"
"411650","NOVA ALIANÇA DO IVAÍ","PR","04/2024","160","47","0"
"411650","NOVA ALIANÇA DO IVAÍ","PR","12/2024","138","39","0"
"411650","NOVA ALIANÇA DO IVAÍ","PR","07/2024","141","48","0"
"411650","NOVA ALIANÇA DO IVAÍ","PR","10/2024","140","50","0"
"411650","NOVA ALIANÇA DO IVAÍ","PR","09/2024","134","52","0"
"411650","NOVA ALIANÇA DO IVAÍ","PR","11/2024","140","50","0"
"411650","NOVA ALIANÇA DO IVAÍ","PR","08/2024","134","52","0"
"411650","NOVA ALIANÇA DO IVAÍ","PR","10/2025","106","49","0"
"411650","NOVA ALIANÇA DO IVAÍ","PR","07/2025","133","36","0"
"411650","NOVA ALIANÇA DO IVAÍ","PR","09/2025","104","41","0"
"411650","NOVA ALIANÇA DO IVAÍ","PR","06/2025","125","39","0"
"411650","NOVA ALIANÇA DO IVAÍ","PR","02/2025","123","50","0"
"411650","NOVA ALIANÇA DO IVAÍ","PR","01/2026","98","43","0"
"411650","NOVA ALIANÇA DO IVAÍ","PR","05/2025","125","39","0"
"411650","NOVA ALIANÇA DO IVAÍ","PR","11/2025","102","41","0"
"411650","NOVA ALIANÇA DO IVAÍ","PR","03/2025","125","43","0"
"411650","NOVA ALIANÇA DO IVAÍ","PR","12/2025","99","40","0"
"411650","NOVA ALIANÇA DO IVAÍ","PR","08/2025","121","42","0"
"411650","NOVA ALIANÇA DO IVAÍ","PR","04/2025","125","39","0"
"411650","NOVA ALIANÇA DO IVAÍ","PR","02/2026","104","43","0"
"411650","NOVA ALIANÇA DO IVAÍ","PR","03/2026","110","40","0"
"411650","NOVA ALIANÇA DO IVAÍ","PR","04/2026","97","38","0"
"411650","NOVA ALIANÇA DO IVAÍ","PR","05/2026","96","40","0"
"411650","NOVA ALIANÇA DO IVAÍ","PR","06/2026","101","43","0"
"411660","NOVA AMÉRICA DA COLINA","PR","04/2023","739","141","0"
"411660","NOVA AMÉRICA DA COLINA","PR","10/2023","725","198","0"
"411660","NOVA AMÉRICA DA COLINA","PR","08/2026","702","148","0"
"411660","NOVA AMÉRICA DA COLINA","PR","06/2026","684","143","0"
"411660","NOVA AMÉRICA DA COLINA","PR","05/2026","690","126","0"
"411660","NOVA AMÉRICA DA COLINA","PR","04/2026","697","128","0"
"411660","NOVA AMÉRICA DA COLINA","PR","03/2026","657","128","0"
"411660","NOVA AMÉRICA DA COLINA","PR","02/2026","653","148","0"
"411660","NOVA AMÉRICA DA COLINA","PR","08/2025","634","155","0"
"411660","NOVA AMÉRICA DA COLINA","PR","02/2025","642","213","0"
"411660","NOVA AMÉRICA DA COLINA","PR","07/2025","641","144","0"
"411660","NOVA AMÉRICA DA COLINA","PR","03/2025","657","206","0"
"411660","NOVA AMÉRICA DA COLINA","PR","11/2025","615","136","0"
"411660","NOVA AMÉRICA DA COLINA","PR","05/2025","660","200","0"
"411660","NOVA AMÉRICA DA COLINA","PR","10/2025","621","163","0"
"411660","NOVA AMÉRICA DA COLINA","PR","09/2025","613","170","0"
"411660","NOVA AMÉRICA DA COLINA","PR","06/2025","660","196","0"
"411660","NOVA AMÉRICA DA COLINA","PR","12/2025","686","130","0"
"411660","NOVA AMÉRICA DA COLINA","PR","01/2026","681","137","0"
"411660","NOVA AMÉRICA DA COLINA","PR","04/2025","654","203","0"
"411660","NOVA AMÉRICA DA COLINA","PR","08/2024","640","209","0"
"411660","NOVA AMÉRICA DA COLINA","PR","03/2024","664","226","0"
"411660","NOVA AMÉRICA DA COLINA","PR","02/2024","686","213","0"
"411660","NOVA AMÉRICA DA COLINA","PR","01/2025","615","214","0"
"411660","NOVA AMÉRICA DA COLINA","PR","05/2024","645","199","0"
"411660","NOVA AMÉRICA DA COLINA","PR","12/2024","627","206","0"
"411660","NOVA AMÉRICA DA COLINA","PR","09/2024","639","193","0"
"411660","NOVA AMÉRICA DA COLINA","PR","10/2024","615","210","0"
"411660","NOVA AMÉRICA DA COLINA","PR","07/2024","631","218","0"
"411660","NOVA AMÉRICA DA COLINA","PR","06/2024","639","208","0"
"411660","NOVA AMÉRICA DA COLINA","PR","04/2024","661","216","0"
"411660","NOVA AMÉRICA DA COLINA","PR","11/2024","620","203","0"
"411660","NOVA AMÉRICA DA COLINA","PR","11/2023","681","215","0"
"411660","NOVA AMÉRICA DA COLINA","PR","08/2023","644","224","0"
"411660","NOVA AMÉRICA DA COLINA","PR","02/2023","808","123","0"
"411660","NOVA AMÉRICA DA COLINA","PR","09/2023","722","209","0"
"411660","NOVA AMÉRICA DA COLINA","PR","07/2023","620","247","0"
"411660","NOVA AMÉRICA DA COLINA","PR","05/2023","718","151","0"
"411660","NOVA AMÉRICA DA COLINA","PR","03/2023","756","121","0"
"411660","NOVA AMÉRICA DA COLINA","PR","06/2023","705","167","0"
"411660","NOVA AMÉRICA DA COLINA","PR","12/2023","676","215","0"
"411660","NOVA AMÉRICA DA COLINA","PR","01/2024","687","210","0"
"411670","NOVA AURORA","PR","01/2024","1380","348","0"
"411670","NOVA AURORA","PR","04/2023","1552","93","0"
"411670","NOVA AURORA","PR","08/2026","1139","298","0"
"411670","NOVA AURORA","PR","06/2026","1132","324","0"
"411670","NOVA AURORA","PR","05/2026","1134","322","0"
"411670","NOVA AURORA","PR","04/2026","1141","327","0"
"411670","NOVA AURORA","PR","03/2026","1102","320","0"
"411670","NOVA AURORA","PR","02/2026","1124","352","0"
"411670","NOVA AURORA","PR","09/2025","1133","315","0"
"411670","NOVA AURORA","PR","02/2025","1246","357","0"
"411670","NOVA AURORA","PR","03/2025","1216","385","0"
"411670","NOVA AURORA","PR","07/2025","1165","340","0"
"411670","NOVA AURORA","PR","11/2025","1083","331","0"
"411670","NOVA AURORA","PR","12/2025","1165","337","0"
"411670","NOVA AURORA","PR","08/2025","1147","322","0"
"411670","NOVA AURORA","PR","01/2026","1154","347","0"
"411670","NOVA AURORA","PR","10/2025","1094","332","0"
"411670","NOVA AURORA","PR","06/2025","1220","370","0"
"411670","NOVA AURORA","PR","04/2025","1223","377","0"
"411670","NOVA AURORA","PR","05/2025","1220","373","0"
"411670","NOVA AURORA","PR","08/2024","1230","356","0"
"411670","NOVA AURORA","PR","03/2024","1246","420","0"
"411670","NOVA AURORA","PR","11/2024","1243","347","0"
"411670","NOVA AURORA","PR","06/2024","1313","354","0"
"411670","NOVA AURORA","PR","10/2024","1249","353","0"
"411670","NOVA AURORA","PR","12/2024","1282","335","0"
"411670","NOVA AURORA","PR","09/2024","1222","352","0"
"411670","NOVA AURORA","PR","01/2025","1242","357","0"
"411670","NOVA AURORA","PR","07/2024","1233","354","0"
"411670","NOVA AURORA","PR","05/2024","1291","374","0"
"411670","NOVA AURORA","PR","02/2024","1387","338","0"
"411670","NOVA AURORA","PR","04/2024","1270","404","0"
"411670","NOVA AURORA","PR","08/2023","1371","334","0"
"411670","NOVA AURORA","PR","03/2023","1520","93","0"
"411670","NOVA AURORA","PR","11/2023","1379","379","0"
"411670","NOVA AURORA","PR","07/2023","1350","347","0"
"411670","NOVA AURORA","PR","06/2023","1569","95","0"
"411670","NOVA AURORA","PR","02/2023","1629","109","0"
"411670","NOVA AURORA","PR","09/2023","1452","313","0"
"411670","NOVA AURORA","PR","05/2023","1589","82","0"
"411670","NOVA AURORA","PR","12/2023","1373","351","0"
"411670","NOVA AURORA","PR","10/2023","1475","301","0"
"411680","NOVA CANTU","PR","06/2026","1269","289","0"
"411680","NOVA CANTU","PR","05/2023","1384","392","0"
"411680","NOVA CANTU","PR","03/2023","1487","315","0"
"411680","NOVA CANTU","PR","01/2024","1430","414","0"
"411680","NOVA CANTU","PR","09/2023","1475","377","0"
"411680","NOVA CANTU","PR","04/2023","1422","364","0"
"411680","NOVA CANTU","PR","10/2023","1507","369","0"
"411680","NOVA CANTU","PR","07/2023","1383","474","0"
"411680","NOVA CANTU","PR","02/2023","1505","368","0"
"411680","NOVA CANTU","PR","06/2023","1392","394","0"
"411680","NOVA CANTU","PR","08/2023","1429","389","0"
"411680","NOVA CANTU","PR","11/2023","1429","427","0"
"411680","NOVA CANTU","PR","12/2023","1426","426","0"
"411680","NOVA CANTU","PR","11/2024","1327","385","0"
"411680","NOVA CANTU","PR","02/2024","1459","404","0"
"411680","NOVA CANTU","PR","05/2024","1495","406","0"
"411680","NOVA CANTU","PR","03/2024","1436","439","0"
"411680","NOVA CANTU","PR","04/2024","1470","417","0"
"411680","NOVA CANTU","PR","09/2024","1356","358","0"
"411680","NOVA CANTU","PR","07/2024","1382","436","0"
"411680","NOVA CANTU","PR","12/2024","1310","367","0"
"411680","NOVA CANTU","PR","06/2024","1496","384","0"
"411680","NOVA CANTU","PR","01/2025","1280","366","0"
"411680","NOVA CANTU","PR","10/2024","1343","386","0"
"411680","NOVA CANTU","PR","08/2024","1382","390","0"
"411680","NOVA CANTU","PR","12/2025","1207","286","0"
"411680","NOVA CANTU","PR","01/2026","1179","305","0"
"411680","NOVA CANTU","PR","07/2025","1160","318","0"
"411680","NOVA CANTU","PR","05/2025","1242","350","0"
"411680","NOVA CANTU","PR","09/2025","1135","318","0"
"411680","NOVA CANTU","PR","02/2025","1266","371","0"
"411680","NOVA CANTU","PR","10/2025","1123","321","0"
"411680","NOVA CANTU","PR","11/2025","1109","291","0"
"411680","NOVA CANTU","PR","08/2025","1147","309","0"
"411680","NOVA CANTU","PR","03/2025","1270","390","0"
"411680","NOVA CANTU","PR","06/2025","1227","332","0"
"411680","NOVA CANTU","PR","08/2026","1292","269","0"
"411680","NOVA CANTU","PR","04/2025","1255","367","0"
"411680","NOVA CANTU","PR","02/2026","1186","313","0"
"411680","NOVA CANTU","PR","03/2026","1191","289","0"
"411680","NOVA CANTU","PR","04/2026","1180","286","0"
"411680","NOVA CANTU","PR","05/2026","1271","281","0"
"411690","NOVA ESPERANÇA","PR","07/2023","3085","999","0"
"411690","NOVA ESPERANÇA","PR","08/2026","3193","704","0"
"411690","NOVA ESPERANÇA","PR","06/2026","3189","757","0"
"411690","NOVA ESPERANÇA","PR","05/2026","2966","777","0"
"411690","NOVA ESPERANÇA","PR","04/2026","2727","805","0"
"411690","NOVA ESPERANÇA","PR","03/2026","2793","779","0"
"411690","NOVA ESPERANÇA","PR","02/2026","2862","802","0"
"411690","NOVA ESPERANÇA","PR","06/2025","3163","1031","0"
"411690","NOVA ESPERANÇA","PR","07/2025","2988","883","0"
"411690","NOVA ESPERANÇA","PR","12/2025","2926","803","0"
"411690","NOVA ESPERANÇA","PR","09/2025","2894","856","0"
"411690","NOVA ESPERANÇA","PR","08/2025","2907","857","0"
"411690","NOVA ESPERANÇA","PR","10/2025","2875","855","0"
"411690","NOVA ESPERANÇA","PR","01/2026","2882","813","0"
"411690","NOVA ESPERANÇA","PR","03/2025","3120","1071","0"
"411690","NOVA ESPERANÇA","PR","11/2025","2882","804","0"
"411690","NOVA ESPERANÇA","PR","05/2025","3140","1025","0"
"411690","NOVA ESPERANÇA","PR","04/2025","3142","1031","0"
"411690","NOVA ESPERANÇA","PR","02/2025","3023","1043","0"
"411690","NOVA ESPERANÇA","PR","06/2024","3298","1022","0"
"411690","NOVA ESPERANÇA","PR","08/2024","3172","1067","0"
"411690","NOVA ESPERANÇA","PR","01/2025","3009","1060","0"
"411690","NOVA ESPERANÇA","PR","10/2024","3165","1106","0"
"411690","NOVA ESPERANÇA","PR","09/2024","3183","1041","0"
"411690","NOVA ESPERANÇA","PR","05/2024","3303","1055","0"
"411690","NOVA ESPERANÇA","PR","11/2024","3192","1080","0"
"411690","NOVA ESPERANÇA","PR","07/2024","3198","1088","0"
"411690","NOVA ESPERANÇA","PR","04/2024","3362","1090","0"
"411690","NOVA ESPERANÇA","PR","03/2024","3384","1108","0"
"411690","NOVA ESPERANÇA","PR","12/2024","3167","998","0"
"411690","NOVA ESPERANÇA","PR","02/2024","3630","940","0"
"411690","NOVA ESPERANÇA","PR","10/2023","3792","816","0"
"411690","NOVA ESPERANÇA","PR","04/2023","3792","340","0"
"411690","NOVA ESPERANÇA","PR","01/2024","3566","970","0"
"411690","NOVA ESPERANÇA","PR","09/2023","3664","864","0"
"411690","NOVA ESPERANÇA","PR","08/2023","3499","916","0"
"411690","NOVA ESPERANÇA","PR","05/2023","3806","335","0"
"411690","NOVA ESPERANÇA","PR","06/2023","3791","343","0"
"411690","NOVA ESPERANÇA","PR","12/2023","3560","1008","0"
"411690","NOVA ESPERANÇA","PR","11/2023","3498","1045","0"
"411690","NOVA ESPERANÇA","PR","02/2023","3967","405","0"
"411690","NOVA ESPERANÇA","PR","03/2023","3783","356","0"
"411695","NOVA ESPERANÇA DO SUDOESTE","PR","03/2023","639","58","0"
"411695","NOVA ESPERANÇA DO SUDOESTE","PR","09/2023","618","143","0"
"411695","NOVA ESPERANÇA DO SUDOESTE","PR","08/2023","593","155","0"
"411695","NOVA ESPERANÇA DO SUDOESTE","PR","02/2023","643","89","0"
"411695","NOVA ESPERANÇA DO SUDOESTE","PR","10/2023","633","154","0"
"411695","NOVA ESPERANÇA DO SUDOESTE","PR","06/2023","674","70","0"
"411695","NOVA ESPERANÇA DO SUDOESTE","PR","01/2024","643","147","0"
"411695","NOVA ESPERANÇA DO SUDOESTE","PR","04/2023","646","61","0"
"411695","NOVA ESPERANÇA DO SUDOESTE","PR","07/2023","598","166","0"
"411695","NOVA ESPERANÇA DO SUDOESTE","PR","05/2023","674","67","0"
"411695","NOVA ESPERANÇA DO SUDOESTE","PR","11/2023","608","164","0"
"411695","NOVA ESPERANÇA DO SUDOESTE","PR","12/2023","629","158","0"
"411695","NOVA ESPERANÇA DO SUDOESTE","PR","11/2024","588","196","0"
"411695","NOVA ESPERANÇA DO SUDOESTE","PR","05/2024","623","181","0"
"411695","NOVA ESPERANÇA DO SUDOESTE","PR","04/2024","613","185","0"
"411695","NOVA ESPERANÇA DO SUDOESTE","PR","01/2025","569","200","0"
"411695","NOVA ESPERANÇA DO SUDOESTE","PR","06/2024","628","180","0"
"411695","NOVA ESPERANÇA DO SUDOESTE","PR","07/2024","597","197","0"
"411695","NOVA ESPERANÇA DO SUDOESTE","PR","10/2024","580","208","0"
"411695","NOVA ESPERANÇA DO SUDOESTE","PR","03/2024","598","188","0"
"411695","NOVA ESPERANÇA DO SUDOESTE","PR","02/2024","657","142","0"
"411695","NOVA ESPERANÇA DO SUDOESTE","PR","12/2024","595","187","0"
"411695","NOVA ESPERANÇA DO SUDOESTE","PR","09/2024","615","174","0"
"411695","NOVA ESPERANÇA DO SUDOESTE","PR","08/2024","607","184","0"
"411695","NOVA ESPERANÇA DO SUDOESTE","PR","05/2025","571","190","0"
"411695","NOVA ESPERANÇA DO SUDOESTE","PR","04/2025","571","196","0"
"411695","NOVA ESPERANÇA DO SUDOESTE","PR","09/2025","489","181","0"
"411695","NOVA ESPERANÇA DO SUDOESTE","PR","02/2025","565","196","0"
"411695","NOVA ESPERANÇA DO SUDOESTE","PR","01/2026","474","195","0"
"411695","NOVA ESPERANÇA DO SUDOESTE","PR","07/2025","515","182","0"
"411695","NOVA ESPERANÇA DO SUDOESTE","PR","11/2025","456","188","0"
"411695","NOVA ESPERANÇA DO SUDOESTE","PR","06/2025","572","190","0"
"411695","NOVA ESPERANÇA DO SUDOESTE","PR","10/2025","460","197","0"
"411695","NOVA ESPERANÇA DO SUDOESTE","PR","03/2025","574","198","0"
"411695","NOVA ESPERANÇA DO SUDOESTE","PR","12/2025","490","196","0"
"411695","NOVA ESPERANÇA DO SUDOESTE","PR","08/2025","501","186","0"
"411695","NOVA ESPERANÇA DO SUDOESTE","PR","02/2026","463","195","0"
"411695","NOVA ESPERANÇA DO SUDOESTE","PR","03/2026","482","179","0"
"411695","NOVA ESPERANÇA DO SUDOESTE","PR","04/2026","474","176","0"
"411695","NOVA ESPERANÇA DO SUDOESTE","PR","05/2026","480","175","0"
"411695","NOVA ESPERANÇA DO SUDOESTE","PR","06/2026","492","156","0"
"411695","NOVA ESPERANÇA DO SUDOESTE","PR","08/2026","496","149","0"
"411700","NOVA FÁTIMA","PR","08/2026","941","311","0"
"411700","NOVA FÁTIMA","PR","08/2023","1106","249","0"
"411700","NOVA FÁTIMA","PR","03/2023","1239","150","0"
"411700","NOVA FÁTIMA","PR","04/2023","1283","124","0"
"411700","NOVA FÁTIMA","PR","05/2023","1306","124","0"
"411700","NOVA FÁTIMA","PR","11/2023","1102","275","0"
"411700","NOVA FÁTIMA","PR","02/2023","1276","155","0"
"411700","NOVA FÁTIMA","PR","12/2023","1114","259","0"
"411700","NOVA FÁTIMA","PR","07/2023","1146","328","0"
"411700","NOVA FÁTIMA","PR","01/2024","1110","256","0"
"411700","NOVA FÁTIMA","PR","09/2023","1157","251","0"
"411700","NOVA FÁTIMA","PR","10/2023","1172","224","0"
"411700","NOVA FÁTIMA","PR","06/2023","1294","125","0"
"411700","NOVA FÁTIMA","PR","04/2024","1177","315","0"
"411700","NOVA FÁTIMA","PR","08/2024","1127","318","0"
"411700","NOVA FÁTIMA","PR","06/2024","1185","287","0"
"411700","NOVA FÁTIMA","PR","07/2024","1119","327","0"
"411700","NOVA FÁTIMA","PR","01/2025","1081","355","0"
"411700","NOVA FÁTIMA","PR","02/2024","1188","252","0"
"411700","NOVA FÁTIMA","PR","05/2024","1188","295","0"
"411700","NOVA FÁTIMA","PR","03/2024","1126","312","0"
"411700","NOVA FÁTIMA","PR","12/2024","1120","316","0"
"411700","NOVA FÁTIMA","PR","09/2024","1142","299","0"
"411700","NOVA FÁTIMA","PR","11/2024","1116","322","0"
"411700","NOVA FÁTIMA","PR","10/2024","1111","336","0"
"411700","NOVA FÁTIMA","PR","05/2025","1062","374","0"
"411700","NOVA FÁTIMA","PR","08/2025","942","380","0"
"411700","NOVA FÁTIMA","PR","09/2025","970","364","0"
"411700","NOVA FÁTIMA","PR","06/2025","1069","372","0"
"411700","NOVA FÁTIMA","PR","12/2025","959","332","0"
"411700","NOVA FÁTIMA","PR","01/2026","954","323","0"
"411700","NOVA FÁTIMA","PR","02/2025","1080","349","0"
"411700","NOVA FÁTIMA","PR","03/2025","1060","376","0"
"411700","NOVA FÁTIMA","PR","04/2025","1065","374","0"
"411700","NOVA FÁTIMA","PR","11/2025","946","335","0"
"411700","NOVA FÁTIMA","PR","10/2025","978","355","0"
"411700","NOVA FÁTIMA","PR","07/2025","981","355","0"
"411700","NOVA FÁTIMA","PR","02/2026","951","339","0"
"411700","NOVA FÁTIMA","PR","03/2026","999","320","0"
"411700","NOVA FÁTIMA","PR","04/2026","983","321","0"
"411700","NOVA FÁTIMA","PR","05/2026","968","317","0"
"411700","NOVA FÁTIMA","PR","06/2026","964","305","0"
"411705","NOVA LARANJEIRAS","PR","02/2023","4782","251","0"
"411705","NOVA LARANJEIRAS","PR","08/2023","4357","624","0"
"411705","NOVA LARANJEIRAS","PR","08/2026","4041","625","0"
"411705","NOVA LARANJEIRAS","PR","06/2026","3899","626","0"
"411705","NOVA LARANJEIRAS","PR","05/2026","3902","608","0"
"411705","NOVA LARANJEIRAS","PR","04/2026","3901","629","0"
"411705","NOVA LARANJEIRAS","PR","03/2026","3873","638","0"
"411705","NOVA LARANJEIRAS","PR","02/2026","3885","644","0"
"411705","NOVA LARANJEIRAS","PR","04/2025","4292","748","0"
"411705","NOVA LARANJEIRAS","PR","05/2025","4292","731","0"
"411705","NOVA LARANJEIRAS","PR","08/2025","4032","669","0"
"411705","NOVA LARANJEIRAS","PR","03/2025","4289","738","0"
"411705","NOVA LARANJEIRAS","PR","11/2025","3997","624","0"
"411705","NOVA LARANJEIRAS","PR","10/2025","3987","655","0"
"411705","NOVA LARANJEIRAS","PR","12/2025","3908","587","0"
"411705","NOVA LARANJEIRAS","PR","01/2026","3882","630","0"
"411705","NOVA LARANJEIRAS","PR","07/2025","4184","671","0"
"411705","NOVA LARANJEIRAS","PR","02/2025","4291","725","0"
"411705","NOVA LARANJEIRAS","PR","06/2025","4324","726","0"
"411705","NOVA LARANJEIRAS","PR","09/2025","3982","626","0"
"411705","NOVA LARANJEIRAS","PR","07/2024","4286","729","0"
"411705","NOVA LARANJEIRAS","PR","05/2024","4407","646","0"
"411705","NOVA LARANJEIRAS","PR","04/2024","4334","698","0"
"411705","NOVA LARANJEIRAS","PR","08/2024","4350","714","0"
"411705","NOVA LARANJEIRAS","PR","10/2024","4369","754","0"
"411705","NOVA LARANJEIRAS","PR","06/2024","4437","640","0"
"411705","NOVA LARANJEIRAS","PR","12/2024","4412","698","0"
"411705","NOVA LARANJEIRAS","PR","03/2024","4274","710","0"
"411705","NOVA LARANJEIRAS","PR","01/2025","4337","723","0"
"411705","NOVA LARANJEIRAS","PR","11/2024","4413","717","0"
"411705","NOVA LARANJEIRAS","PR","02/2024","4398","639","0"
"411705","NOVA LARANJEIRAS","PR","09/2024","4367","697","0"
"411705","NOVA LARANJEIRAS","PR","11/2023","4311","701","0"
"411705","NOVA LARANJEIRAS","PR","04/2023","4676","245","0"
"411705","NOVA LARANJEIRAS","PR","05/2023","4710","273","0"
"411705","NOVA LARANJEIRAS","PR","12/2023","4376","685","0"
"411705","NOVA LARANJEIRAS","PR","07/2023","4338","658","0"
"411705","NOVA LARANJEIRAS","PR","03/2023","4681","231","0"
"411705","NOVA LARANJEIRAS","PR","01/2024","4409","657","0"
"411705","NOVA LARANJEIRAS","PR","06/2023","4627","293","0"
"411705","NOVA LARANJEIRAS","PR","10/2023","4481","600","0"
"411705","NOVA LARANJEIRAS","PR","09/2023","4426","600","0"
"411710","NOVA LONDRINA","PR","02/2023","1833","273","0"
"411710","NOVA LONDRINA","PR","03/2023","1711","240","0"
"411710","NOVA LONDRINA","PR","04/2023","1691","242","0"
"411710","NOVA LONDRINA","PR","09/2023","1730","424","0"
"411710","NOVA LONDRINA","PR","12/2023","1755","502","0"
"411710","NOVA LONDRINA","PR","11/2023","1686","507","0"
"411710","NOVA LONDRINA","PR","06/2023","1666","254","0"
"411710","NOVA LONDRINA","PR","08/2023","1461","449","0"
"411710","NOVA LONDRINA","PR","05/2023","1680","245","0"
"411710","NOVA LONDRINA","PR","07/2023","1360","512","0"
"411710","NOVA LONDRINA","PR","01/2024","1770","484","0"
"411710","NOVA LONDRINA","PR","10/2023","1812","400","0"
"411710","NOVA LONDRINA","PR","04/2024","1587","580","0"
"411710","NOVA LONDRINA","PR","03/2024","1589","591","0"
"411710","NOVA LONDRINA","PR","10/2024","1625","523","0"
"411710","NOVA LONDRINA","PR","08/2024","1638","535","0"
"411710","NOVA LONDRINA","PR","01/2025","1532","552","0"
"411710","NOVA LONDRINA","PR","06/2024","1537","526","0"
"411710","NOVA LONDRINA","PR","07/2024","1609","572","0"
"411710","NOVA LONDRINA","PR","09/2024","1645","495","0"
"411710","NOVA LONDRINA","PR","12/2024","1643","476","0"
"411710","NOVA LONDRINA","PR","05/2024","1546","551","0"
"411710","NOVA LONDRINA","PR","02/2024","1759","449","0"
"411710","NOVA LONDRINA","PR","11/2024","1632","497","0"
"411710","NOVA LONDRINA","PR","07/2025","1552","537","0"
"411710","NOVA LONDRINA","PR","04/2025","1632","557","0"
"411710","NOVA LONDRINA","PR","02/2025","1539","556","0"
"411710","NOVA LONDRINA","PR","06/2025","1634","560","0"
"411710","NOVA LONDRINA","PR","01/2026","1538","457","0"
"411710","NOVA LONDRINA","PR","10/2025","1511","504","0"
"411710","NOVA LONDRINA","PR","12/2025","1569","431","0"
"411710","NOVA LONDRINA","PR","11/2025","1519","456","0"
"411710","NOVA LONDRINA","PR","03/2025","1623","578","0"
"411710","NOVA LONDRINA","PR","08/2025","1528","514","0"
"411710","NOVA LONDRINA","PR","09/2025","1524","500","0"
"411710","NOVA LONDRINA","PR","05/2025","1632","557","0"
"411710","NOVA LONDRINA","PR","02/2026","1527","457","0"
"411710","NOVA LONDRINA","PR","03/2026","1527","421","0"
"411710","NOVA LONDRINA","PR","04/2026","1514","432","0"
"411710","NOVA LONDRINA","PR","05/2026","1591","421","0"
"411710","NOVA LONDRINA","PR","06/2026","1694","417","0"
"411710","NOVA LONDRINA","PR","08/2026","1683","394","0"
"411720","NOVA OLÍMPIA","PR","10/2023","692","192","0"
"411720","NOVA OLÍMPIA","PR","03/2023","765","130","0"
"411720","NOVA OLÍMPIA","PR","12/2023","632","222","0"
"411720","NOVA OLÍMPIA","PR","09/2023","696","198","0"
"411720","NOVA OLÍMPIA","PR","06/2023","730","153","0"
"411720","NOVA OLÍMPIA","PR","02/2023","791","145","0"
"411720","NOVA OLÍMPIA","PR","07/2023","634","228","0"
"411720","NOVA OLÍMPIA","PR","05/2023","736","152","0"
"411720","NOVA OLÍMPIA","PR","08/2023","637","207","0"
"411720","NOVA OLÍMPIA","PR","04/2023","766","131","0"
"411720","NOVA OLÍMPIA","PR","01/2024","628","218","0"
"411720","NOVA OLÍMPIA","PR","11/2023","652","217","0"
"411720","NOVA OLÍMPIA","PR","12/2024","566","209","0"
"411720","NOVA OLÍMPIA","PR","04/2024","561","262","0"
"411720","NOVA OLÍMPIA","PR","01/2025","521","238","0"
"411720","NOVA OLÍMPIA","PR","11/2024","572","209","0"
"411720","NOVA OLÍMPIA","PR","02/2024","613","224","0"
"411720","NOVA OLÍMPIA","PR","07/2024","549","250","0"
"411720","NOVA OLÍMPIA","PR","05/2024","584","240","0"
"411720","NOVA OLÍMPIA","PR","03/2024","555","270","0"
"411720","NOVA OLÍMPIA","PR","09/2024","568","218","0"
"411720","NOVA OLÍMPIA","PR","06/2024","596","230","0"
"411720","NOVA OLÍMPIA","PR","10/2024","563","211","0"
"411720","NOVA OLÍMPIA","PR","08/2024","550","232","0"
"411720","NOVA OLÍMPIA","PR","10/2025","449","204","0"
"411720","NOVA OLÍMPIA","PR","02/2025","512","239","0"
"411720","NOVA OLÍMPIA","PR","11/2025","459","201","0"
"411720","NOVA OLÍMPIA","PR","06/2025","524","234","0"
"411720","NOVA OLÍMPIA","PR","03/2025","511","247","0"
"411720","NOVA OLÍMPIA","PR","01/2026","481","213","0"
"411720","NOVA OLÍMPIA","PR","08/2025","463","201","0"
"411720","NOVA OLÍMPIA","PR","09/2025","462","201","0"
"411720","NOVA OLÍMPIA","PR","07/2025","488","205","0"
"411720","NOVA OLÍMPIA","PR","12/2025","511","198","0"
"411720","NOVA OLÍMPIA","PR","05/2025","517","241","0"
"411720","NOVA OLÍMPIA","PR","04/2025","517","245","0"
"411720","NOVA OLÍMPIA","PR","02/2026","469","224","0"
"411720","NOVA OLÍMPIA","PR","03/2026","456","225","0"
"411720","NOVA OLÍMPIA","PR","04/2026","451","220","0"
"411720","NOVA OLÍMPIA","PR","05/2026","488","204","0"
"411720","NOVA OLÍMPIA","PR","06/2026","480","208","0"
"411720","NOVA OLÍMPIA","PR","08/2026","473","178","0"
"411721","NOVA SANTA BÁRBARA","PR","03/2023","849","166","0"
"411721","NOVA SANTA BÁRBARA","PR","06/2023","870","160","0"
"411721","NOVA SANTA BÁRBARA","PR","12/2023","803","264","0"
"411721","NOVA SANTA BÁRBARA","PR","09/2023","836","228","0"
"411721","NOVA SANTA BÁRBARA","PR","02/2023","860","170","0"
"411721","NOVA SANTA BÁRBARA","PR","04/2023","878","169","0"
"411721","NOVA SANTA BÁRBARA","PR","07/2023","830","241","0"
"411721","NOVA SANTA BÁRBARA","PR","08/2023","823","218","0"
"411721","NOVA SANTA BÁRBARA","PR","10/2023","852","226","0"
"411721","NOVA SANTA BÁRBARA","PR","01/2024","792","274","0"
"411721","NOVA SANTA BÁRBARA","PR","05/2023","882","164","0"
"411721","NOVA SANTA BÁRBARA","PR","11/2023","800","261","0"
"411721","NOVA SANTA BÁRBARA","PR","05/2024","846","245","0"
"411721","NOVA SANTA BÁRBARA","PR","10/2024","798","287","0"
"411721","NOVA SANTA BÁRBARA","PR","04/2024","842","259","0"
"411721","NOVA SANTA BÁRBARA","PR","11/2024","779","269","0"
"411721","NOVA SANTA BÁRBARA","PR","02/2024","811","267","0"
"411721","NOVA SANTA BÁRBARA","PR","01/2025","758","248","0"
"411721","NOVA SANTA BÁRBARA","PR","12/2024","790","249","0"
"411721","NOVA SANTA BÁRBARA","PR","06/2024","853","233","0"
"411721","NOVA SANTA BÁRBARA","PR","07/2024","827","269","0"
"411721","NOVA SANTA BÁRBARA","PR","03/2024","831","266","0"
"411721","NOVA SANTA BÁRBARA","PR","09/2024","796","279","0"
"411721","NOVA SANTA BÁRBARA","PR","08/2024","800","278","0"
"411721","NOVA SANTA BÁRBARA","PR","09/2025","745","193","0"
"411721","NOVA SANTA BÁRBARA","PR","08/2025","746","189","0"
"411721","NOVA SANTA BÁRBARA","PR","04/2025","772","223","0"
"411721","NOVA SANTA BÁRBARA","PR","01/2026","695","186","0"
"411721","NOVA SANTA BÁRBARA","PR","06/2025","779","208","0"
"411721","NOVA SANTA BÁRBARA","PR","02/2025","759","246","0"
"411721","NOVA SANTA BÁRBARA","PR","03/2025","761","244","0"
"411721","NOVA SANTA BÁRBARA","PR","07/2025","734","192","0"
"411721","NOVA SANTA BÁRBARA","PR","11/2025","722","192","0"
"411721","NOVA SANTA BÁRBARA","PR","10/2025","725","213","0"
"411721","NOVA SANTA BÁRBARA","PR","12/2025","724","186","0"
"411721","NOVA SANTA BÁRBARA","PR","05/2025","772","218","0"
"411721","NOVA SANTA BÁRBARA","PR","02/2026","681","199","0"
"411721","NOVA SANTA BÁRBARA","PR","03/2026","708","192","0"
"411721","NOVA SANTA BÁRBARA","PR","04/2026","711","180","0"
"411721","NOVA SANTA BÁRBARA","PR","05/2026","698","181","0"
"411721","NOVA SANTA BÁRBARA","PR","06/2026","713","177","0"
"411721","NOVA SANTA BÁRBARA","PR","08/2026","729","151","0"
"411722","NOVA SANTA ROSA","PR","05/2023","798","133","0"
"411722","NOVA SANTA ROSA","PR","02/2023","794","146","0"
"411722","NOVA SANTA ROSA","PR","07/2023","649","263","0"
"411722","NOVA SANTA ROSA","PR","12/2023","627","296","0"
"411722","NOVA SANTA ROSA","PR","06/2023","795","153","0"
"411722","NOVA SANTA ROSA","PR","03/2023","814","131","0"
"411722","NOVA SANTA ROSA","PR","09/2023","666","289","0"
"411722","NOVA SANTA ROSA","PR","04/2023","817","117","0"
"411722","NOVA SANTA ROSA","PR","11/2023","649","286","0"
"411722","NOVA SANTA ROSA","PR","08/2023","687","263","0"
"411722","NOVA SANTA ROSA","PR","10/2023","673","283","0"
"411722","NOVA SANTA ROSA","PR","01/2024","626","299","0"
"411722","NOVA SANTA ROSA","PR","03/2024","594","312","0"
"411722","NOVA SANTA ROSA","PR","04/2024","555","339","0"
"411722","NOVA SANTA ROSA","PR","02/2024","647","294","0"
"411722","NOVA SANTA ROSA","PR","07/2024","551","342","0"
"411722","NOVA SANTA ROSA","PR","05/2024","598","318","0"
"411722","NOVA SANTA ROSA","PR","12/2024","567","337","0"
"411722","NOVA SANTA ROSA","PR","06/2024","596","317","0"
"411722","NOVA SANTA ROSA","PR","09/2024","555","322","0"
"411722","NOVA SANTA ROSA","PR","10/2024","525","349","0"
"411722","NOVA SANTA ROSA","PR","01/2025","574","318","0"
"411722","NOVA SANTA ROSA","PR","11/2024","543","353","0"
"411722","NOVA SANTA ROSA","PR","08/2024","536","333","0"
"411722","NOVA SANTA ROSA","PR","02/2025","581","322","0"
"411722","NOVA SANTA ROSA","PR","06/2025","562","333","0"
"411722","NOVA SANTA ROSA","PR","09/2025","529","281","0"
"411722","NOVA SANTA ROSA","PR","01/2026","552","249","0"
"411722","NOVA SANTA ROSA","PR","07/2025","535","301","0"
"411722","NOVA SANTA ROSA","PR","10/2025","530","259","0"
"411722","NOVA SANTA ROSA","PR","12/2025","538","249","0"
"411722","NOVA SANTA ROSA","PR","11/2025","530","248","0"
"411722","NOVA SANTA ROSA","PR","03/2025","562","337","0"
"411722","NOVA SANTA ROSA","PR","08/2025","542","286","0"
"411722","NOVA SANTA ROSA","PR","04/2025","560","340","0"
"411722","NOVA SANTA ROSA","PR","05/2025","560","337","0"
"411722","NOVA SANTA ROSA","PR","02/2026","554","251","0"
"411722","NOVA SANTA ROSA","PR","03/2026","627","236","0"
"411722","NOVA SANTA ROSA","PR","04/2026","624","234","0"
"411722","NOVA SANTA ROSA","PR","05/2026","618","223","0"
"411722","NOVA SANTA ROSA","PR","06/2026","657","206","0"
"411722","NOVA SANTA ROSA","PR","08/2026","624","199","0"
"411725","NOVA PRATA DO IGUAÇU","PR","03/2023","1225","240","0"
"411725","NOVA PRATA DO IGUAÇU","PR","11/2023","1129","456","0"
"411725","NOVA PRATA DO IGUAÇU","PR","02/2023","1237","264","0"
"411725","NOVA PRATA DO IGUAÇU","PR","12/2023","1123","457","0"
"411725","NOVA PRATA DO IGUAÇU","PR","09/2023","1127","421","0"
"411725","NOVA PRATA DO IGUAÇU","PR","06/2023","1286","252","0"
"411725","NOVA PRATA DO IGUAÇU","PR","10/2023","1148","419","0"
"411725","NOVA PRATA DO IGUAÇU","PR","07/2023","1059","468","0"
"411725","NOVA PRATA DO IGUAÇU","PR","04/2023","1220","259","0"
"411725","NOVA PRATA DO IGUAÇU","PR","05/2023","1297","245","0"
"411725","NOVA PRATA DO IGUAÇU","PR","01/2024","1132","447","0"
"411725","NOVA PRATA DO IGUAÇU","PR","08/2023","1094","434","0"
"411725","NOVA PRATA DO IGUAÇU","PR","03/2024","1047","556","0"
"411725","NOVA PRATA DO IGUAÇU","PR","10/2024","1036","486","0"
"411725","NOVA PRATA DO IGUAÇU","PR","04/2024","1081","513","0"
"411725","NOVA PRATA DO IGUAÇU","PR","12/2024","1078","448","0"
"411725","NOVA PRATA DO IGUAÇU","PR","02/2024","1144","442","0"
"411725","NOVA PRATA DO IGUAÇU","PR","07/2024","1027","502","0"
"411725","NOVA PRATA DO IGUAÇU","PR","11/2024","1031","470","0"
"411725","NOVA PRATA DO IGUAÇU","PR","01/2025","1030","459","0"
"411725","NOVA PRATA DO IGUAÇU","PR","05/2024","1082","494","0"
"411725","NOVA PRATA DO IGUAÇU","PR","06/2024","1089","477","0"
"411725","NOVA PRATA DO IGUAÇU","PR","09/2024","1027","461","0"
"411725","NOVA PRATA DO IGUAÇU","PR","08/2024","1025","481","0"
"411725","NOVA PRATA DO IGUAÇU","PR","04/2025","1041","424","0"
"411725","NOVA PRATA DO IGUAÇU","PR","08/2025","930","414","0"
"411725","NOVA PRATA DO IGUAÇU","PR","09/2025","949","392","0"
"411725","NOVA PRATA DO IGUAÇU","PR","06/2025","1041","420","0"
"411725","NOVA PRATA DO IGUAÇU","PR","12/2025","1001","376","0"
"411725","NOVA PRATA DO IGUAÇU","PR","01/2026","972","382","0"
"411725","NOVA PRATA DO IGUAÇU","PR","02/2025","1062","452","0"
"411725","NOVA PRATA DO IGUAÇU","PR","10/2025","938","391","0"
"411725","NOVA PRATA DO IGUAÇU","PR","11/2025","911","384","0"
"411725","NOVA PRATA DO IGUAÇU","PR","03/2025","1054","454","0"
"411725","NOVA PRATA DO IGUAÇU","PR","07/2025","958","407","0"
"411725","NOVA PRATA DO IGUAÇU","PR","05/2025","1041","424","0"
"411725","NOVA PRATA DO IGUAÇU","PR","02/2026","965","376","0"
"411725","NOVA PRATA DO IGUAÇU","PR","03/2026","967","360","0"
"411725","NOVA PRATA DO IGUAÇU","PR","04/2026","1031","336","0"
"411725","NOVA PRATA DO IGUAÇU","PR","05/2026","1017","351","0"
"411725","NOVA PRATA DO IGUAÇU","PR","06/2026","982","388","0"
"411725","NOVA PRATA DO IGUAÇU","PR","08/2026","957","398","0"
"411727","NOVA TEBAS","PR","06/2023","783","587","0"
"411727","NOVA TEBAS","PR","12/2023","843","462","0"
"411727","NOVA TEBAS","PR","02/2023","819","500","0"
"411727","NOVA TEBAS","PR","09/2023","797","521","0"
"411727","NOVA TEBAS","PR","01/2024","846","463","0"
"411727","NOVA TEBAS","PR","11/2023","801","484","0"
"411727","NOVA TEBAS","PR","07/2023","797","628","0"
"411727","NOVA TEBAS","PR","04/2023","841","514","0"
"411727","NOVA TEBAS","PR","03/2023","796","506","0"
"411727","NOVA TEBAS","PR","08/2023","789","522","0"
"411727","NOVA TEBAS","PR","05/2023","828","537","0"
"411727","NOVA TEBAS","PR","10/2023","790","521","0"
"411727","NOVA TEBAS","PR","11/2024","864","385","0"
"411727","NOVA TEBAS","PR","04/2024","870","482","0"
"411727","NOVA TEBAS","PR","05/2024","871","419","0"
"411727","NOVA TEBAS","PR","09/2024","871","391","0"
"411727","NOVA TEBAS","PR","07/2024","867","428","0"
"411727","NOVA TEBAS","PR","02/2024","873","460","0"
"411727","NOVA TEBAS","PR","10/2024","867","399","0"
"411727","NOVA TEBAS","PR","03/2024","848","481","0"
"411727","NOVA TEBAS","PR","12/2024","886","352","0"
"411727","NOVA TEBAS","PR","06/2024","903","397","0"
"411727","NOVA TEBAS","PR","01/2025","874","331","0"
"411727","NOVA TEBAS","PR","08/2024","867","397","0"
"411727","NOVA TEBAS","PR","04/2025","834","348","0"
"411727","NOVA TEBAS","PR","09/2025","844","290","0"
"411727","NOVA TEBAS","PR","10/2025","816","297","0"
"411727","NOVA TEBAS","PR","08/2025","846","299","0"
"411727","NOVA TEBAS","PR","02/2025","867","333","0"
"411727","NOVA TEBAS","PR","11/2025","814","280","0"
"411727","NOVA TEBAS","PR","12/2025","813","284","0"
"411727","NOVA TEBAS","PR","03/2025","829","360","0"
"411727","NOVA TEBAS","PR","07/2025","805","314","0"
"411727","NOVA TEBAS","PR","01/2026","815","269","0"
"411727","NOVA TEBAS","PR","06/2025","844","326","0"
"411727","NOVA TEBAS","PR","05/2025","835","336","0"
"411727","NOVA TEBAS","PR","02/2026","830","271","0"
"411727","NOVA TEBAS","PR","03/2026","820","266","0"
"411727","NOVA TEBAS","PR","04/2026","830","240","0"
"411727","NOVA TEBAS","PR","05/2026","842","236","0"
"411727","NOVA TEBAS","PR","06/2026","854","226","0"
"411727","NOVA TEBAS","PR","08/2026","845","207","0"
"411729","NOVO ITACOLOMI","PR","02/2023","380","92","0"
"411729","NOVO ITACOLOMI","PR","06/2023","423","91","0"
"411729","NOVO ITACOLOMI","PR","12/2023","426","158","0"
"411729","NOVO ITACOLOMI","PR","08/2023","457","115","0"
"411729","NOVO ITACOLOMI","PR","10/2023","465","117","0"
"411729","NOVO ITACOLOMI","PR","09/2023","440","132","0"
"411729","NOVO ITACOLOMI","PR","03/2023","387","77","0"
"411729","NOVO ITACOLOMI","PR","04/2023","417","73","0"
"411729","NOVO ITACOLOMI","PR","11/2023","428","154","0"
"411729","NOVO ITACOLOMI","PR","05/2023","414","86","0"
"411729","NOVO ITACOLOMI","PR","07/2023","465","99","0"
"411729","NOVO ITACOLOMI","PR","01/2024","436","148","0"
"411729","NOVO ITACOLOMI","PR","12/2024","495","126","0"
"411729","NOVO ITACOLOMI","PR","08/2024","522","120","0"
"411729","NOVO ITACOLOMI","PR","05/2024","492","141","0"
"411729","NOVO ITACOLOMI","PR","02/2024","445","153","0"
"411729","NOVO ITACOLOMI","PR","01/2025","487","120","0"
"411729","NOVO ITACOLOMI","PR","03/2024","453","172","0"
"411729","NOVO ITACOLOMI","PR","04/2024","471","158","0"
"411729","NOVO ITACOLOMI","PR","07/2024","527","125","0"
"411729","NOVO ITACOLOMI","PR","06/2024","507","133","0"
"411729","NOVO ITACOLOMI","PR","09/2024","522","120","0"
"411729","NOVO ITACOLOMI","PR","10/2024","510","135","0"
"411729","NOVO ITACOLOMI","PR","11/2024","510","131","0"
"411729","NOVO ITACOLOMI","PR","12/2025","428","207","0"
"411729","NOVO ITACOLOMI","PR","07/2025","331","242","0"
"411729","NOVO ITACOLOMI","PR","02/2025","488","123","0"
"411729","NOVO ITACOLOMI","PR","09/2025","389","210","0"
"411729","NOVO ITACOLOMI","PR","11/2025","389","209","0"
"411729","NOVO ITACOLOMI","PR","01/2026","410","219","0"
"411729","NOVO ITACOLOMI","PR","08/2025","372","222","0"
"411729","NOVO ITACOLOMI","PR","03/2025","473","147","0"
"411729","NOVO ITACOLOMI","PR","10/2025","374","220","0"
"411729","NOVO ITACOLOMI","PR","05/2025","459","144","0"
"411729","NOVO ITACOLOMI","PR","04/2025","461","153","0"
"411729","NOVO ITACOLOMI","PR","06/2025","454","144","0"
"411729","NOVO ITACOLOMI","PR","02/2026","406","219","0"
"411729","NOVO ITACOLOMI","PR","03/2026","413","196","0"
"411729","NOVO ITACOLOMI","PR","04/2026","434","182","0"
"411729","NOVO ITACOLOMI","PR","05/2026","434","173","0"
"411729","NOVO ITACOLOMI","PR","06/2026","444","166","0"
"411729","NOVO ITACOLOMI","PR","08/2026","433","124","0"
"411730","ORTIGUEIRA","PR","04/2024","6337","1661","0"
"411730","ORTIGUEIRA","PR","08/2026","5312","1292","0"
"411730","ORTIGUEIRA","PR","06/2026","5269","1387","0"
"411730","ORTIGUEIRA","PR","05/2026","5267","1420","0"
"411730","ORTIGUEIRA","PR","04/2026","5256","1380","0"
"411730","ORTIGUEIRA","PR","03/2026","5236","1430","0"
"411730","ORTIGUEIRA","PR","02/2026","5015","1620","0"
"411730","ORTIGUEIRA","PR","05/2025","5644","1854","0"
"411730","ORTIGUEIRA","PR","12/2025","5076","1568","0"
"411730","ORTIGUEIRA","PR","02/2025","5769","1894","0"
"411730","ORTIGUEIRA","PR","03/2025","5674","1922","0"
"411730","ORTIGUEIRA","PR","11/2025","5117","1549","0"
"411730","ORTIGUEIRA","PR","09/2025","5268","1582","0"
"411730","ORTIGUEIRA","PR","08/2025","5386","1605","0"
"411730","ORTIGUEIRA","PR","07/2025","5387","1588","0"
"411730","ORTIGUEIRA","PR","01/2026","5033","1592","0"
"411730","ORTIGUEIRA","PR","10/2025","5240","1611","0"
"411730","ORTIGUEIRA","PR","04/2025","5661","1886","0"
"411730","ORTIGUEIRA","PR","06/2025","5650","1825","0"
"411730","ORTIGUEIRA","PR","08/2024","5985","1759","0"
"411730","ORTIGUEIRA","PR","10/2024","5842","1825","0"
"411730","ORTIGUEIRA","PR","06/2024","6398","1587","0"
"411730","ORTIGUEIRA","PR","05/2024","6403","1619","0"
"411730","ORTIGUEIRA","PR","12/2024","5909","1766","0"
"411730","ORTIGUEIRA","PR","09/2024","6008","1718","0"
"411730","ORTIGUEIRA","PR","03/2024","6392","1630","0"
"411730","ORTIGUEIRA","PR","07/2024","6012","1835","0"
"411730","ORTIGUEIRA","PR","02/2024","6585","1412","0"
"411730","ORTIGUEIRA","PR","01/2025","5750","1889","0"
"411730","ORTIGUEIRA","PR","11/2024","5806","1794","0"
"411730","ORTIGUEIRA","PR","12/2023","6535","1491","0"
"411730","ORTIGUEIRA","PR","03/2023","6990","597","0"
"411730","ORTIGUEIRA","PR","08/2023","6600","1296","0"
"411730","ORTIGUEIRA","PR","01/2024","6498","1468","0"
"411730","ORTIGUEIRA","PR","07/2023","6530","1348","0"
"411730","ORTIGUEIRA","PR","09/2023","6691","1283","0"
"411730","ORTIGUEIRA","PR","10/2023","6774","1269","0"
"411730","ORTIGUEIRA","PR","05/2023","7061","651","0"
"411730","ORTIGUEIRA","PR","06/2023","7020","678","0"
"411730","ORTIGUEIRA","PR","04/2023","7033","635","0"
"411730","ORTIGUEIRA","PR","02/2023","7308","660","0"
"411730","ORTIGUEIRA","PR","11/2023","6471","1537","0"
"411740","OURIZONA","PR","10/2023","286","63","0"
"411740","OURIZONA","PR","11/2023","260","94","0"
"411740","OURIZONA","PR","01/2024","268","91","0"
"411740","OURIZONA","PR","12/2023","267","91","0"
"411740","OURIZONA","PR","06/2023","291","37","0"
"411740","OURIZONA","PR","03/2023","286","41","0"
"411740","OURIZONA","PR","02/2023","288","46","0"
"411740","OURIZONA","PR","05/2023","289","37","0"
"411740","OURIZONA","PR","04/2023","295","37","0"
"411740","OURIZONA","PR","09/2023","290","58","0"
"411740","OURIZONA","PR","07/2023","290","64","0"
"411740","OURIZONA","PR","08/2023","285","59","0"
"411740","OURIZONA","PR","11/2024","222","127","0"
"411740","OURIZONA","PR","08/2024","233","134","0"
"411740","OURIZONA","PR","02/2024","271","91","0"
"411740","OURIZONA","PR","10/2024","219","132","0"
"411740","OURIZONA","PR","05/2024","257","105","0"
"411740","OURIZONA","PR","09/2024","231","126","0"
"411740","OURIZONA","PR","04/2024","253","103","0"
"411740","OURIZONA","PR","03/2024","256","103","0"
"411740","OURIZONA","PR","01/2025","204","116","0"
"411740","OURIZONA","PR","06/2024","265","105","0"
"411740","OURIZONA","PR","07/2024","238","131","0"
"411740","OURIZONA","PR","12/2024","227","109","0"
"411740","OURIZONA","PR","01/2026","175","84","0"
"411740","OURIZONA","PR","07/2025","166","130","0"
"411740","OURIZONA","PR","06/2025","202","119","0"
"411740","OURIZONA","PR","12/2025","176","91","0"
"411740","OURIZONA","PR","02/2025","210","119","0"
"411740","OURIZONA","PR","10/2025","167","108","0"
"411740","OURIZONA","PR","11/2025","171","94","0"
"411740","OURIZONA","PR","08/2025","164","126","0"
"411740","OURIZONA","PR","03/2025","202","125","0"
"411740","OURIZONA","PR","09/2025","167","113","0"
"411740","OURIZONA","PR","05/2025","202","119","0"
"411740","OURIZONA","PR","04/2025","202","119","0"
"411740","OURIZONA","PR","02/2026","177","88","0"
"411740","OURIZONA","PR","03/2026","190","76","0"
"411740","OURIZONA","PR","04/2026","187","70","0"
"411740","OURIZONA","PR","05/2026","182","66","0"
"411740","OURIZONA","PR","06/2026","179","73","0"
"411740","OURIZONA","PR","08/2026","185","55","0"
"411745","OURO VERDE DO OESTE","PR","08/2023","432","236","0"
"411745","OURO VERDE DO OESTE","PR","02/2023","525","173","0"
"411745","OURO VERDE DO OESTE","PR","05/2023","536","154","0"
"411745","OURO VERDE DO OESTE","PR","06/2023","518","161","0"
"411745","OURO VERDE DO OESTE","PR","11/2023","473","250","0"
"411745","OURO VERDE DO OESTE","PR","12/2023","505","241","0"
"411745","OURO VERDE DO OESTE","PR","10/2023","474","234","0"
"411745","OURO VERDE DO OESTE","PR","03/2023","508","152","0"
"411745","OURO VERDE DO OESTE","PR","07/2023","439","252","0"
"411745","OURO VERDE DO OESTE","PR","04/2023","497","169","0"
"411745","OURO VERDE DO OESTE","PR","09/2023","460","228","0"
"411745","OURO VERDE DO OESTE","PR","01/2024","522","219","0"
"411745","OURO VERDE DO OESTE","PR","02/2024","545","219","0"
"411745","OURO VERDE DO OESTE","PR","05/2024","561","244","0"
"411745","OURO VERDE DO OESTE","PR","10/2024","524","213","0"
"411745","OURO VERDE DO OESTE","PR","01/2025","525","214","0"
"411745","OURO VERDE DO OESTE","PR","08/2024","522","223","0"
"411745","OURO VERDE DO OESTE","PR","07/2024","526","223","0"
"411745","OURO VERDE DO OESTE","PR","12/2024","540","200","0"
"411745","OURO VERDE DO OESTE","PR","06/2024","559","212","0"
"411745","OURO VERDE DO OESTE","PR","09/2024","522","211","0"
"411745","OURO VERDE DO OESTE","PR","04/2024","550","244","0"
"411745","OURO VERDE DO OESTE","PR","11/2024","514","195","0"
"411745","OURO VERDE DO OESTE","PR","03/2024","528","266","0"
"411745","OURO VERDE DO OESTE","PR","06/2025","522","210","0"
"411745","OURO VERDE DO OESTE","PR","02/2025","523","210","0"
"411745","OURO VERDE DO OESTE","PR","01/2026","541","211","0"
"411745","OURO VERDE DO OESTE","PR","07/2025","467","217","0"
"411745","OURO VERDE DO OESTE","PR","11/2025","505","212","0"
"411745","OURO VERDE DO OESTE","PR","03/2025","528","211","0"
"411745","OURO VERDE DO OESTE","PR","12/2025","546","213","0"
"411745","OURO VERDE DO OESTE","PR","09/2025","508","213","0"
"411745","OURO VERDE DO OESTE","PR","04/2025","526","205","0"
"411745","OURO VERDE DO OESTE","PR","08/2025","505","218","0"
"411745","OURO VERDE DO OESTE","PR","10/2025","534","190","0"
"411745","OURO VERDE DO OESTE","PR","05/2025","524","209","0"
"411745","OURO VERDE DO OESTE","PR","02/2026","539","212","0"
"411745","OURO VERDE DO OESTE","PR","03/2026","512","198","0"
"411745","OURO VERDE DO OESTE","PR","04/2026","598","176","0"
"411745","OURO VERDE DO OESTE","PR","05/2026","573","187","0"
"411745","OURO VERDE DO OESTE","PR","06/2026","586","198","0"
"411745","OURO VERDE DO OESTE","PR","08/2026","606","193","0"
"411750","PAIÇANDU","PR","05/2023","6926","621","0"
"411750","PAIÇANDU","PR","12/2023","5337","1824","0"
"411750","PAIÇANDU","PR","06/2023","6885","671","0"
"411750","PAIÇANDU","PR","07/2023","5589","1846","0"
"411750","PAIÇANDU","PR","09/2023","5696","1691","0"
"411750","PAIÇANDU","PR","08/2023","5656","1734","0"
"411750","PAIÇANDU","PR","03/2023","7087","495","0"
"411750","PAIÇANDU","PR","02/2023","7480","546","0"
"411750","PAIÇANDU","PR","04/2023","7050","547","0"
"411750","PAIÇANDU","PR","10/2023","5730","1647","0"
"411750","PAIÇANDU","PR","11/2023","5357","1864","0"
"411750","PAIÇANDU","PR","01/2024","5354","1780","0"
"411750","PAIÇANDU","PR","02/2024","5279","1689","0"
"411750","PAIÇANDU","PR","07/2024","5739","1791","0"
"411750","PAIÇANDU","PR","05/2024","4985","1719","0"
"411750","PAIÇANDU","PR","04/2024","5033","1816","0"
"411750","PAIÇANDU","PR","12/2024","5869","1891","0"
"411750","PAIÇANDU","PR","06/2024","4955","1687","0"
"411750","PAIÇANDU","PR","03/2024","4976","1847","0"
"411750","PAIÇANDU","PR","01/2025","5456","2106","0"
"411750","PAIÇANDU","PR","10/2024","5708","1910","0"
"411750","PAIÇANDU","PR","09/2024","5713","1693","0"
"411750","PAIÇANDU","PR","11/2024","5711","1913","0"
"411750","PAIÇANDU","PR","08/2024","5683","1776","0"
"411750","PAIÇANDU","PR","10/2025","4729","1927","0"
"411750","PAIÇANDU","PR","02/2025","5681","2074","0"
"411750","PAIÇANDU","PR","04/2025","5612","2157","0"
"411750","PAIÇANDU","PR","09/2025","4911","1836","0"
"411750","PAIÇANDU","PR","06/2025","5660","2096","0"
"411750","PAIÇANDU","PR","01/2026","4994","1987","0"
"411750","PAIÇANDU","PR","07/2025","5348","1832","0"
"411750","PAIÇANDU","PR","08/2025","5029","1851","0"
"411750","PAIÇANDU","PR","12/2025","5139","1858","0"
"411750","PAIÇANDU","PR","03/2025","5631","2170","0"
"411750","PAIÇANDU","PR","11/2025","4648","1859","0"
"411750","PAIÇANDU","PR","05/2025","5612","2108","0"
"411750","PAIÇANDU","PR","02/2026","4891","2103","0"
"411750","PAIÇANDU","PR","03/2026","4698","2059","0"
"411750","PAIÇANDU","PR","04/2026","4851","2119","0"
"411750","PAIÇANDU","PR","05/2026","4741","2138","0"
"411750","PAIÇANDU","PR","06/2026","4682","2181","0"
"411750","PAIÇANDU","PR","08/2026","4347","2041","0"
"411760","PALMAS","PR","11/2023","8070","2586","0"
"411760","PALMAS","PR","03/2023","8194","1417","0"
"411760","PALMAS","PR","06/2023","8476","1433","0"
"411760","PALMAS","PR","12/2023","8227","2537","0"
"411760","PALMAS","PR","04/2023","8436","1356","0"
"411760","PALMAS","PR","07/2023","7654","2607","0"
"411760","PALMAS","PR","01/2024","8283","2450","0"
"411760","PALMAS","PR","05/2023","8506","1406","0"
"411760","PALMAS","PR","08/2023","7915","2377","0"
"411760","PALMAS","PR","02/2023","8315","1514","0"
"411760","PALMAS","PR","09/2023","8298","2223","0"
"411760","PALMAS","PR","10/2023","8557","2158","0"
"411760","PALMAS","PR","06/2024","8649","2449","0"
"411760","PALMAS","PR","11/2024","7875","2604","0"
"411760","PALMAS","PR","07/2024","8052","2834","0"
"411760","PALMAS","PR","03/2024","8214","2606","0"
"411760","PALMAS","PR","01/2025","7471","2716","0"
"411760","PALMAS","PR","12/2024","7890","2491","0"
"411760","PALMAS","PR","09/2024","8009","2670","0"
"411760","PALMAS","PR","05/2024","8574","2492","0"
"411760","PALMAS","PR","04/2024","8468","2549","0"
"411760","PALMAS","PR","10/2024","7902","2809","0"
"411760","PALMAS","PR","02/2024","8465","2369","0"
"411760","PALMAS","PR","08/2024","8036","2769","0"
"411760","PALMAS","PR","02/2025","7451","2698","0"
"411760","PALMAS","PR","03/2025","7466","2883","0"
"411760","PALMAS","PR","06/2025","7503","2792","0"
"411760","PALMAS","PR","12/2025","6387","2462","0"
"411760","PALMAS","PR","09/2025","6183","2745","0"
"411760","PALMAS","PR","07/2025","6676","2875","0"
"411760","PALMAS","PR","01/2026","6381","2497","0"
"411760","PALMAS","PR","10/2025","6054","2783","0"
"411760","PALMAS","PR","11/2025","5994","2599","0"
"411760","PALMAS","PR","04/2025","7501","2826","0"
"411760","PALMAS","PR","08/2025","6311","2815","0"
"411760","PALMAS","PR","05/2025","7493","2794","0"
"411760","PALMAS","PR","02/2026","6330","2625","0"
"411760","PALMAS","PR","03/2026","6289","2412","0"
"411760","PALMAS","PR","04/2026","6655","2360","0"
"411760","PALMAS","PR","05/2026","6620","2317","0"
"411760","PALMAS","PR","06/2026","6642","2353","0"
"411760","PALMAS","PR","08/2026","6565","2277","0"
"411770","PALMEIRA","PR","12/2023","2694","824","0"
"411770","PALMEIRA","PR","11/2023","2654","870","0"
"411770","PALMEIRA","PR","04/2023","2899","396","0"
"411770","PALMEIRA","PR","01/2024","2737","825","0"
"411770","PALMEIRA","PR","06/2023","2851","448","0"
"411770","PALMEIRA","PR","05/2023","2889","399","0"
"411770","PALMEIRA","PR","02/2023","3057","449","0"
"411770","PALMEIRA","PR","10/2023","2838","707","0"
"411770","PALMEIRA","PR","07/2023","2638","769","0"
"411770","PALMEIRA","PR","09/2023","2791","710","0"
"411770","PALMEIRA","PR","03/2023","2823","410","0"
"411770","PALMEIRA","PR","08/2023","2689","744","0"
"411770","PALMEIRA","PR","01/2025","2669","1033","0"
"411770","PALMEIRA","PR","02/2024","2725","798","0"
"411770","PALMEIRA","PR","11/2024","2633","989","0"
"411770","PALMEIRA","PR","05/2024","2746","899","0"
"411770","PALMEIRA","PR","03/2024","2633","921","0"
"411770","PALMEIRA","PR","04/2024","2683","890","0"
"411770","PALMEIRA","PR","09/2024","2626","985","0"
"411770","PALMEIRA","PR","10/2024","2612","1029","0"
"411770","PALMEIRA","PR","07/2024","2626","1037","0"
"411770","PALMEIRA","PR","12/2024","2718","984","0"
"411770","PALMEIRA","PR","08/2024","2633","1000","0"
"411770","PALMEIRA","PR","06/2024","2781","898","0"
"411770","PALMEIRA","PR","08/2025","2441","940","0"
"411770","PALMEIRA","PR","10/2025","2492","930","0"
"411770","PALMEIRA","PR","09/2025","2474","955","0"
"411770","PALMEIRA","PR","01/2026","2635","907","0"
"411770","PALMEIRA","PR","06/2025","2636","1041","0"
"411770","PALMEIRA","PR","02/2025","2673","1018","0"
"411770","PALMEIRA","PR","12/2025","2652","895","0"
"411770","PALMEIRA","PR","03/2025","2632","1071","0"
"411770","PALMEIRA","PR","11/2025","2495","870","0"
"411770","PALMEIRA","PR","07/2025","2500","965","0"
"411770","PALMEIRA","PR","05/2025","2633","1072","0"
"411770","PALMEIRA","PR","04/2025","2638","1074","0"
"411770","PALMEIRA","PR","02/2026","2597","917","0"
"411770","PALMEIRA","PR","03/2026","2598","875","0"
"411770","PALMEIRA","PR","04/2026","2775","874","0"
"411770","PALMEIRA","PR","05/2026","2744","862","0"
"411770","PALMEIRA","PR","06/2026","2780","849","0"
"411770","PALMEIRA","PR","08/2026","2818","762","0"
"411780","PALMITAL","PR","04/2023","3760","479","0"
"411780","PALMITAL","PR","11/2023","3233","1140","0"
"411780","PALMITAL","PR","06/2023","3622","627","0"
"411780","PALMITAL","PR","12/2023","3199","1172","0"
"411780","PALMITAL","PR","07/2023","3366","989","0"
"411780","PALMITAL","PR","05/2023","3659","570","0"
"411780","PALMITAL","PR","03/2023","3808","434","0"
"411780","PALMITAL","PR","09/2023","3393","963","0"
"411780","PALMITAL","PR","01/2024","3208","1140","0"
"411780","PALMITAL","PR","02/2023","3937","382","0"
"411780","PALMITAL","PR","10/2023","3410","972","0"
"411780","PALMITAL","PR","08/2023","3396","920","0"
"411780","PALMITAL","PR","03/2024","3173","1151","0"
"411780","PALMITAL","PR","04/2024","3166","1159","0"
"411780","PALMITAL","PR","07/2024","3081","1207","0"
"411780","PALMITAL","PR","06/2024","3234","1115","0"
"411780","PALMITAL","PR","08/2024","3088","1161","0"
"411780","PALMITAL","PR","12/2024","3260","1037","0"
"411780","PALMITAL","PR","09/2024","3090","1097","0"
"411780","PALMITAL","PR","05/2024","3218","1138","0"
"411780","PALMITAL","PR","10/2024","3135","1119","0"
"411780","PALMITAL","PR","01/2025","3095","1112","0"
"411780","PALMITAL","PR","11/2024","3168","1062","0"
"411780","PALMITAL","PR","02/2024","3256","1130","0"
"411780","PALMITAL","PR","09/2025","2695","920","0"
"411780","PALMITAL","PR","06/2025","3049","1033","0"
"411780","PALMITAL","PR","01/2026","2828","789","0"
"411780","PALMITAL","PR","07/2025","2826","962","0"
"411780","PALMITAL","PR","02/2025","3127","1094","0"
"411780","PALMITAL","PR","12/2025","2855","772","0"
"411780","PALMITAL","PR","10/2025","2645","940","0"
"411780","PALMITAL","PR","11/2025","2665","802","0"
"411780","PALMITAL","PR","03/2025","3102","1097","0"
"411780","PALMITAL","PR","05/2025","3054","1053","0"
"411780","PALMITAL","PR","08/2025","2761","951","0"
"411780","PALMITAL","PR","04/2025","3054","1101","0"
"411780","PALMITAL","PR","02/2026","2808","793","0"
"411780","PALMITAL","PR","03/2026","2787","794","0"
"411780","PALMITAL","PR","04/2026","3026","718","0"
"411780","PALMITAL","PR","05/2026","3033","704","0"
"411780","PALMITAL","PR","06/2026","3055","715","0"
"411780","PALMITAL","PR","08/2026","3122","661","0"
"411790","PALOTINA","PR","10/2023","2294","660","0"
"411790","PALOTINA","PR","11/2023","2158","834","0"
"411790","PALOTINA","PR","12/2023","2175","850","0"
"411790","PALOTINA","PR","03/2023","2385","291","0"
"411790","PALOTINA","PR","08/2023","2219","659","0"
"411790","PALOTINA","PR","04/2023","2478","266","0"
"411790","PALOTINA","PR","02/2023","2432","319","0"
"411790","PALOTINA","PR","09/2023","2275","653","0"
"411790","PALOTINA","PR","07/2023","2159","695","0"
"411790","PALOTINA","PR","05/2023","2497","289","0"
"411790","PALOTINA","PR","01/2024","2183","851","0"
"411790","PALOTINA","PR","06/2023","2475","301","0"
"411790","PALOTINA","PR","01/2025","1944","1133","0"
"411790","PALOTINA","PR","11/2024","1996","1037","0"
"411790","PALOTINA","PR","02/2024","2228","788","0"
"411790","PALOTINA","PR","12/2024","2062","1027","0"
"411790","PALOTINA","PR","04/2024","2131","898","0"
"411790","PALOTINA","PR","07/2024","2026","1059","0"
"411790","PALOTINA","PR","05/2024","2138","913","0"
"411790","PALOTINA","PR","03/2024","2050","911","0"
"411790","PALOTINA","PR","10/2024","2000","1063","0"
"411790","PALOTINA","PR","06/2024","2180","913","0"
"411790","PALOTINA","PR","09/2024","2047","987","0"
"411790","PALOTINA","PR","08/2024","2018","1002","0"
"411790","PALOTINA","PR","12/2025","1840","826","0"
"411790","PALOTINA","PR","08/2025","1624","960","0"
"411790","PALOTINA","PR","04/2025","1875","1124","0"
"411790","PALOTINA","PR","06/2025","1884","1104","0"
"411790","PALOTINA","PR","01/2026","1801","867","0"
"411790","PALOTINA","PR","07/2025","1719","1003","0"
"411790","PALOTINA","PR","10/2025","1658","933","0"
"411790","PALOTINA","PR","02/2025","1939","1112","0"
"411790","PALOTINA","PR","11/2025","1658","856","0"
"411790","PALOTINA","PR","03/2025","1881","1127","0"
"411790","PALOTINA","PR","09/2025","1693","936","0"
"411790","PALOTINA","PR","05/2025","1874","1115","0"
"411790","PALOTINA","PR","02/2026","1780","853","0"
"411790","PALOTINA","PR","03/2026","1924","740","0"
"411790","PALOTINA","PR","04/2026","1977","733","0"
"411790","PALOTINA","PR","05/2026","2044","689","0"
"411790","PALOTINA","PR","06/2026","2046","700","0"
"411790","PALOTINA","PR","08/2026","2023","677","0"
"411800","PARAÍSO DO NORTE","PR","02/2023","965","234","0"
"411800","PARAÍSO DO NORTE","PR","10/2023","825","335","0"
"411800","PARAÍSO DO NORTE","PR","03/2023","990","217","0"
"411800","PARAÍSO DO NORTE","PR","11/2023","774","355","0"
"411800","PARAÍSO DO NORTE","PR","12/2023","776","355","0"
"411800","PARAÍSO DO NORTE","PR","08/2023","792","349","0"
"411800","PARAÍSO DO NORTE","PR","06/2023","955","256","0"
"411800","PARAÍSO DO NORTE","PR","09/2023","829","330","0"
"411800","PARAÍSO DO NORTE","PR","07/2023","769","373","0"
"411800","PARAÍSO DO NORTE","PR","05/2023","944","260","0"
"411800","PARAÍSO DO NORTE","PR","04/2023","968","234","0"
"411800","PARAÍSO DO NORTE","PR","01/2024","787","334","0"
"411800","PARAÍSO DO NORTE","PR","01/2025","831","369","0"
"411800","PARAÍSO DO NORTE","PR","03/2024","732","317","0"
"411800","PARAÍSO DO NORTE","PR","04/2024","718","319","0"
"411800","PARAÍSO DO NORTE","PR","07/2024","826","374","0"
"411800","PARAÍSO DO NORTE","PR","12/2024","810","378","0"
"411800","PARAÍSO DO NORTE","PR","05/2024","700","318","0"
"411800","PARAÍSO DO NORTE","PR","02/2024","784","310","0"
"411800","PARAÍSO DO NORTE","PR","06/2024","687","306","0"
"411800","PARAÍSO DO NORTE","PR","09/2024","800","342","0"
"411800","PARAÍSO DO NORTE","PR","11/2024","779","388","0"
"411800","PARAÍSO DO NORTE","PR","10/2024","775","378","0"
"411800","PARAÍSO DO NORTE","PR","08/2024","810","383","0"
"411800","PARAÍSO DO NORTE","PR","02/2025","841","364","0"
"411800","PARAÍSO DO NORTE","PR","08/2025","752","373","0"
"411800","PARAÍSO DO NORTE","PR","04/2025","805","372","0"
"411800","PARAÍSO DO NORTE","PR","12/2025","780","394","0"
"411800","PARAÍSO DO NORTE","PR","09/2025","717","382","0"
"411800","PARAÍSO DO NORTE","PR","11/2025","710","388","0"
"411800","PARAÍSO DO NORTE","PR","03/2025","827","380","0"
"411800","PARAÍSO DO NORTE","PR","01/2026","781","391","0"
"411800","PARAÍSO DO NORTE","PR","06/2025","802","365","0"
"411800","PARAÍSO DO NORTE","PR","07/2025","778","381","0"
"411800","PARAÍSO DO NORTE","PR","10/2025","725","382","0"
"411800","PARAÍSO DO NORTE","PR","05/2025","802","372","0"
"411800","PARAÍSO DO NORTE","PR","02/2026","792","385","0"
"411800","PARAÍSO DO NORTE","PR","03/2026","766","393","0"
"411800","PARAÍSO DO NORTE","PR","04/2026","780","399","0"
"411800","PARAÍSO DO NORTE","PR","05/2026","783","402","0"
"411800","PARAÍSO DO NORTE","PR","06/2026","818","385","0"
"411800","PARAÍSO DO NORTE","PR","08/2026","848","347","0"
"411810","PARANACITY","PR","05/2023","1303","261","0"
"411810","PARANACITY","PR","02/2023","1352","276","0"
"411810","PARANACITY","PR","08/2023","1274","345","0"
"411810","PARANACITY","PR","12/2023","1356","391","0"
"411810","PARANACITY","PR","06/2023","1287","274","0"
"411810","PARANACITY","PR","07/2023","1202","392","0"
"411810","PARANACITY","PR","09/2023","1312","354","0"
"411810","PARANACITY","PR","11/2023","1312","392","0"
"411810","PARANACITY","PR","01/2024","1351","382","0"
"411810","PARANACITY","PR","04/2023","1291","244","0"
"411810","PARANACITY","PR","10/2023","1378","344","0"
"411810","PARANACITY","PR","03/2023","1281","257","0"
"411810","PARANACITY","PR","11/2024","1094","386","0"
"411810","PARANACITY","PR","08/2024","1060","451","0"
"411810","PARANACITY","PR","02/2024","1383","371","0"
"411810","PARANACITY","PR","10/2024","1082","418","0"
"411810","PARANACITY","PR","06/2024","1218","438","0"
"411810","PARANACITY","PR","01/2025","1097","372","0"
"411810","PARANACITY","PR","07/2024","1091","460","0"
"411810","PARANACITY","PR","12/2024","1154","368","0"
"411810","PARANACITY","PR","05/2024","1239","432","0"
"411810","PARANACITY","PR","03/2024","1267","430","0"
"411810","PARANACITY","PR","04/2024","1240","423","0"
"411810","PARANACITY","PR","09/2024","1080","420","0"
"411810","PARANACITY","PR","06/2025","1175","354","0"
"411810","PARANACITY","PR","01/2026","1096","343","0"
"411810","PARANACITY","PR","11/2025","1039","335","0"
"411810","PARANACITY","PR","07/2025","1114","350","0"
"411810","PARANACITY","PR","02/2025","1165","365","0"
"411810","PARANACITY","PR","10/2025","1040","376","0"
"411810","PARANACITY","PR","03/2025","1172","366","0"
"411810","PARANACITY","PR","12/2025","1082","330","0"
"411810","PARANACITY","PR","09/2025","1056","364","0"
"411810","PARANACITY","PR","05/2025","1175","355","0"
"411810","PARANACITY","PR","08/2025","1074","367","0"
"411810","PARANACITY","PR","04/2025","1175","360","0"
"411810","PARANACITY","PR","02/2026","1075","367","0"
"411810","PARANACITY","PR","03/2026","1071","331","0"
"411810","PARANACITY","PR","04/2026","1060","315","0"
"411810","PARANACITY","PR","05/2026","1148","301","0"
"411810","PARANACITY","PR","06/2026","1199","294","0"
"411810","PARANACITY","PR","08/2026","1214","260","0"
"411820","PARANAGUÁ","PR","08/2023","27181","3701","0"
"411820","PARANAGUÁ","PR","03/2023","27821","1105","0"
"411820","PARANAGUÁ","PR","02/2023","28105","1169","0"
"411820","PARANAGUÁ","PR","11/2023","27486","4882","0"
"411820","PARANAGUÁ","PR","12/2023","27971","4744","0"
"411820","PARANAGUÁ","PR","01/2024","28108","4613","0"
"411820","PARANAGUÁ","PR","09/2023","27970","3551","0"
"411820","PARANAGUÁ","PR","06/2023","27420","1092","0"
"411820","PARANAGUÁ","PR","07/2023","23995","3941","0"
"411820","PARANAGUÁ","PR","04/2023","27844","1061","0"
"411820","PARANAGUÁ","PR","05/2023","27449","1069","0"
"411820","PARANAGUÁ","PR","10/2023","28787","3459","0"
"411820","PARANAGUÁ","PR","01/2025","25845","6239","0"
"411820","PARANAGUÁ","PR","12/2024","27092","5581","0"
"411820","PARANAGUÁ","PR","04/2024","26776","5400","0"
"411820","PARANAGUÁ","PR","03/2024","26850","5508","0"
"411820","PARANAGUÁ","PR","06/2024","26754","5055","0"
"411820","PARANAGUÁ","PR","05/2024","26685","5213","0"
"411820","PARANAGUÁ","PR","02/2024","28491","4430","0"
"411820","PARANAGUÁ","PR","07/2024","27114","5676","0"
"411820","PARANAGUÁ","PR","08/2024","27052","5483","0"
"411820","PARANAGUÁ","PR","09/2024","27068","5254","0"
"411820","PARANAGUÁ","PR","10/2024","26689","5864","0"
"411820","PARANAGUÁ","PR","11/2024","26789","5748","0"
"411820","PARANAGUÁ","PR","01/2026","24625","5491","0"
"411820","PARANAGUÁ","PR","11/2025","22638","5225","0"
"411820","PARANAGUÁ","PR","03/2025","25651","6613","0"
"411820","PARANAGUÁ","PR","02/2025","25911","6198","0"
"411820","PARANAGUÁ","PR","10/2025","22938","5803","0"
"411820","PARANAGUÁ","PR","12/2025","24644","5103","0"
"411820","PARANAGUÁ","PR","04/2025","25666","6542","0"
"411820","PARANAGUÁ","PR","07/2025","24529","6032","0"
"411820","PARANAGUÁ","PR","06/2025","25810","6507","0"
"411820","PARANAGUÁ","PR","08/2025","24143","6209","0"
"411820","PARANAGUÁ","PR","09/2025","23760","6230","0"
"411820","PARANAGUÁ","PR","05/2025","25633","6486","0"
"411820","PARANAGUÁ","PR","02/2026","23613","5421","0"
"411820","PARANAGUÁ","PR","03/2026","23648","5191","0"
"411820","PARANAGUÁ","PR","04/2026","24952","5214","0"
"411820","PARANAGUÁ","PR","05/2026","25156","5002","0"
"411820","PARANAGUÁ","PR","06/2026","25753","5011","0"
"411820","PARANAGUÁ","PR","08/2026","25787","4742","0"
"411830","PARANAPOEMA","PR","01/2024","319","169","0"
"411830","PARANAPOEMA","PR","11/2023","300","178","0"
"411830","PARANAPOEMA","PR","06/2023","287","177","0"
"411830","PARANAPOEMA","PR","10/2023","315","168","0"
"411830","PARANAPOEMA","PR","09/2023","307","176","0"
"411830","PARANAPOEMA","PR","12/2023","311","176","0"
"411830","PARANAPOEMA","PR","04/2023","280","160","0"
"411830","PARANAPOEMA","PR","07/2023","288","197","0"
"411830","PARANAPOEMA","PR","03/2023","285","156","0"
"411830","PARANAPOEMA","PR","02/2023","325","165","0"
"411830","PARANAPOEMA","PR","05/2023","287","176","0"
"411830","PARANAPOEMA","PR","08/2023","300","174","0"
"411830","PARANAPOEMA","PR","04/2024","325","173","0"
"411830","PARANAPOEMA","PR","03/2024","315","179","0"
"411830","PARANAPOEMA","PR","06/2024","317","178","0"
"411830","PARANAPOEMA","PR","02/2024","327","169","0"
"411830","PARANAPOEMA","PR","09/2024","279","179","0"
"411830","PARANAPOEMA","PR","11/2024","288","157","0"
"411830","PARANAPOEMA","PR","10/2024","276","174","0"
"411830","PARANAPOEMA","PR","12/2024","287","150","0"
"411830","PARANAPOEMA","PR","05/2024","328","175","0"
"411830","PARANAPOEMA","PR","07/2024","284","194","0"
"411830","PARANAPOEMA","PR","01/2025","279","160","0"
"411830","PARANAPOEMA","PR","08/2024","269","211","0"
"411830","PARANAPOEMA","PR","09/2025","266","105","0"
"411830","PARANAPOEMA","PR","04/2025","290","140","0"
"411830","PARANAPOEMA","PR","06/2025","292","136","0"
"411830","PARANAPOEMA","PR","12/2025","277","87","0"
"411830","PARANAPOEMA","PR","10/2025","266","103","0"
"411830","PARANAPOEMA","PR","01/2026","273","81","0"
"411830","PARANAPOEMA","PR","11/2025","268","84","0"
"411830","PARANAPOEMA","PR","07/2025","255","124","0"
"411830","PARANAPOEMA","PR","03/2025","293","152","0"
"411830","PARANAPOEMA","PR","02/2025","281","160","0"
"411830","PARANAPOEMA","PR","08/2025","262","116","0"
"411830","PARANAPOEMA","PR","05/2025","290","140","0"
"411830","PARANAPOEMA","PR","02/2026","262","80","0"
"411830","PARANAPOEMA","PR","03/2026","282","69","0"
"411830","PARANAPOEMA","PR","04/2026","291","67","0"
"411830","PARANAPOEMA","PR","05/2026","307","64","0"
"411830","PARANAPOEMA","PR","06/2026","316","47","0"
"411830","PARANAPOEMA","PR","08/2026","321","42","0"
"411840","PARANAVAÍ","PR","02/2023","11956","1484","0"
"411840","PARANAVAÍ","PR","08/2023","9963","2669","0"
"411840","PARANAVAÍ","PR","03/2023","11798","1349","0"
"411840","PARANAVAÍ","PR","01/2024","10873","2770","0"
"411840","PARANAVAÍ","PR","12/2023","10788","2901","0"
"411840","PARANAVAÍ","PR","04/2023","11650","1361","0"
"411840","PARANAVAÍ","PR","11/2023","10818","2938","0"
"411840","PARANAVAÍ","PR","07/2023","9851","2977","0"
"411840","PARANAVAÍ","PR","05/2023","11537","1477","0"
"411840","PARANAVAÍ","PR","09/2023","10087","2533","0"
"411840","PARANAVAÍ","PR","10/2023","10128","2472","0"
"411840","PARANAVAÍ","PR","06/2023","11486","1571","0"
"411840","PARANAVAÍ","PR","08/2024","9833","3114","0"
"411840","PARANAVAÍ","PR","03/2024","10050","3185","0"
"411840","PARANAVAÍ","PR","12/2024","9423","3111","0"
"411840","PARANAVAÍ","PR","02/2024","10752","2691","0"
"411840","PARANAVAÍ","PR","05/2024","10022","3072","0"
"411840","PARANAVAÍ","PR","06/2024","10039","3002","0"
"411840","PARANAVAÍ","PR","01/2025","8973","3247","0"
"411840","PARANAVAÍ","PR","04/2024","10059","3161","0"
"411840","PARANAVAÍ","PR","10/2024","9419","3240","0"
"411840","PARANAVAÍ","PR","07/2024","9847","3227","0"
"411840","PARANAVAÍ","PR","09/2024","9911","3015","0"
"411840","PARANAVAÍ","PR","11/2024","9414","3235","0"
"411840","PARANAVAÍ","PR","05/2025","9238","3175","0"
"411840","PARANAVAÍ","PR","01/2026","8601","2628","0"
"411840","PARANAVAÍ","PR","02/2025","9003","3223","0"
"411840","PARANAVAÍ","PR","03/2025","9255","3318","0"
"411840","PARANAVAÍ","PR","04/2025","9251","3237","0"
"411840","PARANAVAÍ","PR","12/2025","8688","2501","0"
"411840","PARANAVAÍ","PR","06/2025","9246","3138","0"
"411840","PARANAVAÍ","PR","09/2025","8282","2712","0"
"411840","PARANAVAÍ","PR","07/2025","8743","2734","0"
"411840","PARANAVAÍ","PR","10/2025","8225","2757","0"
"411840","PARANAVAÍ","PR","11/2025","8223","2576","0"
"411840","PARANAVAÍ","PR","08/2025","8403","2778","0"
"411840","PARANAVAÍ","PR","02/2026","8550","2672","0"
"411840","PARANAVAÍ","PR","03/2026","8493","2473","0"
"411840","PARANAVAÍ","PR","04/2026","8426","2435","0"
"411840","PARANAVAÍ","PR","05/2026","9154","2360","0"
"411840","PARANAVAÍ","PR","06/2026","9357","2388","0"
"411840","PARANAVAÍ","PR","08/2026","9474","2141","0"
"411845","PATO BRAGADO","PR","05/2023","407","109","0"
"411845","PATO BRAGADO","PR","10/2023","401","141","0"
"411845","PATO BRAGADO","PR","01/2024","419","141","0"
"411845","PATO BRAGADO","PR","11/2023","393","143","0"
"411845","PATO BRAGADO","PR","12/2023","413","138","0"
"411845","PATO BRAGADO","PR","02/2023","485","90","0"
"411845","PATO BRAGADO","PR","03/2023","423","91","0"
"411845","PATO BRAGADO","PR","04/2023","436","84","0"
"411845","PATO BRAGADO","PR","07/2023","322","162","0"
"411845","PATO BRAGADO","PR","09/2023","395","145","0"
"411845","PATO BRAGADO","PR","06/2023","386","115","0"
"411845","PATO BRAGADO","PR","08/2023","336","135","0"
"411845","PATO BRAGADO","PR","12/2024","355","223","0"
"411845","PATO BRAGADO","PR","02/2024","408","136","0"
"411845","PATO BRAGADO","PR","05/2024","392","154","0"
"411845","PATO BRAGADO","PR","01/2025","309","256","0"
"411845","PATO BRAGADO","PR","06/2024","398","153","0"
"411845","PATO BRAGADO","PR","11/2024","332","229","0"
"411845","PATO BRAGADO","PR","07/2024","342","209","0"
"411845","PATO BRAGADO","PR","03/2024","388","130","0"
"411845","PATO BRAGADO","PR","09/2024","328","224","0"
"411845","PATO BRAGADO","PR","10/2024","327","228","0"
"411845","PATO BRAGADO","PR","08/2024","323","230","0"
"411845","PATO BRAGADO","PR","04/2024","392","136","0"
"411845","PATO BRAGADO","PR","05/2025","276","271","0"
"411845","PATO BRAGADO","PR","01/2026","231","221","0"
"411845","PATO BRAGADO","PR","06/2025","273","271","0"
"411845","PATO BRAGADO","PR","07/2025","233","252","0"
"411845","PATO BRAGADO","PR","02/2025","314","251","0"
"411845","PATO BRAGADO","PR","11/2025","187","232","0"
"411845","PATO BRAGADO","PR","03/2025","290","278","0"
"411845","PATO BRAGADO","PR","12/2025","219","240","0"
"411845","PATO BRAGADO","PR","10/2025","204","247","0"
"411845","PATO BRAGADO","PR","08/2025","237","241","0"
"411845","PATO BRAGADO","PR","09/2025","208","244","0"
"411845","PATO BRAGADO","PR","04/2025","281","279","0"
"411845","PATO BRAGADO","PR","02/2026","240","232","0"
"411845","PATO BRAGADO","PR","03/2026","288","214","0"
"411845","PATO BRAGADO","PR","04/2026","318","199","0"
"411845","PATO BRAGADO","PR","05/2026","323","205","0"
"411845","PATO BRAGADO","PR","06/2026","350","186","0"
"411845","PATO BRAGADO","PR","08/2026","369","170","0"
"411850","PATO BRANCO","PR","10/2023","5807","2287","0"
"411850","PATO BRANCO","PR","02/2023","6476","1182","0"
"411850","PATO BRANCO","PR","12/2023","5475","2560","0"
"411850","PATO BRANCO","PR","06/2023","6243","1278","0"
"411850","PATO BRANCO","PR","01/2024","5516","2505","0"
"411850","PATO BRANCO","PR","04/2023","6401","997","0"
"411850","PATO BRANCO","PR","05/2023","6325","1161","0"
"411850","PATO BRANCO","PR","03/2023","6267","976","0"
"411850","PATO BRANCO","PR","08/2023","5481","2283","0"
"411850","PATO BRANCO","PR","09/2023","5759","2235","0"
"411850","PATO BRANCO","PR","07/2023","5416","2349","0"
"411850","PATO BRANCO","PR","11/2023","5354","2593","0"
"411850","PATO BRANCO","PR","11/2024","5136","2933","0"
"411850","PATO BRANCO","PR","08/2024","5238","2873","0"
"411850","PATO BRANCO","PR","04/2024","5480","2720","0"
"411850","PATO BRANCO","PR","02/2024","5724","2492","0"
"411850","PATO BRANCO","PR","06/2024","5726","2616","0"
"411850","PATO BRANCO","PR","03/2024","5306","2771","0"
"411850","PATO BRANCO","PR","09/2024","5268","2778","0"
"411850","PATO BRANCO","PR","10/2024","5140","2990","0"
"411850","PATO BRANCO","PR","12/2024","5178","2858","0"
"411850","PATO BRANCO","PR","08/2026","4296","2102","0"
"411850","PATO BRANCO","PR","05/2024","5612","2672","0"
"411850","PATO BRANCO","PR","07/2024","5207","2946","0"
"411850","PATO BRANCO","PR","01/2025","4767","3061","0"
"411850","PATO BRANCO","PR","05/2025","4721","3013","0"
"411850","PATO BRANCO","PR","06/2025","4726","2970","0"
"411850","PATO BRANCO","PR","01/2026","4250","2245","0"
"411850","PATO BRANCO","PR","07/2025","4374","2675","0"
"411850","PATO BRANCO","PR","12/2025","4301","2155","0"
"411850","PATO BRANCO","PR","10/2025","4090","2491","0"
"411850","PATO BRANCO","PR","11/2025","4025","2275","0"
"411850","PATO BRANCO","PR","03/2025","4698","3160","0"
"411850","PATO BRANCO","PR","02/2025","4733","3038","0"
"411850","PATO BRANCO","PR","09/2025","4133","2551","0"
"411850","PATO BRANCO","PR","04/2025","4733","3105","0"
"411850","PATO BRANCO","PR","08/2025","4213","2552","0"
"411850","PATO BRANCO","PR","02/2026","4223","2324","0"
"411850","PATO BRANCO","PR","03/2026","4131","2196","0"
"411850","PATO BRANCO","PR","04/2026","4454","2225","0"
"411850","PATO BRANCO","PR","05/2026","4451","2180","0"
"411850","PATO BRANCO","PR","06/2026","4462","2152","0"
"411860","PAULA FREITAS","PR","06/2024","759","162","0"
"411860","PAULA FREITAS","PR","05/2023","584","158","0"
"411860","PAULA FREITAS","PR","06/2023","584","162","0"
"411860","PAULA FREITAS","PR","04/2023","582","148","0"
"411860","PAULA FREITAS","PR","10/2023","633","169","0"
"411860","PAULA FREITAS","PR","09/2023","628","160","0"
"411860","PAULA FREITAS","PR","01/2024","662","188","0"
"411860","PAULA FREITAS","PR","11/2023","606","192","0"
"411860","PAULA FREITAS","PR","03/2023","587","137","0"
"411860","PAULA FREITAS","PR","02/2023","604","151","0"
"411860","PAULA FREITAS","PR","07/2023","583","234","0"
"411860","PAULA FREITAS","PR","08/2023","609","158","0"
"411860","PAULA FREITAS","PR","12/2023","630","191","0"
"411860","PAULA FREITAS","PR","04/2024","723","194","0"
"411860","PAULA FREITAS","PR","12/2024","856","157","0"
"411860","PAULA FREITAS","PR","07/2024","734","199","0"
"411860","PAULA FREITAS","PR","10/2024","782","179","0"
"411860","PAULA FREITAS","PR","09/2024","744","180","0"
"411860","PAULA FREITAS","PR","01/2025","824","174","0"
"411860","PAULA FREITAS","PR","11/2024","798","167","0"
"411860","PAULA FREITAS","PR","02/2024","687","184","0"
"411860","PAULA FREITAS","PR","03/2024","671","200","0"
"411860","PAULA FREITAS","PR","08/2024","731","187","0"
"411860","PAULA FREITAS","PR","05/2024","739","180","0"
"411860","PAULA FREITAS","PR","07/2025","753","198","0"
"411860","PAULA FREITAS","PR","08/2025","759","195","0"
"411860","PAULA FREITAS","PR","09/2025","763","193","0"
"411860","PAULA FREITAS","PR","04/2025","837","181","0"
"411860","PAULA FREITAS","PR","10/2025","742","202","0"
"411860","PAULA FREITAS","PR","12/2025","744","182","0"
"411860","PAULA FREITAS","PR","06/2025","837","185","0"
"411860","PAULA FREITAS","PR","02/2025","832","174","0"
"411860","PAULA FREITAS","PR","11/2025","691","196","0"
"411860","PAULA FREITAS","PR","03/2025","844","175","0"
"411860","PAULA FREITAS","PR","01/2026","733","184","0"
"411860","PAULA FREITAS","PR","05/2025","837","181","0"
"411860","PAULA FREITAS","PR","02/2026","733","183","0"
"411860","PAULA FREITAS","PR","03/2026","728","180","0"
"411860","PAULA FREITAS","PR","04/2026","772","182","0"
"411860","PAULA FREITAS","PR","05/2026","741","193","0"
"411860","PAULA FREITAS","PR","06/2026","728","199","0"
"411860","PAULA FREITAS","PR","08/2026","763","141","0"
"411870","PAULO FRONTIN","PR","04/2024","651","66","0"
"411870","PAULO FRONTIN","PR","04/2026","670","118","0"
"411870","PAULO FRONTIN","PR","03/2026","664","127","0"
"411870","PAULO FRONTIN","PR","02/2026","668","126","0"
"411870","PAULO FRONTIN","PR","05/2025","721","138","0"
"411870","PAULO FRONTIN","PR","06/2025","717","137","0"
"411870","PAULO FRONTIN","PR","09/2025","660","153","0"
"411870","PAULO FRONTIN","PR","10/2025","651","142","0"
"411870","PAULO FRONTIN","PR","07/2025","698","146","0"
"411870","PAULO FRONTIN","PR","03/2025","714","165","0"
"411870","PAULO FRONTIN","PR","11/2025","651","142","0"
"411870","PAULO FRONTIN","PR","12/2025","671","139","0"
"411870","PAULO FRONTIN","PR","01/2026","672","129","0"
"411870","PAULO FRONTIN","PR","02/2025","702","163","0"
"411870","PAULO FRONTIN","PR","04/2025","729","138","0"
"411870","PAULO FRONTIN","PR","08/2025","669","162","0"
"411870","PAULO FRONTIN","PR","08/2024","736","87","0"
"411870","PAULO FRONTIN","PR","02/2024","602","100","0"
"411870","PAULO FRONTIN","PR","01/2025","693","168","0"
"411870","PAULO FRONTIN","PR","09/2024","735","103","0"
"411870","PAULO FRONTIN","PR","05/2026","698","104","0"
"411870","PAULO FRONTIN","PR","03/2024","634","75","0"
"411870","PAULO FRONTIN","PR","05/2024","700","70","0"
"411870","PAULO FRONTIN","PR","11/2024","730","138","0"
"411870","PAULO FRONTIN","PR","10/2024","747","129","0"
"411870","PAULO FRONTIN","PR","07/2024","735","83","0"
"411870","PAULO FRONTIN","PR","12/2024","741","134","0"
"411870","PAULO FRONTIN","PR","06/2024","742","59","0"
"411870","PAULO FRONTIN","PR","04/2023","543","63","0"
"411870","PAULO FRONTIN","PR","08/2023","561","109","0"
"411870","PAULO FRONTIN","PR","02/2023","539","60","0"
"411870","PAULO FRONTIN","PR","09/2023","557","109","0"
"411870","PAULO FRONTIN","PR","10/2023","576","108","0"
"411870","PAULO FRONTIN","PR","07/2023","548","99","0"
"411870","PAULO FRONTIN","PR","03/2023","543","60","0"
"411870","PAULO FRONTIN","PR","06/2023","552","66","0"
"411870","PAULO FRONTIN","PR","12/2023","581","115","0"
"411870","PAULO FRONTIN","PR","05/2023","554","66","0"
"411870","PAULO FRONTIN","PR","11/2023","565","119","0"
"411870","PAULO FRONTIN","PR","01/2024","586","102","0"
"411870","PAULO FRONTIN","PR","06/2026","731","121","0"
"411870","PAULO FRONTIN","PR","08/2026","707","130","0"
"411880","PEABIRU","PR","04/2026","1721","377","0"
"411880","PEABIRU","PR","05/2026","1809","374","0"
"411880","PEABIRU","PR","04/2023","2440","142","0"
"411880","PEABIRU","PR","01/2024","2306","494","0"
"411880","PEABIRU","PR","12/2023","2296","512","0"
"411880","PEABIRU","PR","10/2023","2431","418","0"
"411880","PEABIRU","PR","11/2023","2308","527","0"
"411880","PEABIRU","PR","02/2023","2508","175","0"
"411880","PEABIRU","PR","08/2023","2316","450","0"
"411880","PEABIRU","PR","07/2023","2245","468","0"
"411880","PEABIRU","PR","05/2023","2457","132","0"
"411880","PEABIRU","PR","03/2023","2441","146","0"
"411880","PEABIRU","PR","09/2023","2386","407","0"
"411880","PEABIRU","PR","06/2023","2432","153","0"
"411880","PEABIRU","PR","11/2024","1931","587","0"
"411880","PEABIRU","PR","05/2024","2183","545","0"
"411880","PEABIRU","PR","02/2024","2284","478","0"
"411880","PEABIRU","PR","07/2024","2070","590","0"
"411880","PEABIRU","PR","10/2024","1933","592","0"
"411880","PEABIRU","PR","04/2024","2165","569","0"
"411880","PEABIRU","PR","12/2024","1918","581","0"
"411880","PEABIRU","PR","06/2026","1910","375","0"
"411880","PEABIRU","PR","06/2024","2211","520","0"
"411880","PEABIRU","PR","03/2024","2162","563","0"
"411880","PEABIRU","PR","09/2024","2022","546","0"
"411880","PEABIRU","PR","01/2025","1865","574","0"
"411880","PEABIRU","PR","08/2024","2041","578","0"
"411880","PEABIRU","PR","09/2025","1606","487","0"
"411880","PEABIRU","PR","01/2026","1744","433","0"
"411880","PEABIRU","PR","03/2025","1779","598","0"
"411880","PEABIRU","PR","06/2025","1812","588","0"
"411880","PEABIRU","PR","11/2025","1609","460","0"
"411880","PEABIRU","PR","07/2025","1717","523","0"
"411880","PEABIRU","PR","02/2025","1839","569","0"
"411880","PEABIRU","PR","12/2025","1720","439","0"
"411880","PEABIRU","PR","10/2025","1598","491","0"
"411880","PEABIRU","PR","05/2025","1788","583","0"
"411880","PEABIRU","PR","08/2025","1642","489","0"
"411880","PEABIRU","PR","04/2025","1786","583","0"
"411880","PEABIRU","PR","02/2026","1719","445","0"
"411880","PEABIRU","PR","03/2026","1721","390","0"
"411880","PEABIRU","PR","08/2026","1936","338","0"
"411885","PEROBAL","PR","09/2024","552","188","0"
"411885","PEROBAL","PR","07/2023","566","161","0"
"411885","PEROBAL","PR","09/2023","549","143","0"
"411885","PEROBAL","PR","12/2023","520","157","0"
"411885","PEROBAL","PR","02/2023","756","230","0"
"411885","PEROBAL","PR","03/2023","667","122","0"
"411885","PEROBAL","PR","11/2023","539","144","0"
"411885","PEROBAL","PR","10/2023","521","146","0"
"411885","PEROBAL","PR","05/2023","587","98","0"
"411885","PEROBAL","PR","01/2024","533","135","0"
"411885","PEROBAL","PR","04/2023","679","121","0"
"411885","PEROBAL","PR","08/2023","575","125","0"
"411885","PEROBAL","PR","08/2024","526","192","0"
"411885","PEROBAL","PR","10/2024","535","218","0"
"411885","PEROBAL","PR","12/2024","532","207","0"
"411885","PEROBAL","PR","05/2024","503","179","0"
"411885","PEROBAL","PR","02/2024","528","141","0"
"411885","PEROBAL","PR","04/2024","514","186","0"
"411885","PEROBAL","PR","01/2025","504","208","0"
"411885","PEROBAL","PR","07/2024","539","188","0"
"411885","PEROBAL","PR","03/2024","515","186","0"
"411885","PEROBAL","PR","06/2024","506","183","0"
"411885","PEROBAL","PR","11/2024","527","223","0"
"411885","PEROBAL","PR","06/2025","549","204","0"
"411885","PEROBAL","PR","08/2025","507","204","0"
"411885","PEROBAL","PR","01/2026","543","180","0"
"411885","PEROBAL","PR","11/2025","529","193","0"
"411885","PEROBAL","PR","12/2025","541","185","0"
"411885","PEROBAL","PR","09/2025","512","185","0"
"411885","PEROBAL","PR","07/2025","524","195","0"
"411885","PEROBAL","PR","02/2025","504","210","0"
"411885","PEROBAL","PR","10/2025","517","190","0"
"411885","PEROBAL","PR","03/2025","538","215","0"
"411885","PEROBAL","PR","04/2025","545","213","0"
"411885","PEROBAL","PR","05/2025","547","204","0"
"411885","PEROBAL","PR","02/2026","526","187","0"
"411885","PEROBAL","PR","03/2026","517","186","0"
"411885","PEROBAL","PR","04/2026","527","178","0"
"411885","PEROBAL","PR","05/2026","512","183","0"
"411885","PEROBAL","PR","06/2026","517","172","0"
"411885","PEROBAL","PR","08/2026","556","152","0"
"411885","PEROBAL","PR","06/2023","587","99","0"
"411890","PÉROLA","PR","12/2024","1050","384","0"
"411890","PÉROLA","PR","02/2023","909","157","0"
"411890","PÉROLA","PR","06/2023","966","168","0"
"411890","PÉROLA","PR","01/2024","960","314","0"
"411890","PÉROLA","PR","08/2023","918","294","0"
"411890","PÉROLA","PR","09/2023","964","291","0"
"411890","PÉROLA","PR","11/2023","945","319","0"
"411890","PÉROLA","PR","07/2023","844","320","0"
"411890","PÉROLA","PR","03/2023","898","142","0"
"411890","PÉROLA","PR","04/2023","946","143","0"
"411890","PÉROLA","PR","12/2023","972","316","0"
"411890","PÉROLA","PR","10/2023","966","288","0"
"411890","PÉROLA","PR","05/2023","973","162","0"
"411890","PÉROLA","PR","10/2024","1079","378","0"
"411890","PÉROLA","PR","11/2024","1065","382","0"
"411890","PÉROLA","PR","04/2024","959","324","0"
"411890","PÉROLA","PR","07/2024","1081","345","0"
"411890","PÉROLA","PR","05/2024","971","308","0"
"411890","PÉROLA","PR","03/2024","935","348","0"
"411890","PÉROLA","PR","09/2024","1098","331","0"
"411890","PÉROLA","PR","06/2024","1028","304","0"
"411890","PÉROLA","PR","02/2024","996","315","0"
"411890","PÉROLA","PR","01/2025","984","437","0"
"411890","PÉROLA","PR","08/2024","1097","329","0"
"411890","PÉROLA","PR","01/2026","905","399","0"
"411890","PÉROLA","PR","07/2025","911","419","0"
"411890","PÉROLA","PR","08/2025","871","438","0"
"411890","PÉROLA","PR","10/2025","860","433","0"
"411890","PÉROLA","PR","02/2025","986","445","0"
"411890","PÉROLA","PR","04/2025","961","453","0"
"411890","PÉROLA","PR","12/2025","899","396","0"
"411890","PÉROLA","PR","06/2025","972","437","0"
"411890","PÉROLA","PR","09/2025","872","437","0"
"411890","PÉROLA","PR","11/2025","848","409","0"
"411890","PÉROLA","PR","03/2025","972","462","0"
"411890","PÉROLA","PR","05/2025","961","437","0"
"411890","PÉROLA","PR","02/2026","916","384","0"
"411890","PÉROLA","PR","03/2026","902","358","0"
"411890","PÉROLA","PR","04/2026","919","340","0"
"411890","PÉROLA","PR","05/2026","984","329","0"
"411890","PÉROLA","PR","06/2026","1034","342","0"
"411890","PÉROLA","PR","08/2026","1013","344","0"
"411900","PÉROLA DOESTE","PR","08/2026","274","244","0"
"411900","PÉROLA DOESTE","PR","06/2026","299","251","0"
"411900","PÉROLA DOESTE","PR","08/2023","614","126","0"
"411900","PÉROLA DOESTE","PR","10/2023","585","163","0"
"411900","PÉROLA DOESTE","PR","11/2023","560","203","0"
"411900","PÉROLA DOESTE","PR","03/2023","578","108","0"
"411900","PÉROLA DOESTE","PR","07/2023","626","132","0"
"411900","PÉROLA DOESTE","PR","01/2024","558","223","0"
"411900","PÉROLA DOESTE","PR","09/2023","596","152","0"
"411900","PÉROLA DOESTE","PR","02/2023","599","107","0"
"411900","PÉROLA DOESTE","PR","05/2023","618","97","0"
"411900","PÉROLA DOESTE","PR","04/2023","603","100","0"
"411900","PÉROLA DOESTE","PR","12/2023","564","205","0"
"411900","PÉROLA DOESTE","PR","08/2024","485","299","0"
"411900","PÉROLA DOESTE","PR","04/2024","527","264","0"
"411900","PÉROLA DOESTE","PR","09/2024","480","289","0"
"411900","PÉROLA DOESTE","PR","02/2024","554","223","0"
"411900","PÉROLA DOESTE","PR","12/2024","484","290","0"
"411900","PÉROLA DOESTE","PR","10/2024","474","302","0"
"411900","PÉROLA DOESTE","PR","01/2025","494","284","0"
"411900","PÉROLA DOESTE","PR","06/2023","604","108","0"
"411900","PÉROLA DOESTE","PR","03/2024","521","260","0"
"411900","PÉROLA DOESTE","PR","06/2024","518","276","0"
"411900","PÉROLA DOESTE","PR","11/2024","453","309","0"
"411900","PÉROLA DOESTE","PR","05/2024","510","286","0"
"411900","PÉROLA DOESTE","PR","07/2024","505","292","0"
"411900","PÉROLA DOESTE","PR","12/2025","368","308","0"
"411900","PÉROLA DOESTE","PR","09/2025","429","253","0"
"411900","PÉROLA DOESTE","PR","06/2025","481","258","0"
"411900","PÉROLA DOESTE","PR","01/2026","378","298","0"
"411900","PÉROLA DOESTE","PR","07/2025","444","256","0"
"411900","PÉROLA DOESTE","PR","02/2025","490","286","0"
"411900","PÉROLA DOESTE","PR","10/2025","420","252","0"
"411900","PÉROLA DOESTE","PR","11/2025","381","278","0"
"411900","PÉROLA DOESTE","PR","03/2025","487","285","0"
"411900","PÉROLA DOESTE","PR","08/2025","427","252","0"
"411900","PÉROLA DOESTE","PR","05/2025","483","265","0"
"411900","PÉROLA DOESTE","PR","04/2025","483","274","0"
"411900","PÉROLA DOESTE","PR","02/2026","363","304","0"
"411900","PÉROLA DOESTE","PR","03/2026","352","273","0"
"411900","PÉROLA DOESTE","PR","04/2026","347","272","0"
"411900","PÉROLA DOESTE","PR","05/2026","289","252","0"
"411910","PIÊN","PR","08/2026","1229","271","0"
"411910","PIÊN","PR","06/2026","1224","321","0"
"411910","PIÊN","PR","05/2026","1208","344","0"
"411910","PIÊN","PR","04/2026","1174","366","0"
"411910","PIÊN","PR","03/2026","1135","380","0"
"411910","PIÊN","PR","02/2026","1086","388","0"
"411910","PIÊN","PR","04/2025","1188","405","0"
"411910","PIÊN","PR","08/2025","1111","401","0"
"411910","PIÊN","PR","05/2025","1171","403","0"
"411910","PIÊN","PR","06/2025","1176","405","0"
"411910","PIÊN","PR","09/2025","1088","408","0"
"411910","PIÊN","PR","07/2025","1089","363","0"
"411910","PIÊN","PR","03/2025","1188","426","0"
"411910","PIÊN","PR","11/2025","1041","377","0"
"411910","PIÊN","PR","02/2025","1193","427","0"
"411910","PIÊN","PR","01/2026","1107","366","0"
"411910","PIÊN","PR","12/2025","1117","361","0"
"411910","PIÊN","PR","10/2025","1059","419","0"
"411910","PIÊN","PR","08/2024","1219","434","0"
"411910","PIÊN","PR","07/2024","1230","433","0"
"411910","PIÊN","PR","03/2024","1242","467","0"
"411910","PIÊN","PR","10/2024","1203","411","0"
"411910","PIÊN","PR","02/2024","1303","405","0"
"411910","PIÊN","PR","09/2024","1201","393","0"
"411910","PIÊN","PR","01/2025","1187","438","0"
"411910","PIÊN","PR","06/2024","1281","374","0"
"411910","PIÊN","PR","05/2024","1269","406","0"
"411910","PIÊN","PR","12/2024","1234","396","0"
"411910","PIÊN","PR","04/2024","1252","443","0"
"411910","PIÊN","PR","11/2024","1214","412","0"
"411910","PIÊN","PR","09/2023","1290","425","0"
"411910","PIÊN","PR","06/2023","1340","266","0"
"411910","PIÊN","PR","07/2023","1188","488","0"
"411910","PIÊN","PR","03/2023","1280","241","0"
"411910","PIÊN","PR","10/2023","1336","408","0"
"411910","PIÊN","PR","04/2023","1313","253","0"
"411910","PIÊN","PR","12/2023","1274","428","0"
"411910","PIÊN","PR","02/2023","1322","252","0"
"411910","PIÊN","PR","01/2024","1311","417","0"
"411910","PIÊN","PR","08/2023","1229","442","0"
"411910","PIÊN","PR","05/2023","1356","263","0"
"411910","PIÊN","PR","11/2023","1258","442","0"
"411915","PINHAIS","PR","08/2026","13652","3081","0"
"411915","PINHAIS","PR","01/2024","13908","4149","0"
"411915","PINHAIS","PR","03/2023","14790","1395","0"
"411915","PINHAIS","PR","10/2023","14844","3474","0"
"411915","PINHAIS","PR","05/2023","15452","1552","0"
"411915","PINHAIS","PR","06/2023","15365","1639","0"
"411915","PINHAIS","PR","07/2023","12789","3857","0"
"411915","PINHAIS","PR","04/2023","14780","1449","0"
"411915","PINHAIS","PR","08/2023","14075","3635","0"
"411915","PINHAIS","PR","02/2023","15442","1566","0"
"411915","PINHAIS","PR","09/2023","14472","3571","0"
"411915","PINHAIS","PR","11/2023","13766","4418","0"
"411915","PINHAIS","PR","12/2024","13058","4188","0"
"411915","PINHAIS","PR","05/2024","13847","4403","0"
"411915","PINHAIS","PR","07/2024","13424","4779","0"
"411915","PINHAIS","PR","06/2024","14574","4300","0"
"411915","PINHAIS","PR","10/2024","13167","4543","0"
"411915","PINHAIS","PR","03/2024","13217","4590","0"
"411915","PINHAIS","PR","04/2024","13196","4492","0"
"411915","PINHAIS","PR","02/2024","14222","3916","0"
"411915","PINHAIS","PR","09/2024","13404","4366","0"
"411915","PINHAIS","PR","12/2023","13868","4280","0"
"411915","PINHAIS","PR","01/2025","12302","4307","0"
"411915","PINHAIS","PR","11/2024","13180","4396","0"
"411915","PINHAIS","PR","08/2024","13311","4570","0"
"411915","PINHAIS","PR","02/2025","12386","4236","0"
"411915","PINHAIS","PR","11/2025","11424","3129","0"
"411915","PINHAIS","PR","07/2025","12470","3530","0"
"411915","PINHAIS","PR","03/2025","13056","4281","0"
"411915","PINHAIS","PR","04/2025","13036","4140","0"
"411915","PINHAIS","PR","09/2025","11741","3475","0"
"411915","PINHAIS","PR","12/2025","12308","2942","0"
"411915","PINHAIS","PR","01/2026","12228","3155","0"
"411915","PINHAIS","PR","06/2025","13076","4017","0"
"411915","PINHAIS","PR","10/2025","11590","3432","0"
"411915","PINHAIS","PR","05/2025","12998","4016","0"
"411915","PINHAIS","PR","08/2025","12050","3501","0"
"411915","PINHAIS","PR","02/2026","12128","3341","0"
"411915","PINHAIS","PR","03/2026","12013","3157","0"
"411915","PINHAIS","PR","04/2026","11854","3199","0"
"411915","PINHAIS","PR","05/2026","12699","3176","0"
"411915","PINHAIS","PR","06/2026","13634","3226","0"
"411920","PINHALÃO","PR","02/2023","1722","84","0"
"411920","PINHALÃO","PR","11/2023","1572","363","0"
"411920","PINHALÃO","PR","04/2023","1684","86","0"
"411920","PINHALÃO","PR","08/2026","1753","211","0"
"411920","PINHALÃO","PR","06/2026","1763","210","0"
"411920","PINHALÃO","PR","05/2026","1750","216","0"
"411920","PINHALÃO","PR","04/2026","1738","210","0"
"411920","PINHALÃO","PR","03/2026","1683","213","0"
"411920","PINHALÃO","PR","02/2026","1676","244","0"
"411920","PINHALÃO","PR","05/2025","1672","348","0"
"411920","PINHALÃO","PR","09/2025","1655","242","0"
"411920","PINHALÃO","PR","04/2025","1674","348","0"
"411920","PINHALÃO","PR","03/2025","1663","372","0"
"411920","PINHALÃO","PR","10/2025","1649","234","0"
"411920","PINHALÃO","PR","11/2025","1628","227","0"
"411920","PINHALÃO","PR","01/2026","1692","220","0"
"411920","PINHALÃO","PR","02/2025","1674","364","0"
"411920","PINHALÃO","PR","12/2025","1697","231","0"
"411920","PINHALÃO","PR","06/2025","1702","348","0"
"411920","PINHALÃO","PR","07/2025","1649","260","0"
"411920","PINHALÃO","PR","08/2025","1642","259","0"
"411920","PINHALÃO","PR","06/2024","1673","360","0"
"411920","PINHALÃO","PR","02/2024","1626","327","0"
"411920","PINHALÃO","PR","04/2024","1614","370","0"
"411920","PINHALÃO","PR","07/2024","1654","357","0"
"411920","PINHALÃO","PR","05/2024","1645","381","0"
"411920","PINHALÃO","PR","01/2025","1656","364","0"
"411920","PINHALÃO","PR","03/2024","1612","376","0"
"411920","PINHALÃO","PR","11/2024","1666","368","0"
"411920","PINHALÃO","PR","12/2024","1693","343","0"
"411920","PINHALÃO","PR","09/2024","1660","332","0"
"411920","PINHALÃO","PR","10/2024","1662","380","0"
"411920","PINHALÃO","PR","08/2024","1653","344","0"
"411920","PINHALÃO","PR","08/2023","1590","321","0"
"411920","PINHALÃO","PR","05/2023","1749","86","0"
"411920","PINHALÃO","PR","06/2023","1753","86","0"
"411920","PINHALÃO","PR","09/2023","1630","306","0"
"411920","PINHALÃO","PR","10/2023","1654","297","0"
"411920","PINHALÃO","PR","12/2023","1583","349","0"
"411920","PINHALÃO","PR","07/2023","1534","330","0"
"411920","PINHALÃO","PR","03/2023","1681","89","0"
"411920","PINHALÃO","PR","01/2024","1619","335","0"
"411925","PINHAL DE SÃO BENTO","PR","06/2026","410","98","0"
"411925","PINHAL DE SÃO BENTO","PR","08/2026","393","92","0"
"411925","PINHAL DE SÃO BENTO","PR","04/2023","531","50","0"
"411925","PINHAL DE SÃO BENTO","PR","03/2023","529","53","0"
"411925","PINHAL DE SÃO BENTO","PR","10/2023","568","98","0"
"411925","PINHAL DE SÃO BENTO","PR","02/2023","546","59","0"
"411925","PINHAL DE SÃO BENTO","PR","07/2023","473","125","0"
"411925","PINHAL DE SÃO BENTO","PR","05/2023","560","50","0"
"411925","PINHAL DE SÃO BENTO","PR","09/2023","537","104","0"
"411925","PINHAL DE SÃO BENTO","PR","11/2023","548","130","0"
"411925","PINHAL DE SÃO BENTO","PR","08/2023","515","112","0"
"411925","PINHAL DE SÃO BENTO","PR","12/2023","549","126","0"
"411925","PINHAL DE SÃO BENTO","PR","01/2024","559","114","0"
"411925","PINHAL DE SÃO BENTO","PR","11/2024","490","162","0"
"411925","PINHAL DE SÃO BENTO","PR","02/2024","584","120","0"
"411925","PINHAL DE SÃO BENTO","PR","05/2024","545","128","0"
"411925","PINHAL DE SÃO BENTO","PR","06/2024","542","128","0"
"411925","PINHAL DE SÃO BENTO","PR","06/2023","566","44","0"
"411925","PINHAL DE SÃO BENTO","PR","09/2024","544","114","0"
"411925","PINHAL DE SÃO BENTO","PR","07/2024","548","137","0"
"411925","PINHAL DE SÃO BENTO","PR","12/2024","507","154","0"
"411925","PINHAL DE SÃO BENTO","PR","03/2024","529","155","0"
"411925","PINHAL DE SÃO BENTO","PR","10/2024","490","158","0"
"411925","PINHAL DE SÃO BENTO","PR","01/2025","488","175","0"
"411925","PINHAL DE SÃO BENTO","PR","04/2024","529","142","0"
"411925","PINHAL DE SÃO BENTO","PR","08/2024","543","132","0"
"411925","PINHAL DE SÃO BENTO","PR","04/2025","493","185","0"
"411925","PINHAL DE SÃO BENTO","PR","09/2025","448","149","0"
"411925","PINHAL DE SÃO BENTO","PR","08/2025","459","160","0"
"411925","PINHAL DE SÃO BENTO","PR","01/2026","452","160","0"
"411925","PINHAL DE SÃO BENTO","PR","07/2025","487","157","0"
"411925","PINHAL DE SÃO BENTO","PR","06/2025","494","185","0"
"411925","PINHAL DE SÃO BENTO","PR","11/2025","428","147","0"
"411925","PINHAL DE SÃO BENTO","PR","03/2025","477","185","0"
"411925","PINHAL DE SÃO BENTO","PR","12/2025","467","151","0"
"411925","PINHAL DE SÃO BENTO","PR","10/2025","438","152","0"
"411925","PINHAL DE SÃO BENTO","PR","02/2025","485","171","0"
"411925","PINHAL DE SÃO BENTO","PR","05/2025","493","185","0"
"411925","PINHAL DE SÃO BENTO","PR","02/2026","434","167","0"
"411925","PINHAL DE SÃO BENTO","PR","03/2026","416","156","0"
"411925","PINHAL DE SÃO BENTO","PR","04/2026","416","110","0"
"411925","PINHAL DE SÃO BENTO","PR","05/2026","406","96","0"
"411930","PINHÃO","PR","02/2024","8478","1274","0"
"411930","PINHÃO","PR","05/2023","8723","523","0"
"411930","PINHÃO","PR","06/2023","8690","540","0"
"411930","PINHÃO","PR","12/2023","8332","1405","0"
"411930","PINHÃO","PR","09/2023","8426","1187","0"
"411930","PINHÃO","PR","10/2023","8542","1184","0"
"411930","PINHÃO","PR","02/2023","8569","565","0"
"411930","PINHÃO","PR","03/2023","8459","532","0"
"411930","PINHÃO","PR","07/2023","7990","1476","0"
"411930","PINHÃO","PR","11/2023","8227","1462","0"
"411930","PINHÃO","PR","01/2024","8337","1316","0"
"411930","PINHÃO","PR","08/2023","8169","1361","0"
"411930","PINHÃO","PR","04/2023","8614","523","0"
"411930","PINHÃO","PR","12/2024","8118","1662","0"
"411930","PINHÃO","PR","05/2024","8225","1465","0"
"411930","PINHÃO","PR","11/2024","7843","1778","0"
"411930","PINHÃO","PR","06/2024","8268","1426","0"
"411930","PINHÃO","PR","03/2024","8099","1592","0"
"411930","PINHÃO","PR","09/2024","7841","1632","0"
"411930","PINHÃO","PR","07/2024","7820","1790","0"
"411930","PINHÃO","PR","04/2024","8205","1551","0"
"411930","PINHÃO","PR","01/2025","7817","1788","0"
"411930","PINHÃO","PR","10/2024","7809","1846","0"
"411930","PINHÃO","PR","08/2024","7832","1694","0"
"411930","PINHÃO","PR","08/2025","7520","1697","0"
"411930","PINHÃO","PR","07/2025","7627","1632","0"
"411930","PINHÃO","PR","06/2025","7916","1684","0"
"411930","PINHÃO","PR","12/2025","7779","1295","0"
"411930","PINHÃO","PR","10/2025","7506","1444","0"
"411930","PINHÃO","PR","11/2025","7497","1307","0"
"411930","PINHÃO","PR","03/2025","7860","1804","0"
"411930","PINHÃO","PR","02/2025","7792","1744","0"
"411930","PINHÃO","PR","01/2026","7732","1315","0"
"411930","PINHÃO","PR","09/2025","7534","1608","0"
"411930","PINHÃO","PR","04/2025","7903","1732","0"
"411930","PINHÃO","PR","05/2025","7893","1695","0"
"411930","PINHÃO","PR","02/2026","7608","1346","0"
"411930","PINHÃO","PR","03/2026","7625","1286","0"
"411930","PINHÃO","PR","04/2026","7518","1314","0"
"411930","PINHÃO","PR","05/2026","7841","1272","0"
"411930","PINHÃO","PR","06/2026","8042","1329","0"
"411930","PINHÃO","PR","08/2026","7999","1240","0"
"411940","PIRAÍ DO SUL","PR","11/2023","3813","1191","0"
"411940","PIRAÍ DO SUL","PR","12/2023","3829","1187","0"
"411940","PIRAÍ DO SUL","PR","06/2026","3289","1099","0"
"411940","PIRAÍ DO SUL","PR","05/2026","3271","1088","0"
"411940","PIRAÍ DO SUL","PR","04/2026","3240","1123","0"
"411940","PIRAÍ DO SUL","PR","03/2026","3213","1167","0"
"411940","PIRAÍ DO SUL","PR","02/2026","3149","1226","0"
"411940","PIRAÍ DO SUL","PR","08/2025","3344","1287","0"
"411940","PIRAÍ DO SUL","PR","05/2025","3447","1422","0"
"411940","PIRAÍ DO SUL","PR","03/2025","3432","1455","0"
"411940","PIRAÍ DO SUL","PR","11/2025","3190","1197","0"
"411940","PIRAÍ DO SUL","PR","10/2025","3251","1244","0"
"411940","PIRAÍ DO SUL","PR","02/2025","3509","1371","0"
"411940","PIRAÍ DO SUL","PR","07/2025","3231","1247","0"
"411940","PIRAÍ DO SUL","PR","09/2025","3320","1308","0"
"411940","PIRAÍ DO SUL","PR","08/2026","3286","1048","0"
"411940","PIRAÍ DO SUL","PR","12/2025","3221","1204","0"
"411940","PIRAÍ DO SUL","PR","06/2025","3454","1407","0"
"411940","PIRAÍ DO SUL","PR","04/2025","3443","1432","0"
"411940","PIRAÍ DO SUL","PR","01/2026","3157","1258","0"
"411940","PIRAÍ DO SUL","PR","08/2024","3729","1340","0"
"411940","PIRAÍ DO SUL","PR","02/2024","3987","1113","0"
"411940","PIRAÍ DO SUL","PR","11/2024","3629","1377","0"
"411940","PIRAÍ DO SUL","PR","01/2025","3519","1378","0"
"411940","PIRAÍ DO SUL","PR","12/2024","3684","1313","0"
"411940","PIRAÍ DO SUL","PR","03/2024","3803","1224","0"
"411940","PIRAÍ DO SUL","PR","07/2024","3688","1373","0"
"411940","PIRAÍ DO SUL","PR","10/2024","3608","1406","0"
"411940","PIRAÍ DO SUL","PR","06/2024","3956","1213","0"
"411940","PIRAÍ DO SUL","PR","09/2024","3712","1291","0"
"411940","PIRAÍ DO SUL","PR","05/2024","3903","1227","0"
"411940","PIRAÍ DO SUL","PR","04/2024","3860","1225","0"
"411940","PIRAÍ DO SUL","PR","09/2023","3949","1006","0"
"411940","PIRAÍ DO SUL","PR","05/2023","4307","486","0"
"411940","PIRAÍ DO SUL","PR","10/2023","4041","980","0"
"411940","PIRAÍ DO SUL","PR","04/2023","4303","496","0"
"411940","PIRAÍ DO SUL","PR","02/2023","4409","610","0"
"411940","PIRAÍ DO SUL","PR","08/2023","3877","999","0"
"411940","PIRAÍ DO SUL","PR","07/2023","3792","1074","0"
"411940","PIRAÍ DO SUL","PR","03/2023","4203","539","0"
"411940","PIRAÍ DO SUL","PR","06/2023","4237","541","0"
"411940","PIRAÍ DO SUL","PR","01/2024","3849","1121","0"
"411950","PIRAQUARA","PR","11/2023","21412","5373","0"
"411950","PIRAQUARA","PR","08/2026","20836","4310","0"
"411950","PIRAQUARA","PR","06/2026","20789","4444","0"
"411950","PIRAQUARA","PR","05/2026","19403","4427","0"
"411950","PIRAQUARA","PR","04/2026","18508","4493","0"
"411950","PIRAQUARA","PR","03/2026","18678","4494","0"
"411950","PIRAQUARA","PR","02/2026","18850","4761","0"
"411950","PIRAQUARA","PR","04/2025","20283","5600","0"
"411950","PIRAQUARA","PR","05/2025","20272","5590","0"
"411950","PIRAQUARA","PR","06/2025","20374","5613","0"
"411950","PIRAQUARA","PR","09/2025","18188","4730","0"
"411950","PIRAQUARA","PR","12/2025","18852","4294","0"
"411950","PIRAQUARA","PR","08/2025","18451","4865","0"
"411950","PIRAQUARA","PR","07/2025","19422","5045","0"
"411950","PIRAQUARA","PR","01/2026","18822","4502","0"
"411950","PIRAQUARA","PR","10/2025","18008","4791","0"
"411950","PIRAQUARA","PR","03/2025","20239","5728","0"
"411950","PIRAQUARA","PR","02/2025","19760","5428","0"
"411950","PIRAQUARA","PR","11/2025","17921","4506","0"
"411950","PIRAQUARA","PR","08/2024","20418","5536","0"
"411950","PIRAQUARA","PR","09/2024","20661","5113","0"
"411950","PIRAQUARA","PR","07/2024","20333","5816","0"
"411950","PIRAQUARA","PR","03/2024","19744","5807","0"
"411950","PIRAQUARA","PR","05/2024","19792","5449","0"
"411950","PIRAQUARA","PR","12/2024","20627","5165","0"
"411950","PIRAQUARA","PR","01/2025","19684","5515","0"
"411950","PIRAQUARA","PR","10/2024","20573","5571","0"
"411950","PIRAQUARA","PR","06/2024","19913","5220","0"
"411950","PIRAQUARA","PR","11/2024","20675","5393","0"
"411950","PIRAQUARA","PR","04/2024","19774","5659","0"
"411950","PIRAQUARA","PR","02/2024","21083","4817","0"
"411950","PIRAQUARA","PR","09/2023","19991","4523","0"
"411950","PIRAQUARA","PR","03/2023","24342","1184","0"
"411950","PIRAQUARA","PR","10/2023","20074","4337","0"
"411950","PIRAQUARA","PR","08/2023","20053","4639","0"
"411950","PIRAQUARA","PR","07/2023","20027","4859","0"
"411950","PIRAQUARA","PR","05/2023","24162","1220","0"
"411950","PIRAQUARA","PR","01/2024","21393","5069","0"
"411950","PIRAQUARA","PR","02/2023","25809","1357","0"
"411950","PIRAQUARA","PR","12/2023","21291","5211","0"
"411950","PIRAQUARA","PR","04/2023","24270","1202","0"
"411950","PIRAQUARA","PR","06/2023","24057","1271","0"
"411960","PITANGA","PR","02/2023","7422","773","0"
"411960","PITANGA","PR","03/2023","7298","684","0"
"411960","PITANGA","PR","08/2026","5400","1312","0"
"411960","PITANGA","PR","06/2026","5418","1417","0"
"411960","PITANGA","PR","05/2026","5235","1418","0"
"411960","PITANGA","PR","04/2026","4968","1402","0"
"411960","PITANGA","PR","03/2026","5010","1404","0"
"411960","PITANGA","PR","02/2026","5077","1478","0"
"411960","PITANGA","PR","05/2025","5703","1728","0"
"411960","PITANGA","PR","04/2025","5703","1733","0"
"411960","PITANGA","PR","10/2025","5066","1519","0"
"411960","PITANGA","PR","03/2025","5736","1704","0"
"411960","PITANGA","PR","11/2025","5027","1435","0"
"411960","PITANGA","PR","08/2025","5147","1614","0"
"411960","PITANGA","PR","07/2025","5363","1599","0"
"411960","PITANGA","PR","01/2026","5147","1438","0"
"411960","PITANGA","PR","09/2025","5138","1549","0"
"411960","PITANGA","PR","12/2025","5155","1415","0"
"411960","PITANGA","PR","06/2025","5732","1715","0"
"411960","PITANGA","PR","02/2025","5894","1628","0"
"411960","PITANGA","PR","10/2024","6183","1701","0"
"411960","PITANGA","PR","09/2024","6441","1575","0"
"411960","PITANGA","PR","06/2024","6699","1475","0"
"411960","PITANGA","PR","05/2024","6688","1536","0"
"411960","PITANGA","PR","08/2024","6196","1657","0"
"411960","PITANGA","PR","01/2025","5914","1669","0"
"411960","PITANGA","PR","12/2024","6195","1571","0"
"411960","PITANGA","PR","07/2024","6237","1682","0"
"411960","PITANGA","PR","04/2024","6651","1563","0"
"411960","PITANGA","PR","03/2024","6603","1568","0"
"411960","PITANGA","PR","02/2024","6803","1417","0"
"411960","PITANGA","PR","11/2024","6199","1632","0"
"411960","PITANGA","PR","11/2023","6671","1589","0"
"411960","PITANGA","PR","06/2023","7371","698","0"
"411960","PITANGA","PR","10/2023","6994","1342","0"
"411960","PITANGA","PR","05/2023","7430","672","0"
"411960","PITANGA","PR","08/2023","6816","1406","0"
"411960","PITANGA","PR","07/2023","6700","1486","0"
"411960","PITANGA","PR","01/2024","6776","1491","0"
"411960","PITANGA","PR","09/2023","6926","1382","0"
"411960","PITANGA","PR","12/2023","6725","1552","0"
"411960","PITANGA","PR","04/2023","7323","650","0"
"411965","PITANGUEIRAS","PR","09/2024","468","132","0"
"411965","PITANGUEIRAS","PR","02/2023","553","60","0"
"411965","PITANGUEIRAS","PR","03/2023","514","53","0"
"411965","PITANGUEIRAS","PR","12/2023","393","140","0"
"411965","PITANGUEIRAS","PR","10/2023","408","128","0"
"411965","PITANGUEIRAS","PR","05/2023","501","55","0"
"411965","PITANGUEIRAS","PR","08/2023","399","147","0"
"411965","PITANGUEIRAS","PR","09/2023","410","135","0"
"411965","PITANGUEIRAS","PR","06/2023","501","66","0"
"411965","PITANGUEIRAS","PR","11/2023","385","140","0"
"411965","PITANGUEIRAS","PR","04/2023","520","51","0"
"411965","PITANGUEIRAS","PR","01/2024","409","129","0"
"411965","PITANGUEIRAS","PR","07/2023","404","140","0"
"411965","PITANGUEIRAS","PR","11/2024","465","160","0"
"411965","PITANGUEIRAS","PR","02/2024","414","128","0"
"411965","PITANGUEIRAS","PR","04/2024","413","143","0"
"411965","PITANGUEIRAS","PR","01/2025","474","162","0"
"411965","PITANGUEIRAS","PR","12/2024","486","142","0"
"411965","PITANGUEIRAS","PR","06/2024","422","130","0"
"411965","PITANGUEIRAS","PR","05/2024","421","140","0"
"411965","PITANGUEIRAS","PR","07/2024","474","129","0"
"411965","PITANGUEIRAS","PR","10/2024","455","164","0"
"411965","PITANGUEIRAS","PR","03/2024","402","147","0"
"411965","PITANGUEIRAS","PR","08/2024","484","126","0"
"411965","PITANGUEIRAS","PR","09/2025","463","135","0"
"411965","PITANGUEIRAS","PR","04/2025","472","164","0"
"411965","PITANGUEIRAS","PR","10/2025","445","136","0"
"411965","PITANGUEIRAS","PR","01/2026","429","156","0"
"411965","PITANGUEIRAS","PR","06/2025","472","159","0"
"411965","PITANGUEIRAS","PR","02/2025","486","160","0"
"411965","PITANGUEIRAS","PR","12/2025","429","153","0"
"411965","PITANGUEIRAS","PR","11/2025","434","140","0"
"411965","PITANGUEIRAS","PR","03/2025","482","165","0"
"411965","PITANGUEIRAS","PR","07/2025","441","145","0"
"411965","PITANGUEIRAS","PR","05/2025","472","164","0"
"411965","PITANGUEIRAS","PR","08/2025","441","152","0"
"411965","PITANGUEIRAS","PR","02/2026","426","154","0"
"411965","PITANGUEIRAS","PR","03/2026","456","130","0"
"411965","PITANGUEIRAS","PR","04/2026","446","110","0"
"411965","PITANGUEIRAS","PR","05/2026","471","109","0"
"411965","PITANGUEIRAS","PR","06/2026","463","129","0"
"411965","PITANGUEIRAS","PR","08/2026","481","128","0"
"411970","PLANALTINA DO PARANÁ","PR","07/2023","991","214","0"
"411970","PLANALTINA DO PARANÁ","PR","06/2023","1207","43","0"
"411970","PLANALTINA DO PARANÁ","PR","10/2023","1011","190","0"
"411970","PLANALTINA DO PARANÁ","PR","11/2023","921","251","0"
"411970","PLANALTINA DO PARANÁ","PR","05/2023","1227","42","0"
"411970","PLANALTINA DO PARANÁ","PR","01/2024","935","248","0"
"411970","PLANALTINA DO PARANÁ","PR","09/2023","1014","194","0"
"411970","PLANALTINA DO PARANÁ","PR","08/2023","1006","198","0"
"411970","PLANALTINA DO PARANÁ","PR","02/2023","1349","29","0"
"411970","PLANALTINA DO PARANÁ","PR","04/2023","1243","34","0"
"411970","PLANALTINA DO PARANÁ","PR","03/2023","1247","33","0"
"411970","PLANALTINA DO PARANÁ","PR","12/2023","917","254","0"
"411970","PLANALTINA DO PARANÁ","PR","10/2024","956","268","0"
"411970","PLANALTINA DO PARANÁ","PR","12/2024","919","265","0"
"411970","PLANALTINA DO PARANÁ","PR","04/2024","882","242","0"
"411970","PLANALTINA DO PARANÁ","PR","05/2024","906","224","0"
"411970","PLANALTINA DO PARANÁ","PR","09/2024","980","227","0"
"411970","PLANALTINA DO PARANÁ","PR","03/2024","888","262","0"
"411970","PLANALTINA DO PARANÁ","PR","07/2024","985","233","0"
"411970","PLANALTINA DO PARANÁ","PR","01/2025","869","292","0"
"411970","PLANALTINA DO PARANÁ","PR","11/2024","956","265","0"
"411970","PLANALTINA DO PARANÁ","PR","02/2024","926","250","0"
"411970","PLANALTINA DO PARANÁ","PR","08/2024","994","223","0"
"411970","PLANALTINA DO PARANÁ","PR","06/2024","913","217","0"
"411970","PLANALTINA DO PARANÁ","PR","05/2025","897","265","0"
"411970","PLANALTINA DO PARANÁ","PR","08/2025","829","223","0"
"411970","PLANALTINA DO PARANÁ","PR","12/2025","806","190","0"
"411970","PLANALTINA DO PARANÁ","PR","02/2025","899","292","0"
"411970","PLANALTINA DO PARANÁ","PR","01/2026","785","181","0"
"411970","PLANALTINA DO PARANÁ","PR","07/2025","835","232","0"
"411970","PLANALTINA DO PARANÁ","PR","11/2025","768","196","0"
"411970","PLANALTINA DO PARANÁ","PR","10/2025","785","224","0"
"411970","PLANALTINA DO PARANÁ","PR","03/2025","892","283","0"
"411970","PLANALTINA DO PARANÁ","PR","06/2025","910","263","0"
"411970","PLANALTINA DO PARANÁ","PR","09/2025","798","228","0"
"411970","PLANALTINA DO PARANÁ","PR","04/2025","897","273","0"
"411970","PLANALTINA DO PARANÁ","PR","02/2026","758","170","0"
"411970","PLANALTINA DO PARANÁ","PR","03/2026","767","170","0"
"411970","PLANALTINA DO PARANÁ","PR","04/2026","762","178","0"
"411970","PLANALTINA DO PARANÁ","PR","05/2026","767","184","0"
"411970","PLANALTINA DO PARANÁ","PR","06/2026","753","129","0"
"411970","PLANALTINA DO PARANÁ","PR","08/2026","753","115","0"
"411980","PLANALTO","PR","08/2026","1161","399","0"
"411980","PLANALTO","PR","05/2026","1319","352","0"
"411980","PLANALTO","PR","04/2026","1338","336","0"
"411980","PLANALTO","PR","03/2026","1254","329","0"
"411980","PLANALTO","PR","02/2026","1281","362","0"
"411980","PLANALTO","PR","04/2025","1453","387","0"
"411980","PLANALTO","PR","11/2025","1231","364","0"
"411980","PLANALTO","PR","03/2025","1458","401","0"
"411980","PLANALTO","PR","10/2025","1261","382","0"
"411980","PLANALTO","PR","12/2025","1337","364","0"
"411980","PLANALTO","PR","07/2025","1339","387","0"
"411980","PLANALTO","PR","06/2025","1467","385","0"
"411980","PLANALTO","PR","01/2026","1318","370","0"
"411980","PLANALTO","PR","09/2025","1288","377","0"
"411980","PLANALTO","PR","02/2025","1353","412","0"
"411980","PLANALTO","PR","08/2025","1300","379","0"
"411980","PLANALTO","PR","05/2025","1452","385","0"
"411980","PLANALTO","PR","10/2024","1431","440","0"
"411980","PLANALTO","PR","01/2025","1346","420","0"
"411980","PLANALTO","PR","09/2024","1495","406","0"
"411980","PLANALTO","PR","06/2024","1606","371","0"
"411980","PLANALTO","PR","06/2026","1309","401","0"
"411980","PLANALTO","PR","12/2024","1416","414","0"
"411980","PLANALTO","PR","03/2024","1461","452","0"
"411980","PLANALTO","PR","07/2024","1464","470","0"
"411980","PLANALTO","PR","02/2024","1505","395","0"
"411980","PLANALTO","PR","08/2024","1481","435","0"
"411980","PLANALTO","PR","05/2024","1566","374","0"
"411980","PLANALTO","PR","11/2024","1434","427","0"
"411980","PLANALTO","PR","04/2024","1513","410","0"
"411980","PLANALTO","PR","06/2023","1674","140","0"
"411980","PLANALTO","PR","07/2023","1469","374","0"
"411980","PLANALTO","PR","04/2023","1705","95","0"
"411980","PLANALTO","PR","05/2023","1730","95","0"
"411980","PLANALTO","PR","01/2024","1470","406","0"
"411980","PLANALTO","PR","09/2023","1457","385","0"
"411980","PLANALTO","PR","02/2023","1764","92","0"
"411980","PLANALTO","PR","10/2023","1495","376","0"
"411980","PLANALTO","PR","03/2023","1690","97","0"
"411980","PLANALTO","PR","08/2023","1459","392","0"
"411980","PLANALTO","PR","12/2023","1476","413","0"
"411980","PLANALTO","PR","11/2023","1440","418","0"
"411990","PONTA GROSSA","PR","08/2024","38557","12399","0"
"411990","PONTA GROSSA","PR","08/2026","38292","10335","0"
"411990","PONTA GROSSA","PR","06/2026","38389","10695","0"
"411990","PONTA GROSSA","PR","05/2026","38315","10605","0"
"411990","PONTA GROSSA","PR","04/2026","38277","10555","0"
"411990","PONTA GROSSA","PR","03/2026","38163","10571","0"
"411990","PONTA GROSSA","PR","02/2026","36584","11183","0"
"411990","PONTA GROSSA","PR","12/2025","36693","9864","0"
"411990","PONTA GROSSA","PR","03/2025","37521","13082","0"
"411990","PONTA GROSSA","PR","08/2025","37291","10970","0"
"411990","PONTA GROSSA","PR","07/2025","36069","11469","0"
"411990","PONTA GROSSA","PR","01/2026","36684","10542","0"
"411990","PONTA GROSSA","PR","10/2025","36872","10951","0"
"411990","PONTA GROSSA","PR","04/2025","37708","12843","0"
"411990","PONTA GROSSA","PR","06/2025","37811","12764","0"
"411990","PONTA GROSSA","PR","09/2025","37167","10802","0"
"411990","PONTA GROSSA","PR","11/2025","36430","10436","0"
"411990","PONTA GROSSA","PR","02/2025","38415","12494","0"
"411990","PONTA GROSSA","PR","05/2025","37698","12737","0"
"411990","PONTA GROSSA","PR","09/2024","38351","11854","0"
"411990","PONTA GROSSA","PR","10/2024","38148","12539","0"
"411990","PONTA GROSSA","PR","07/2024","38670","12920","0"
"411990","PONTA GROSSA","PR","06/2024","40644","11647","0"
"411990","PONTA GROSSA","PR","01/2025","38360","12699","0"
"411990","PONTA GROSSA","PR","05/2024","39890","11856","0"
"411990","PONTA GROSSA","PR","04/2024","39100","12023","0"
"411990","PONTA GROSSA","PR","03/2024","38387","12135","0"
"411990","PONTA GROSSA","PR","11/2024","38282","12282","0"
"411990","PONTA GROSSA","PR","02/2024","40462","10171","0"
"411990","PONTA GROSSA","PR","12/2024","39417","11757","0"
"411990","PONTA GROSSA","PR","10/2023","42087","8799","0"
"411990","PONTA GROSSA","PR","01/2024","40684","10856","0"
"411990","PONTA GROSSA","PR","09/2023","41364","8927","0"
"411990","PONTA GROSSA","PR","08/2023","40219","9031","0"
"411990","PONTA GROSSA","PR","07/2023","39566","9303","0"
"411990","PONTA GROSSA","PR","04/2023","44041","2564","0"
"411990","PONTA GROSSA","PR","06/2023","44584","2905","0"
"411990","PONTA GROSSA","PR","11/2023","39662","11113","0"
"411990","PONTA GROSSA","PR","12/2023","40513","11047","0"
"411990","PONTA GROSSA","PR","05/2023","44783","2715","0"
"411990","PONTA GROSSA","PR","03/2023","43288","2567","0"
"411990","PONTA GROSSA","PR","02/2023","45894","2865","0"
"411995","PONTAL DO PARANÁ","PR","05/2023","5541","516","0"
"411995","PONTAL DO PARANÁ","PR","10/2023","4953","996","0"
"411995","PONTAL DO PARANÁ","PR","04/2023","5609","500","0"
"411995","PONTAL DO PARANÁ","PR","11/2023","5671","1151","0"
"411995","PONTAL DO PARANÁ","PR","06/2023","5502","547","0"
"411995","PONTAL DO PARANÁ","PR","03/2023","5704","492","0"
"411995","PONTAL DO PARANÁ","PR","02/2023","5810","546","0"
"411995","PONTAL DO PARANÁ","PR","08/2023","4984","1018","0"
"411995","PONTAL DO PARANÁ","PR","09/2023","4976","1009","0"
"411995","PONTAL DO PARANÁ","PR","07/2023","4907","1126","0"
"411995","PONTAL DO PARANÁ","PR","12/2023","5628","1163","0"
"411995","PONTAL DO PARANÁ","PR","01/2024","5640","1149","0"
"411995","PONTAL DO PARANÁ","PR","01/2025","5165","1441","0"
"411995","PONTAL DO PARANÁ","PR","02/2024","5542","1120","0"
"411995","PONTAL DO PARANÁ","PR","05/2024","5134","1299","0"
"411995","PONTAL DO PARANÁ","PR","12/2024","5430","1303","0"
"411995","PONTAL DO PARANÁ","PR","03/2024","5183","1363","0"
"411995","PONTAL DO PARANÁ","PR","08/2024","5359","1304","0"
"411995","PONTAL DO PARANÁ","PR","09/2024","5335","1272","0"
"411995","PONTAL DO PARANÁ","PR","04/2024","5210","1313","0"
"411995","PONTAL DO PARANÁ","PR","06/2024","5116","1242","0"
"411995","PONTAL DO PARANÁ","PR","10/2024","5304","1379","0"
"411995","PONTAL DO PARANÁ","PR","11/2024","5299","1347","0"
"411995","PONTAL DO PARANÁ","PR","07/2024","5347","1381","0"
"411995","PONTAL DO PARANÁ","PR","02/2025","5217","1442","0"
"411995","PONTAL DO PARANÁ","PR","01/2026","4888","1335","0"
"411995","PONTAL DO PARANÁ","PR","09/2025","4535","1395","0"
"411995","PONTAL DO PARANÁ","PR","06/2025","5018","1589","0"
"411995","PONTAL DO PARANÁ","PR","07/2025","4708","1503","0"
"411995","PONTAL DO PARANÁ","PR","10/2025","4522","1423","0"
"411995","PONTAL DO PARANÁ","PR","08/2025","4529","1459","0"
"411995","PONTAL DO PARANÁ","PR","11/2025","4551","1366","0"
"411995","PONTAL DO PARANÁ","PR","03/2025","5035","1594","0"
"411995","PONTAL DO PARANÁ","PR","12/2025","4889","1313","0"
"411995","PONTAL DO PARANÁ","PR","05/2025","4994","1590","0"
"411995","PONTAL DO PARANÁ","PR","04/2025","5001","1601","0"
"411995","PONTAL DO PARANÁ","PR","02/2026","4884","1370","0"
"411995","PONTAL DO PARANÁ","PR","03/2026","4910","1239","0"
"411995","PONTAL DO PARANÁ","PR","04/2026","4916","1169","0"
"411995","PONTAL DO PARANÁ","PR","05/2026","5287","1112","0"
"411995","PONTAL DO PARANÁ","PR","06/2026","5491","1138","0"
"411995","PONTAL DO PARANÁ","PR","08/2026","5432","1065","0"
"412000","PORECATU","PR","12/2023","1712","384","0"
"412000","PORECATU","PR","06/2023","2221","36","0"
"412000","PORECATU","PR","11/2023","1735","386","0"
"412000","PORECATU","PR","02/2023","2401","49","0"
"412000","PORECATU","PR","05/2023","2228","36","0"
"412000","PORECATU","PR","07/2023","1898","320","0"
"412000","PORECATU","PR","03/2023","2255","41","0"
"412000","PORECATU","PR","08/2023","1915","307","0"
"412000","PORECATU","PR","09/2023","1909","295","0"
"412000","PORECATU","PR","04/2023","2234","44","0"
"412000","PORECATU","PR","10/2023","1904","282","0"
"412000","PORECATU","PR","11/2024","1693","386","0"
"412000","PORECATU","PR","12/2024","1724","371","0"
"412000","PORECATU","PR","02/2024","1696","359","0"
"412000","PORECATU","PR","04/2024","1593","403","0"
"412000","PORECATU","PR","07/2024","1659","390","0"
"412000","PORECATU","PR","06/2024","1597","368","0"
"412000","PORECATU","PR","01/2025","1669","421","0"
"412000","PORECATU","PR","05/2024","1566","374","0"
"412000","PORECATU","PR","03/2024","1600","417","0"
"412000","PORECATU","PR","09/2024","1669","377","0"
"412000","PORECATU","PR","10/2024","1686","383","0"
"412000","PORECATU","PR","08/2024","1654","388","0"
"412000","PORECATU","PR","09/2025","1509","411","0"
"412000","PORECATU","PR","01/2026","1506","373","0"
"412000","PORECATU","PR","06/2025","1633","447","0"
"412000","PORECATU","PR","07/2025","1554","380","0"
"412000","PORECATU","PR","02/2025","1672","421","0"
"412000","PORECATU","PR","10/2025","1482","416","0"
"412000","PORECATU","PR","05/2025","1624","427","0"
"412000","PORECATU","PR","11/2025","1489","381","0"
"412000","PORECATU","PR","03/2025","1638","434","0"
"412000","PORECATU","PR","12/2025","1523","358","0"
"412000","PORECATU","PR","08/2025","1504","387","0"
"412000","PORECATU","PR","04/2025","1631","431","0"
"412000","PORECATU","PR","02/2026","1556","373","0"
"412000","PORECATU","PR","03/2026","1606","330","0"
"412000","PORECATU","PR","04/2026","1629","334","0"
"412000","PORECATU","PR","05/2026","1670","298","0"
"412000","PORECATU","PR","06/2026","1686","302","0"
"412000","PORECATU","PR","08/2026","1730","255","0"
"412000","PORECATU","PR","01/2024","1721","369","0"
"412010","PORTO AMAZONAS","PR","08/2026","394","160","0"
"412010","PORTO AMAZONAS","PR","10/2023","411","201","0"
"412010","PORTO AMAZONAS","PR","02/2023","387","174","0"
"412010","PORTO AMAZONAS","PR","12/2023","380","231","0"
"412010","PORTO AMAZONAS","PR","04/2023","377","163","0"
"412010","PORTO AMAZONAS","PR","06/2023","382","185","0"
"412010","PORTO AMAZONAS","PR","03/2023","368","152","0"
"412010","PORTO AMAZONAS","PR","08/2023","364","215","0"
"412010","PORTO AMAZONAS","PR","07/2023","351","233","0"
"412010","PORTO AMAZONAS","PR","09/2023","395","211","0"
"412010","PORTO AMAZONAS","PR","11/2023","370","238","0"
"412010","PORTO AMAZONAS","PR","05/2023","381","179","0"
"412010","PORTO AMAZONAS","PR","01/2024","381","232","0"
"412010","PORTO AMAZONAS","PR","02/2024","392","232","0"
"412010","PORTO AMAZONAS","PR","04/2024","395","227","0"
"412010","PORTO AMAZONAS","PR","03/2024","379","241","0"
"412010","PORTO AMAZONAS","PR","07/2024","431","159","0"
"412010","PORTO AMAZONAS","PR","09/2024","427","153","0"
"412010","PORTO AMAZONAS","PR","01/2025","450","142","0"
"412010","PORTO AMAZONAS","PR","10/2024","438","142","0"
"412010","PORTO AMAZONAS","PR","05/2024","398","220","0"
"412010","PORTO AMAZONAS","PR","12/2024","474","131","0"
"412010","PORTO AMAZONAS","PR","06/2024","428","175","0"
"412010","PORTO AMAZONAS","PR","11/2024","435","140","0"
"412010","PORTO AMAZONAS","PR","08/2024","431","156","0"
"412010","PORTO AMAZONAS","PR","04/2025","459","140","0"
"412010","PORTO AMAZONAS","PR","12/2025","372","167","0"
"412010","PORTO AMAZONAS","PR","09/2025","420","139","0"
"412010","PORTO AMAZONAS","PR","07/2025","410","142","0"
"412010","PORTO AMAZONAS","PR","06/2025","459","129","0"
"412010","PORTO AMAZONAS","PR","02/2025","465","138","0"
"412010","PORTO AMAZONAS","PR","05/2025","459","129","0"
"412010","PORTO AMAZONAS","PR","11/2025","357","165","0"
"412010","PORTO AMAZONAS","PR","10/2025","393","151","0"
"412010","PORTO AMAZONAS","PR","03/2025","461","144","0"
"412010","PORTO AMAZONAS","PR","01/2026","360","176","0"
"412010","PORTO AMAZONAS","PR","08/2025","425","146","0"
"412010","PORTO AMAZONAS","PR","02/2026","374","178","0"
"412010","PORTO AMAZONAS","PR","03/2026","407","154","0"
"412010","PORTO AMAZONAS","PR","04/2026","394","158","0"
"412010","PORTO AMAZONAS","PR","05/2026","393","158","0"
"412010","PORTO AMAZONAS","PR","06/2026","396","161","0"
"412015","PORTO BARREIRO","PR","08/2026","534","165","0"
"412015","PORTO BARREIRO","PR","06/2023","844","39","0"
"412015","PORTO BARREIRO","PR","11/2023","792","109","0"
"412015","PORTO BARREIRO","PR","12/2023","798","108","0"
"412015","PORTO BARREIRO","PR","04/2023","850","36","0"
"412015","PORTO BARREIRO","PR","07/2023","805","83","0"
"412015","PORTO BARREIRO","PR","03/2023","859","36","0"
"412015","PORTO BARREIRO","PR","09/2023","812","81","0"
"412015","PORTO BARREIRO","PR","01/2024","803","98","0"
"412015","PORTO BARREIRO","PR","05/2023","851","37","0"
"412015","PORTO BARREIRO","PR","10/2023","826","94","0"
"412015","PORTO BARREIRO","PR","08/2023","805","82","0"
"412015","PORTO BARREIRO","PR","05/2024","773","119","0"
"412015","PORTO BARREIRO","PR","04/2024","784","125","0"
"412015","PORTO BARREIRO","PR","11/2024","692","192","0"
"412015","PORTO BARREIRO","PR","07/2024","748","147","0"
"412015","PORTO BARREIRO","PR","10/2024","702","189","0"
"412015","PORTO BARREIRO","PR","12/2024","684","180","0"
"412015","PORTO BARREIRO","PR","01/2025","655","199","0"
"412015","PORTO BARREIRO","PR","06/2024","781","115","0"
"412015","PORTO BARREIRO","PR","02/2024","798","98","0"
"412015","PORTO BARREIRO","PR","09/2024","741","153","0"
"412015","PORTO BARREIRO","PR","02/2023","865","40","0"
"412015","PORTO BARREIRO","PR","03/2024","766","127","0"
"412015","PORTO BARREIRO","PR","08/2024","747","151","0"
"412015","PORTO BARREIRO","PR","08/2025","574","210","0"
"412015","PORTO BARREIRO","PR","09/2025","554","211","0"
"412015","PORTO BARREIRO","PR","04/2025","631","213","0"
"412015","PORTO BARREIRO","PR","06/2025","631","208","0"
"412015","PORTO BARREIRO","PR","01/2026","530","184","0"
"412015","PORTO BARREIRO","PR","03/2025","635","210","0"
"412015","PORTO BARREIRO","PR","02/2025","655","199","0"
"412015","PORTO BARREIRO","PR","11/2025","540","197","0"
"412015","PORTO BARREIRO","PR","12/2025","533","184","0"
"412015","PORTO BARREIRO","PR","07/2025","599","215","0"
"412015","PORTO BARREIRO","PR","10/2025","544","205","0"
"412015","PORTO BARREIRO","PR","05/2025","631","208","0"
"412015","PORTO BARREIRO","PR","02/2026","517","209","0"
"412015","PORTO BARREIRO","PR","03/2026","511","194","0"
"412015","PORTO BARREIRO","PR","04/2026","535","184","0"
"412015","PORTO BARREIRO","PR","05/2026","522","184","0"
"412015","PORTO BARREIRO","PR","06/2026","524","176","0"
"412020","PORTO RICO","PR","10/2023","323","121","0"
"412020","PORTO RICO","PR","12/2023","317","134","0"
"412020","PORTO RICO","PR","02/2023","369","118","0"
"412020","PORTO RICO","PR","04/2023","346","114","0"
"412020","PORTO RICO","PR","01/2024","323","130","0"
"412020","PORTO RICO","PR","08/2023","316","129","0"
"412020","PORTO RICO","PR","05/2023","355","117","0"
"412020","PORTO RICO","PR","07/2023","294","159","0"
"412020","PORTO RICO","PR","03/2023","354","116","0"
"412020","PORTO RICO","PR","06/2023","350","117","0"
"412020","PORTO RICO","PR","09/2023","319","120","0"
"412020","PORTO RICO","PR","11/2023","317","132","0"
"412020","PORTO RICO","PR","03/2024","334","149","0"
"412020","PORTO RICO","PR","02/2024","349","130","0"
"412020","PORTO RICO","PR","07/2024","353","142","0"
"412020","PORTO RICO","PR","12/2024","365","124","0"
"412020","PORTO RICO","PR","05/2024","361","127","0"
"412020","PORTO RICO","PR","01/2025","342","148","0"
"412020","PORTO RICO","PR","04/2024","347","155","0"
"412020","PORTO RICO","PR","06/2024","376","122","0"
"412020","PORTO RICO","PR","09/2024","360","119","0"
"412020","PORTO RICO","PR","10/2024","342","147","0"
"412020","PORTO RICO","PR","11/2024","354","135","0"
"412020","PORTO RICO","PR","08/2024","363","134","0"
"412020","PORTO RICO","PR","01/2026","361","115","0"
"412020","PORTO RICO","PR","08/2025","338","121","0"
"412020","PORTO RICO","PR","04/2025","401","132","0"
"412020","PORTO RICO","PR","09/2025","333","111","0"
"412020","PORTO RICO","PR","07/2025","357","110","0"
"412020","PORTO RICO","PR","06/2025","406","115","0"
"412020","PORTO RICO","PR","12/2025","373","120","0"
"412020","PORTO RICO","PR","10/2025","331","122","0"
"412020","PORTO RICO","PR","11/2025","328","123","0"
"412020","PORTO RICO","PR","03/2025","389","132","0"
"412020","PORTO RICO","PR","02/2025","361","145","0"
"412020","PORTO RICO","PR","05/2025","401","123","0"
"412020","PORTO RICO","PR","02/2026","363","115","0"
"412020","PORTO RICO","PR","03/2026","372","113","0"
"412020","PORTO RICO","PR","04/2026","367","107","0"
"412020","PORTO RICO","PR","05/2026","368","123","0"
"412020","PORTO RICO","PR","06/2026","397","124","0"
"412020","PORTO RICO","PR","08/2026","391","125","0"
"412030","PORTO VITÓRIA","PR","04/2024","822","218","0"
"412030","PORTO VITÓRIA","PR","04/2023","819","73","0"
"412030","PORTO VITÓRIA","PR","11/2023","777","185","0"
"412030","PORTO VITÓRIA","PR","06/2023","803","76","0"
"412030","PORTO VITÓRIA","PR","08/2023","814","128","0"
"412030","PORTO VITÓRIA","PR","12/2023","788","185","0"
"412030","PORTO VITÓRIA","PR","01/2024","812","181","0"
"412030","PORTO VITÓRIA","PR","10/2023","835","135","0"
"412030","PORTO VITÓRIA","PR","03/2023","797","73","0"
"412030","PORTO VITÓRIA","PR","09/2023","845","130","0"
"412030","PORTO VITÓRIA","PR","02/2023","786","91","0"
"412030","PORTO VITÓRIA","PR","05/2023","808","67","0"
"412030","PORTO VITÓRIA","PR","07/2023","794","136","0"
"412030","PORTO VITÓRIA","PR","08/2024","771","230","0"
"412030","PORTO VITÓRIA","PR","02/2024","863","183","0"
"412030","PORTO VITÓRIA","PR","03/2024","813","235","0"
"412030","PORTO VITÓRIA","PR","12/2024","773","222","0"
"412030","PORTO VITÓRIA","PR","07/2024","775","218","0"
"412030","PORTO VITÓRIA","PR","05/2024","829","196","0"
"412030","PORTO VITÓRIA","PR","06/2024","841","185","0"
"412030","PORTO VITÓRIA","PR","09/2024","766","228","0"
"412030","PORTO VITÓRIA","PR","01/2025","745","238","0"
"412030","PORTO VITÓRIA","PR","11/2024","759","218","0"
"412030","PORTO VITÓRIA","PR","10/2024","761","222","0"
"412030","PORTO VITÓRIA","PR","09/2025","720","237","0"
"412030","PORTO VITÓRIA","PR","02/2025","770","217","0"
"412030","PORTO VITÓRIA","PR","08/2025","731","234","0"
"412030","PORTO VITÓRIA","PR","12/2025","744","170","0"
"412030","PORTO VITÓRIA","PR","01/2026","743","165","0"
"412030","PORTO VITÓRIA","PR","10/2025","728","207","0"
"412030","PORTO VITÓRIA","PR","07/2025","679","237","0"
"412030","PORTO VITÓRIA","PR","11/2025","732","192","0"
"412030","PORTO VITÓRIA","PR","03/2025","757","245","0"
"412030","PORTO VITÓRIA","PR","06/2025","764","224","0"
"412030","PORTO VITÓRIA","PR","05/2025","762","231","0"
"412030","PORTO VITÓRIA","PR","04/2025","764","231","0"
"412030","PORTO VITÓRIA","PR","02/2026","730","173","0"
"412030","PORTO VITÓRIA","PR","03/2026","782","161","0"
"412030","PORTO VITÓRIA","PR","04/2026","796","159","0"
"412030","PORTO VITÓRIA","PR","05/2026","802","162","0"
"412030","PORTO VITÓRIA","PR","06/2026","803","158","0"
"412030","PORTO VITÓRIA","PR","08/2026","808","153","0"
"412033","PRADO FERREIRA","PR","06/2026","567","215","0"
"412033","PRADO FERREIRA","PR","05/2026","558","212","0"
"412033","PRADO FERREIRA","PR","04/2026","573","196","0"
"412033","PRADO FERREIRA","PR","03/2026","593","168","0"
"412033","PRADO FERREIRA","PR","02/2026","593","174","0"
"412033","PRADO FERREIRA","PR","05/2025","549","255","0"
"412033","PRADO FERREIRA","PR","02/2025","597","242","0"
"412033","PRADO FERREIRA","PR","04/2025","549","255","0"
"412033","PRADO FERREIRA","PR","06/2025","550","254","0"
"412033","PRADO FERREIRA","PR","11/2025","509","177","0"
"412033","PRADO FERREIRA","PR","10/2025","501","208","0"
"412033","PRADO FERREIRA","PR","12/2025","554","183","0"
"412033","PRADO FERREIRA","PR","01/2026","555","181","0"
"412033","PRADO FERREIRA","PR","03/2025","568","252","0"
"412033","PRADO FERREIRA","PR","09/2025","497","223","0"
"412033","PRADO FERREIRA","PR","08/2026","579","186","0"
"412033","PRADO FERREIRA","PR","07/2025","506","246","0"
"412033","PRADO FERREIRA","PR","08/2025","468","245","0"
"412033","PRADO FERREIRA","PR","03/2024","608","262","0"
"412033","PRADO FERREIRA","PR","10/2024","591","233","0"
"412033","PRADO FERREIRA","PR","11/2024","604","225","0"
"412033","PRADO FERREIRA","PR","06/2024","593","231","0"
"412033","PRADO FERREIRA","PR","04/2024","612","241","0"
"412033","PRADO FERREIRA","PR","02/2024","690","208","0"
"412033","PRADO FERREIRA","PR","01/2025","574","244","0"
"412033","PRADO FERREIRA","PR","07/2024","576","251","0"
"412033","PRADO FERREIRA","PR","09/2024","581","233","0"
"412033","PRADO FERREIRA","PR","08/2024","559","246","0"
"412033","PRADO FERREIRA","PR","12/2024","621","224","0"
"412033","PRADO FERREIRA","PR","05/2024","598","237","0"
"412033","PRADO FERREIRA","PR","01/2024","692","214","0"
"412033","PRADO FERREIRA","PR","06/2023","750","84","0"
"412033","PRADO FERREIRA","PR","10/2023","706","176","0"
"412033","PRADO FERREIRA","PR","05/2023","758","86","0"
"412033","PRADO FERREIRA","PR","03/2023","773","84","0"
"412033","PRADO FERREIRA","PR","02/2023","802","108","0"
"412033","PRADO FERREIRA","PR","11/2023","688","207","0"
"412033","PRADO FERREIRA","PR","09/2023","696","187","0"
"412033","PRADO FERREIRA","PR","08/2023","580","202","0"
"412033","PRADO FERREIRA","PR","12/2023","692","207","0"
"412033","PRADO FERREIRA","PR","07/2023","577","212","0"
"412033","PRADO FERREIRA","PR","04/2023","759","81","0"
"412035","PRANCHITA","PR","02/2023","787","60","0"
"412035","PRANCHITA","PR","12/2023","622","188","0"
"412035","PRANCHITA","PR","01/2024","617","182","0"
"412035","PRANCHITA","PR","08/2023","627","178","0"
"412035","PRANCHITA","PR","11/2023","624","190","0"
"412035","PRANCHITA","PR","10/2023","656","162","0"
"412035","PRANCHITA","PR","03/2023","744","53","0"
"412035","PRANCHITA","PR","07/2023","625","181","0"
"412035","PRANCHITA","PR","04/2023","742","54","0"
"412035","PRANCHITA","PR","09/2023","646","176","0"
"412035","PRANCHITA","PR","06/2023","719","67","0"
"412035","PRANCHITA","PR","05/2023","727","53","0"
"412035","PRANCHITA","PR","12/2024","548","264","0"
"412035","PRANCHITA","PR","04/2024","584","198","0"
"412035","PRANCHITA","PR","01/2025","534","271","0"
"412035","PRANCHITA","PR","11/2024","535","257","0"
"412035","PRANCHITA","PR","10/2024","537","258","0"
"412035","PRANCHITA","PR","07/2024","498","267","0"
"412035","PRANCHITA","PR","02/2024","609","179","0"
"412035","PRANCHITA","PR","06/2024","557","221","0"
"412035","PRANCHITA","PR","09/2024","514","251","0"
"412035","PRANCHITA","PR","05/2024","574","215","0"
"412035","PRANCHITA","PR","03/2024","579","200","0"
"412035","PRANCHITA","PR","08/2024","507","255","0"
"412035","PRANCHITA","PR","09/2025","500","211","0"
"412035","PRANCHITA","PR","01/2026","538","200","0"
"412035","PRANCHITA","PR","02/2025","531","269","0"
"412035","PRANCHITA","PR","12/2025","537","203","0"
"412035","PRANCHITA","PR","07/2025","481","210","0"
"412035","PRANCHITA","PR","06/2025","518","276","0"
"412035","PRANCHITA","PR","11/2025","483","198","0"
"412035","PRANCHITA","PR","03/2025","510","297","0"
"412035","PRANCHITA","PR","10/2025","493","229","0"
"412035","PRANCHITA","PR","05/2025","518","276","0"
"412035","PRANCHITA","PR","08/2025","526","206","0"
"412035","PRANCHITA","PR","04/2025","518","276","0"
"412035","PRANCHITA","PR","02/2026","543","203","0"
"412035","PRANCHITA","PR","03/2026","531","201","0"
"412035","PRANCHITA","PR","04/2026","589","192","0"
"412035","PRANCHITA","PR","05/2026","605","170","0"
"412035","PRANCHITA","PR","06/2026","622","149","0"
"412035","PRANCHITA","PR","08/2026","593","156","0"
"412040","PRESIDENTE CASTELO BRANCO","PR","02/2023","414","69","0"
"412040","PRESIDENTE CASTELO BRANCO","PR","06/2023","486","58","0"
"412040","PRESIDENTE CASTELO BRANCO","PR","07/2023","427","133","0"
"412040","PRESIDENTE CASTELO BRANCO","PR","05/2023","487","63","0"
"412040","PRESIDENTE CASTELO BRANCO","PR","03/2023","410","69","0"
"412040","PRESIDENTE CASTELO BRANCO","PR","04/2023","450","69","0"
"412040","PRESIDENTE CASTELO BRANCO","PR","08/2023","482","119","0"
"412040","PRESIDENTE CASTELO BRANCO","PR","11/2024","484","159","0"
"412040","PRESIDENTE CASTELO BRANCO","PR","02/2024","517","117","0"
"412040","PRESIDENTE CASTELO BRANCO","PR","03/2024","460","160","0"
"412040","PRESIDENTE CASTELO BRANCO","PR","05/2024","480","152","0"
"412040","PRESIDENTE CASTELO BRANCO","PR","04/2024","464","154","0"
"412040","PRESIDENTE CASTELO BRANCO","PR","06/2024","475","146","0"
"412040","PRESIDENTE CASTELO BRANCO","PR","07/2024","435","177","0"
"412040","PRESIDENTE CASTELO BRANCO","PR","09/2024","447","150","0"
"412040","PRESIDENTE CASTELO BRANCO","PR","10/2024","466","170","0"
"412040","PRESIDENTE CASTELO BRANCO","PR","12/2024","491","148","0"
"412040","PRESIDENTE CASTELO BRANCO","PR","01/2025","456","159","0"
"412040","PRESIDENTE CASTELO BRANCO","PR","08/2024","430","162","0"
"412040","PRESIDENTE CASTELO BRANCO","PR","02/2025","462","149","0"
"412040","PRESIDENTE CASTELO BRANCO","PR","05/2025","452","165","0"
"412040","PRESIDENTE CASTELO BRANCO","PR","01/2026","423","136","0"
"412040","PRESIDENTE CASTELO BRANCO","PR","06/2025","452","165","0"
"412040","PRESIDENTE CASTELO BRANCO","PR","09/2025","412","145","0"
"412040","PRESIDENTE CASTELO BRANCO","PR","11/2025","392","141","0"
"412040","PRESIDENTE CASTELO BRANCO","PR","07/2025","427","139","0"
"412040","PRESIDENTE CASTELO BRANCO","PR","12/2025","423","136","0"
"412040","PRESIDENTE CASTELO BRANCO","PR","03/2025","461","161","0"
"412040","PRESIDENTE CASTELO BRANCO","PR","10/2025","404","148","0"
"412040","PRESIDENTE CASTELO BRANCO","PR","01/2024","500","117","0"
"412040","PRESIDENTE CASTELO BRANCO","PR","04/2025","457","165","0"
"412040","PRESIDENTE CASTELO BRANCO","PR","08/2025","409","146","0"
"412040","PRESIDENTE CASTELO BRANCO","PR","02/2026","418","139","0"
"412040","PRESIDENTE CASTELO BRANCO","PR","03/2026","405","102","0"
"412040","PRESIDENTE CASTELO BRANCO","PR","04/2026","446","96","0"
"412040","PRESIDENTE CASTELO BRANCO","PR","05/2026","470","90","0"
"412040","PRESIDENTE CASTELO BRANCO","PR","11/2023","477","128","0"
"412040","PRESIDENTE CASTELO BRANCO","PR","06/2026","491","90","0"
"412040","PRESIDENTE CASTELO BRANCO","PR","08/2026","518","98","0"
"412040","PRESIDENTE CASTELO BRANCO","PR","09/2023","500","111","0"
"412040","PRESIDENTE CASTELO BRANCO","PR","10/2023","507","111","0"
"412040","PRESIDENTE CASTELO BRANCO","PR","12/2023","498","119","0"
"412050","PRIMEIRO DE MAIO","PR","03/2026","997","267","0"
"412050","PRIMEIRO DE MAIO","PR","11/2023","1216","264","0"
"412050","PRIMEIRO DE MAIO","PR","12/2023","1225","275","0"
"412050","PRIMEIRO DE MAIO","PR","06/2023","1289","142","0"
"412050","PRIMEIRO DE MAIO","PR","10/2023","1258","253","0"
"412050","PRIMEIRO DE MAIO","PR","05/2023","1298","135","0"
"412050","PRIMEIRO DE MAIO","PR","04/2023","1287","139","0"
"412050","PRIMEIRO DE MAIO","PR","07/2023","1192","299","0"
"412050","PRIMEIRO DE MAIO","PR","01/2024","1244","277","0"
"412050","PRIMEIRO DE MAIO","PR","08/2023","1214","281","0"
"412050","PRIMEIRO DE MAIO","PR","03/2023","1274","136","0"
"412050","PRIMEIRO DE MAIO","PR","02/2023","1291","159","0"
"412050","PRIMEIRO DE MAIO","PR","09/2023","1242","262","0"
"412050","PRIMEIRO DE MAIO","PR","03/2024","1225","286","0"
"412050","PRIMEIRO DE MAIO","PR","12/2024","1076","356","0"
"412050","PRIMEIRO DE MAIO","PR","05/2024","1231","284","0"
"412050","PRIMEIRO DE MAIO","PR","09/2024","1120","336","0"
"412050","PRIMEIRO DE MAIO","PR","11/2024","1083","366","0"
"412050","PRIMEIRO DE MAIO","PR","02/2024","1242","276","0"
"412050","PRIMEIRO DE MAIO","PR","07/2024","1147","341","0"
"412050","PRIMEIRO DE MAIO","PR","10/2024","1081","382","0"
"412050","PRIMEIRO DE MAIO","PR","01/2025","1017","375","0"
"412050","PRIMEIRO DE MAIO","PR","08/2024","1128","346","0"
"412050","PRIMEIRO DE MAIO","PR","06/2024","1228","279","0"
"412050","PRIMEIRO DE MAIO","PR","04/2024","1226","279","0"
"412050","PRIMEIRO DE MAIO","PR","05/2025","1026","360","0"
"412050","PRIMEIRO DE MAIO","PR","04/2025","1026","360","0"
"412050","PRIMEIRO DE MAIO","PR","02/2025","1025","371","0"
"412050","PRIMEIRO DE MAIO","PR","06/2025","1030","360","0"
"412050","PRIMEIRO DE MAIO","PR","09/2025","967","342","0"
"412050","PRIMEIRO DE MAIO","PR","12/2025","954","301","0"
"412050","PRIMEIRO DE MAIO","PR","01/2026","971","285","0"
"412050","PRIMEIRO DE MAIO","PR","07/2025","971","355","0"
"412050","PRIMEIRO DE MAIO","PR","10/2025","943","347","0"
"412050","PRIMEIRO DE MAIO","PR","11/2025","924","338","0"
"412050","PRIMEIRO DE MAIO","PR","08/2025","960","346","0"
"412050","PRIMEIRO DE MAIO","PR","03/2025","1034","360","0"
"412050","PRIMEIRO DE MAIO","PR","02/2026","963","293","0"
"412050","PRIMEIRO DE MAIO","PR","04/2026","1016","262","0"
"412050","PRIMEIRO DE MAIO","PR","05/2026","1022","257","0"
"412050","PRIMEIRO DE MAIO","PR","06/2026","1010","254","0"
"412050","PRIMEIRO DE MAIO","PR","08/2026","1029","228","0"
"412060","PRUDENTÓPOLIS","PR","11/2023","8527","2246","0"
"412060","PRUDENTÓPOLIS","PR","04/2023","9450","1117","0"
"412060","PRUDENTÓPOLIS","PR","05/2023","9458","1102","0"
"412060","PRUDENTÓPOLIS","PR","06/2023","9381","1183","0"
"412060","PRUDENTÓPOLIS","PR","08/2023","8661","2016","0"
"412060","PRUDENTÓPOLIS","PR","07/2023","8570","2178","0"
"412060","PRUDENTÓPOLIS","PR","09/2023","8768","1997","0"
"412060","PRUDENTÓPOLIS","PR","01/2024","8634","2118","0"
"412060","PRUDENTÓPOLIS","PR","02/2023","9591","1135","0"
"412060","PRUDENTÓPOLIS","PR","03/2023","9417","1111","0"
"412060","PRUDENTÓPOLIS","PR","12/2023","8549","2233","0"
"412060","PRUDENTÓPOLIS","PR","09/2024","7778","2332","0"
"412060","PRUDENTÓPOLIS","PR","02/2024","8712","2032","0"
"412060","PRUDENTÓPOLIS","PR","12/2024","7301","2575","0"
"412060","PRUDENTÓPOLIS","PR","04/2024","8487","2243","0"
"412060","PRUDENTÓPOLIS","PR","05/2024","8507","2146","0"
"412060","PRUDENTÓPOLIS","PR","06/2024","8474","2134","0"
"412060","PRUDENTÓPOLIS","PR","07/2024","7891","2472","0"
"412060","PRUDENTÓPOLIS","PR","03/2024","8440","2242","0"
"412060","PRUDENTÓPOLIS","PR","10/2024","7400","2622","0"
"412060","PRUDENTÓPOLIS","PR","01/2025","6972","2712","0"
"412060","PRUDENTÓPOLIS","PR","11/2024","7403","2631","0"
"412060","PRUDENTÓPOLIS","PR","08/2024","7806","2426","0"
"412060","PRUDENTÓPOLIS","PR","05/2025","6804","2724","0"
"412060","PRUDENTÓPOLIS","PR","08/2025","6438","2538","0"
"412060","PRUDENTÓPOLIS","PR","03/2025","6843","2771","0"
"412060","PRUDENTÓPOLIS","PR","12/2025","6001","2359","0"
"412060","PRUDENTÓPOLIS","PR","09/2025","6418","2482","0"
"412060","PRUDENTÓPOLIS","PR","04/2025","6806","2751","0"
"412060","PRUDENTÓPOLIS","PR","06/2025","6834","2727","0"
"412060","PRUDENTÓPOLIS","PR","10/2025","6130","2489","0"
"412060","PRUDENTÓPOLIS","PR","01/2026","5851","2521","0"
"412060","PRUDENTÓPOLIS","PR","07/2025","6523","2463","0"
"412060","PRUDENTÓPOLIS","PR","02/2025","6966","2709","0"
"412060","PRUDENTÓPOLIS","PR","11/2025","5981","2297","0"
"412060","PRUDENTÓPOLIS","PR","02/2026","5821","2525","0"
"412060","PRUDENTÓPOLIS","PR","03/2026","5911","2337","0"
"412060","PRUDENTÓPOLIS","PR","04/2026","5854","2323","0"
"412060","PRUDENTÓPOLIS","PR","05/2026","5836","2274","0"
"412060","PRUDENTÓPOLIS","PR","06/2026","5784","2268","0"
"412060","PRUDENTÓPOLIS","PR","08/2026","5616","2124","0"
"412060","PRUDENTÓPOLIS","PR","10/2023","8941","1955","0"
"412065","QUARTO CENTENÁRIO","PR","01/2026","410","134","0"
"412065","QUARTO CENTENÁRIO","PR","02/2023","535","86","0"
"412065","QUARTO CENTENÁRIO","PR","09/2023","482","143","0"
"412065","QUARTO CENTENÁRIO","PR","12/2023","436","184","0"
"412065","QUARTO CENTENÁRIO","PR","04/2023","530","77","0"
"412065","QUARTO CENTENÁRIO","PR","10/2023","479","147","0"
"412065","QUARTO CENTENÁRIO","PR","07/2023","480","136","0"
"412065","QUARTO CENTENÁRIO","PR","03/2023","538","77","0"
"412065","QUARTO CENTENÁRIO","PR","05/2023","530","80","0"
"412065","QUARTO CENTENÁRIO","PR","01/2024","440","186","0"
"412065","QUARTO CENTENÁRIO","PR","08/2023","479","143","0"
"412065","QUARTO CENTENÁRIO","PR","11/2023","432","184","0"
"412065","QUARTO CENTENÁRIO","PR","06/2023","523","78","0"
"412065","QUARTO CENTENÁRIO","PR","03/2024","387","202","0"
"412065","QUARTO CENTENÁRIO","PR","12/2024","456","133","0"
"412065","QUARTO CENTENÁRIO","PR","06/2024","415","169","0"
"412065","QUARTO CENTENÁRIO","PR","04/2024","403","202","0"
"412065","QUARTO CENTENÁRIO","PR","02/2024","428","177","0"
"412065","QUARTO CENTENÁRIO","PR","07/2024","394","172","0"
"412065","QUARTO CENTENÁRIO","PR","11/2024","451","146","0"
"412065","QUARTO CENTENÁRIO","PR","10/2024","440","163","0"
"412065","QUARTO CENTENÁRIO","PR","05/2024","417","180","0"
"412065","QUARTO CENTENÁRIO","PR","01/2025","443","137","0"
"412065","QUARTO CENTENÁRIO","PR","09/2024","420","146","0"
"412065","QUARTO CENTENÁRIO","PR","08/2024","406","167","0"
"412065","QUARTO CENTENÁRIO","PR","09/2025","430","112","0"
"412065","QUARTO CENTENÁRIO","PR","02/2025","446","131","0"
"412065","QUARTO CENTENÁRIO","PR","06/2025","470","126","0"
"412065","QUARTO CENTENÁRIO","PR","10/2025","450","123","0"
"412065","QUARTO CENTENÁRIO","PR","08/2025","432","123","0"
"412065","QUARTO CENTENÁRIO","PR","11/2025","443","114","0"
"412065","QUARTO CENTENÁRIO","PR","03/2025","469","124","0"
"412065","QUARTO CENTENÁRIO","PR","12/2025","424","126","0"
"412065","QUARTO CENTENÁRIO","PR","07/2025","448","136","0"
"412065","QUARTO CENTENÁRIO","PR","05/2025","465","126","0"
"412065","QUARTO CENTENÁRIO","PR","04/2025","468","126","0"
"412065","QUARTO CENTENÁRIO","PR","02/2026","400","136","0"
"412065","QUARTO CENTENÁRIO","PR","03/2026","390","121","0"
"412065","QUARTO CENTENÁRIO","PR","04/2026","414","127","0"
"412065","QUARTO CENTENÁRIO","PR","05/2026","418","126","0"
"412065","QUARTO CENTENÁRIO","PR","06/2026","413","130","0"
"412065","QUARTO CENTENÁRIO","PR","08/2026","426","145","0"
"412070","QUATIGUÁ","PR","01/2025","1137","383","0"
"412070","QUATIGUÁ","PR","01/2024","1237","294","0"
"412070","QUATIGUÁ","PR","09/2023","1315","245","0"
"412070","QUATIGUÁ","PR","10/2023","1336","239","0"
"412070","QUATIGUÁ","PR","05/2023","1400","89","0"
"412070","QUATIGUÁ","PR","06/2023","1386","97","0"
"412070","QUATIGUÁ","PR","04/2023","1393","95","0"
"412070","QUATIGUÁ","PR","07/2023","1188","274","0"
"412070","QUATIGUÁ","PR","12/2023","1227","316","0"
"412070","QUATIGUÁ","PR","08/2023","1188","256","0"
"412070","QUATIGUÁ","PR","11/2023","1234","320","0"
"412070","QUATIGUÁ","PR","02/2024","1237","283","0"
"412070","QUATIGUÁ","PR","12/2024","1170","333","0"
"412070","QUATIGUÁ","PR","05/2024","1168","291","0"
"412070","QUATIGUÁ","PR","06/2024","1241","293","0"
"412070","QUATIGUÁ","PR","03/2024","1184","309","0"
"412070","QUATIGUÁ","PR","09/2024","1175","306","0"
"412070","QUATIGUÁ","PR","10/2024","1111","366","0"
"412070","QUATIGUÁ","PR","07/2024","1178","321","0"
"412070","QUATIGUÁ","PR","04/2024","1202","296","0"
"412070","QUATIGUÁ","PR","02/2023","1409","119","0"
"412070","QUATIGUÁ","PR","11/2024","1146","341","0"
"412070","QUATIGUÁ","PR","08/2024","1171","319","0"
"412070","QUATIGUÁ","PR","09/2025","1083","300","0"
"412070","QUATIGUÁ","PR","01/2026","1102","263","0"
"412070","QUATIGUÁ","PR","12/2025","1114","244","0"
"412070","QUATIGUÁ","PR","04/2025","1088","393","0"
"412070","QUATIGUÁ","PR","10/2025","1073","297","0"
"412070","QUATIGUÁ","PR","07/2025","1035","343","0"
"412070","QUATIGUÁ","PR","08/2025","1104","317","0"
"412070","QUATIGUÁ","PR","02/2025","1120","389","0"
"412070","QUATIGUÁ","PR","11/2025","1059","254","0"
"412070","QUATIGUÁ","PR","03/2025","1080","403","0"
"412070","QUATIGUÁ","PR","05/2025","1088","393","0"
"412070","QUATIGUÁ","PR","06/2025","1100","390","0"
"412070","QUATIGUÁ","PR","02/2026","1084","272","0"
"412070","QUATIGUÁ","PR","03/2026","1136","275","0"
"412070","QUATIGUÁ","PR","04/2026","1146","264","0"
"412070","QUATIGUÁ","PR","05/2026","1162","237","0"
"412070","QUATIGUÁ","PR","06/2026","1190","240","0"
"412070","QUATIGUÁ","PR","08/2026","1199","215","0"
"412070","QUATIGUÁ","PR","03/2023","1391","105","0"
"412080","QUATRO BARRAS","PR","08/2026","2917","533","0"
"412080","QUATRO BARRAS","PR","11/2023","2592","818","0"
"412080","QUATRO BARRAS","PR","04/2023","2872","207","0"
"412080","QUATRO BARRAS","PR","06/2023","2873","205","0"
"412080","QUATRO BARRAS","PR","05/2023","2880","203","0"
"412080","QUATRO BARRAS","PR","03/2023","2880","218","0"
"412080","QUATRO BARRAS","PR","08/2023","2599","630","0"
"412080","QUATRO BARRAS","PR","09/2023","2822","618","0"
"412080","QUATRO BARRAS","PR","01/2024","2638","768","0"
"412080","QUATRO BARRAS","PR","07/2023","2357","653","0"
"412080","QUATRO BARRAS","PR","10/2023","2854","599","0"
"412080","QUATRO BARRAS","PR","12/2023","2630","795","0"
"412080","QUATRO BARRAS","PR","11/2024","2647","857","0"
"412080","QUATRO BARRAS","PR","12/2024","2637","829","0"
"412080","QUATRO BARRAS","PR","05/2024","2568","870","0"
"412080","QUATRO BARRAS","PR","02/2024","2752","744","0"
"412080","QUATRO BARRAS","PR","06/2024","2582","841","0"
"412080","QUATRO BARRAS","PR","04/2024","2576","890","0"
"412080","QUATRO BARRAS","PR","01/2025","2515","865","0"
"412080","QUATRO BARRAS","PR","10/2024","2605","872","0"
"412080","QUATRO BARRAS","PR","03/2024","2535","904","0"
"412080","QUATRO BARRAS","PR","08/2024","2640","806","0"
"412080","QUATRO BARRAS","PR","07/2024","2629","836","0"
"412080","QUATRO BARRAS","PR","09/2024","2670","778","0"
"412080","QUATRO BARRAS","PR","12/2025","2512","590","0"
"412080","QUATRO BARRAS","PR","02/2025","2590","852","0"
"412080","QUATRO BARRAS","PR","09/2025","2453","740","0"
"412080","QUATRO BARRAS","PR","04/2025","2664","850","0"
"412080","QUATRO BARRAS","PR","01/2026","2506","614","0"
"412080","QUATRO BARRAS","PR","07/2025","2564","743","0"
"412080","QUATRO BARRAS","PR","10/2025","2442","716","0"
"412080","QUATRO BARRAS","PR","11/2025","2408","629","0"
"412080","QUATRO BARRAS","PR","03/2025","2618","897","0"
"412080","QUATRO BARRAS","PR","05/2025","2669","843","0"
"412080","QUATRO BARRAS","PR","08/2025","2464","728","0"
"412080","QUATRO BARRAS","PR","06/2025","2673","852","0"
"412080","QUATRO BARRAS","PR","02/2026","2508","663","0"
"412080","QUATRO BARRAS","PR","03/2026","2479","621","0"
"412080","QUATRO BARRAS","PR","04/2026","2513","584","0"
"412080","QUATRO BARRAS","PR","05/2026","2698","548","0"
"412080","QUATRO BARRAS","PR","06/2026","2878","548","0"
"412080","QUATRO BARRAS","PR","02/2023","3026","235","0"
"412085","QUATRO PONTES","PR","04/2024","115","74","0"
"412085","QUATRO PONTES","PR","03/2023","117","22","0"
"412085","QUATRO PONTES","PR","06/2023","150","27","0"
"412085","QUATRO PONTES","PR","07/2023","153","34","0"
"412085","QUATRO PONTES","PR","11/2023","107","72","0"
"412085","QUATRO PONTES","PR","02/2023","101","27","0"
"412085","QUATRO PONTES","PR","01/2024","108","68","0"
"412085","QUATRO PONTES","PR","04/2023","140","17","0"
"412085","QUATRO PONTES","PR","09/2023","142","37","0"
"412085","QUATRO PONTES","PR","05/2023","151","20","0"
"412085","QUATRO PONTES","PR","10/2023","139","37","0"
"412085","QUATRO PONTES","PR","08/2023","159","33","0"
"412085","QUATRO PONTES","PR","12/2023","113","65","0"
"412085","QUATRO PONTES","PR","05/2024","117","78","0"
"412085","QUATRO PONTES","PR","02/2024","100","69","0"
"412085","QUATRO PONTES","PR","11/2024","116","68","0"
"412085","QUATRO PONTES","PR","08/2024","98","75","0"
"412085","QUATRO PONTES","PR","07/2024","98","80","0"
"412085","QUATRO PONTES","PR","12/2024","124","68","0"
"412085","QUATRO PONTES","PR","06/2024","109","80","0"
"412085","QUATRO PONTES","PR","03/2024","111","64","0"
"412085","QUATRO PONTES","PR","09/2024","97","76","0"
"412085","QUATRO PONTES","PR","01/2025","126","68","0"
"412085","QUATRO PONTES","PR","10/2024","116","62","0"
"412085","QUATRO PONTES","PR","07/2025","71","76","0"
"412085","QUATRO PONTES","PR","01/2026","51","83","0"
"412085","QUATRO PONTES","PR","02/2025","126","63","0"
"412085","QUATRO PONTES","PR","10/2025","55","102","0"
"412085","QUATRO PONTES","PR","08/2025","62","90","0"
"412085","QUATRO PONTES","PR","11/2025","51","93","0"
"412085","QUATRO PONTES","PR","03/2025","114","63","0"
"412085","QUATRO PONTES","PR","09/2025","58","99","0"
"412085","QUATRO PONTES","PR","04/2025","105","67","0"
"412085","QUATRO PONTES","PR","06/2025","105","63","0"
"412085","QUATRO PONTES","PR","12/2025","51","93","0"
"412085","QUATRO PONTES","PR","05/2025","105","63","0"
"412085","QUATRO PONTES","PR","02/2026","47","81","0"
"412085","QUATRO PONTES","PR","03/2026","45","67","0"
"412085","QUATRO PONTES","PR","04/2026","43","61","0"
"412085","QUATRO PONTES","PR","05/2026","46","45","0"
"412085","QUATRO PONTES","PR","06/2026","44","47","0"
"412085","QUATRO PONTES","PR","08/2026","52","48","0"
"412090","QUEDAS DO IGUAÇU","PR","10/2024","7016","1758","0"
"412090","QUEDAS DO IGUAÇU","PR","08/2023","7579","1268","0"
"412090","QUEDAS DO IGUAÇU","PR","06/2023","8258","512","0"
"412090","QUEDAS DO IGUAÇU","PR","04/2023","8219","512","0"
"412090","QUEDAS DO IGUAÇU","PR","10/2023","7896","1139","0"
"412090","QUEDAS DO IGUAÇU","PR","01/2024","7550","1424","0"
"412090","QUEDAS DO IGUAÇU","PR","07/2023","7536","1376","0"
"412090","QUEDAS DO IGUAÇU","PR","09/2023","7760","1194","0"
"412090","QUEDAS DO IGUAÇU","PR","05/2023","8304","499","0"
"412090","QUEDAS DO IGUAÇU","PR","02/2023","8344","583","0"
"412090","QUEDAS DO IGUAÇU","PR","03/2023","8161","510","0"
"412090","QUEDAS DO IGUAÇU","PR","11/2023","7476","1470","0"
"412090","QUEDAS DO IGUAÇU","PR","12/2023","7553","1437","0"
"412090","QUEDAS DO IGUAÇU","PR","05/2024","7494","1590","0"
"412090","QUEDAS DO IGUAÇU","PR","12/2024","7045","1623","0"
"412090","QUEDAS DO IGUAÇU","PR","03/2024","7285","1701","0"
"412090","QUEDAS DO IGUAÇU","PR","02/2024","7714","1392","0"
"412090","QUEDAS DO IGUAÇU","PR","09/2024","7104","1683","0"
"412090","QUEDAS DO IGUAÇU","PR","06/2024","7579","1544","0"
"412090","QUEDAS DO IGUAÇU","PR","04/2024","7371","1661","0"
"412090","QUEDAS DO IGUAÇU","PR","07/2024","7133","1767","0"
"412090","QUEDAS DO IGUAÇU","PR","01/2025","6731","1770","0"
"412090","QUEDAS DO IGUAÇU","PR","11/2024","7033","1708","0"
"412090","QUEDAS DO IGUAÇU","PR","08/2024","7095","1743","0"
"412090","QUEDAS DO IGUAÇU","PR","12/2025","6191","1672","0"
"412090","QUEDAS DO IGUAÇU","PR","02/2025","6642","1706","0"
"412090","QUEDAS DO IGUAÇU","PR","09/2025","6199","1685","0"
"412090","QUEDAS DO IGUAÇU","PR","01/2026","6080","1801","0"
"412090","QUEDAS DO IGUAÇU","PR","07/2025","6400","1609","0"
"412090","QUEDAS DO IGUAÇU","PR","08/2025","6262","1706","0"
"412090","QUEDAS DO IGUAÇU","PR","10/2025","5975","1710","0"
"412090","QUEDAS DO IGUAÇU","PR","11/2025","5850","1647","0"
"412090","QUEDAS DO IGUAÇU","PR","03/2025","6748","1747","0"
"412090","QUEDAS DO IGUAÇU","PR","06/2025","6780","1697","0"
"412090","QUEDAS DO IGUAÇU","PR","05/2025","6750","1702","0"
"412090","QUEDAS DO IGUAÇU","PR","04/2025","6750","1707","0"
"412090","QUEDAS DO IGUAÇU","PR","02/2026","5928","1772","0"
"412090","QUEDAS DO IGUAÇU","PR","03/2026","5820","1734","0"
"412090","QUEDAS DO IGUAÇU","PR","04/2026","5959","1756","0"
"412090","QUEDAS DO IGUAÇU","PR","05/2026","5994","1747","0"
"412090","QUEDAS DO IGUAÇU","PR","06/2026","5991","1784","0"
"412090","QUEDAS DO IGUAÇU","PR","08/2026","5955","1708","0"
"412100","QUERÊNCIA DO NORTE","PR","06/2026","1315","594","0"
"412100","QUERÊNCIA DO NORTE","PR","02/2023","2316","162","0"
"412100","QUERÊNCIA DO NORTE","PR","03/2023","2298","182","0"
"412100","QUERÊNCIA DO NORTE","PR","08/2023","1983","541","0"
"412100","QUERÊNCIA DO NORTE","PR","12/2023","1894","628","0"
"412100","QUERÊNCIA DO NORTE","PR","04/2023","2299","196","0"
"412100","QUERÊNCIA DO NORTE","PR","06/2023","2209","297","0"
"412100","QUERÊNCIA DO NORTE","PR","01/2024","1902","614","0"
"412100","QUERÊNCIA DO NORTE","PR","09/2023","1995","539","0"
"412100","QUERÊNCIA DO NORTE","PR","07/2023","1956","562","0"
"412100","QUERÊNCIA DO NORTE","PR","10/2023","1964","570","0"
"412100","QUERÊNCIA DO NORTE","PR","05/2023","2289","224","0"
"412100","QUERÊNCIA DO NORTE","PR","11/2023","1880","612","0"
"412100","QUERÊNCIA DO NORTE","PR","01/2025","1681","643","0"
"412100","QUERÊNCIA DO NORTE","PR","03/2024","1865","621","0"
"412100","QUERÊNCIA DO NORTE","PR","04/2024","1894","593","0"
"412100","QUERÊNCIA DO NORTE","PR","05/2024","1939","562","0"
"412100","QUERÊNCIA DO NORTE","PR","10/2024","1735","643","0"
"412100","QUERÊNCIA DO NORTE","PR","07/2024","1819","615","0"
"412100","QUERÊNCIA DO NORTE","PR","09/2024","1803","587","0"
"412100","QUERÊNCIA DO NORTE","PR","08/2026","1282","569","0"
"412100","QUERÊNCIA DO NORTE","PR","12/2024","1727","616","0"
"412100","QUERÊNCIA DO NORTE","PR","02/2024","1907","583","0"
"412100","QUERÊNCIA DO NORTE","PR","06/2024","1942","552","0"
"412100","QUERÊNCIA DO NORTE","PR","11/2024","1723","633","0"
"412100","QUERÊNCIA DO NORTE","PR","08/2024","1806","608","0"
"412100","QUERÊNCIA DO NORTE","PR","09/2025","1432","644","0"
"412100","QUERÊNCIA DO NORTE","PR","08/2025","1441","644","0"
"412100","QUERÊNCIA DO NORTE","PR","02/2025","1690","666","0"
"412100","QUERÊNCIA DO NORTE","PR","01/2026","1407","588","0"
"412100","QUERÊNCIA DO NORTE","PR","12/2025","1448","559","0"
"412100","QUERÊNCIA DO NORTE","PR","11/2025","1403","577","0"
"412100","QUERÊNCIA DO NORTE","PR","03/2025","1647","712","0"
"412100","QUERÊNCIA DO NORTE","PR","10/2025","1417","628","0"
"412100","QUERÊNCIA DO NORTE","PR","07/2025","1504","639","0"
"412100","QUERÊNCIA DO NORTE","PR","04/2025","1641","702","0"
"412100","QUERÊNCIA DO NORTE","PR","06/2025","1646","669","0"
"412100","QUERÊNCIA DO NORTE","PR","05/2025","1643","691","0"
"412100","QUERÊNCIA DO NORTE","PR","02/2026","1385","593","0"
"412100","QUERÊNCIA DO NORTE","PR","03/2026","1393","571","0"
"412100","QUERÊNCIA DO NORTE","PR","04/2026","1358","593","0"
"412100","QUERÊNCIA DO NORTE","PR","05/2026","1341","593","0"
"412110","QUINTA DO SOL","PR","06/2026","646","123","0"
"412110","QUINTA DO SOL","PR","10/2023","600","213","0"
"412110","QUINTA DO SOL","PR","07/2023","561","275","0"
"412110","QUINTA DO SOL","PR","01/2024","547","274","0"
"412110","QUINTA DO SOL","PR","12/2023","569","256","0"
"412110","QUINTA DO SOL","PR","03/2023","581","193","0"
"412110","QUINTA DO SOL","PR","08/2023","572","223","0"
"412110","QUINTA DO SOL","PR","05/2023","569","199","0"
"412110","QUINTA DO SOL","PR","11/2023","569","249","0"
"412110","QUINTA DO SOL","PR","04/2023","588","203","0"
"412110","QUINTA DO SOL","PR","02/2023","605","202","0"
"412110","QUINTA DO SOL","PR","09/2023","598","216","0"
"412110","QUINTA DO SOL","PR","06/2023","560","224","0"
"412110","QUINTA DO SOL","PR","11/2024","527","211","0"
"412110","QUINTA DO SOL","PR","02/2024","560","274","0"
"412110","QUINTA DO SOL","PR","04/2024","556","277","0"
"412110","QUINTA DO SOL","PR","05/2024","560","265","0"
"412110","QUINTA DO SOL","PR","07/2024","491","267","0"
"412110","QUINTA DO SOL","PR","06/2024","540","251","0"
"412110","QUINTA DO SOL","PR","12/2024","543","197","0"
"412110","QUINTA DO SOL","PR","03/2024","550","270","0"
"412110","QUINTA DO SOL","PR","08/2024","504","244","0"
"412110","QUINTA DO SOL","PR","10/2024","529","224","0"
"412110","QUINTA DO SOL","PR","09/2024","513","231","0"
"412110","QUINTA DO SOL","PR","01/2025","542","193","0"
"412110","QUINTA DO SOL","PR","01/2026","611","117","0"
"412110","QUINTA DO SOL","PR","12/2025","606","132","0"
"412110","QUINTA DO SOL","PR","06/2025","556","173","0"
"412110","QUINTA DO SOL","PR","10/2025","509","174","0"
"412110","QUINTA DO SOL","PR","08/2025","493","192","0"
"412110","QUINTA DO SOL","PR","11/2025","512","139","0"
"412110","QUINTA DO SOL","PR","02/2025","536","193","0"
"412110","QUINTA DO SOL","PR","09/2025","503","191","0"
"412110","QUINTA DO SOL","PR","03/2025","542","191","0"
"412110","QUINTA DO SOL","PR","07/2025","504","197","0"
"412110","QUINTA DO SOL","PR","05/2025","552","181","0"
"412110","QUINTA DO SOL","PR","04/2025","549","181","0"
"412110","QUINTA DO SOL","PR","02/2026","602","118","0"
"412110","QUINTA DO SOL","PR","03/2026","599","100","0"
"412110","QUINTA DO SOL","PR","04/2026","595","107","0"
"412110","QUINTA DO SOL","PR","05/2026","629","114","0"
"412110","QUINTA DO SOL","PR","08/2026","645","108","0"
"412120","QUITANDINHA","PR","08/2026","2314","549","0"
"412120","QUITANDINHA","PR","06/2026","2360","540","0"
"412120","QUITANDINHA","PR","05/2026","2249","540","0"
"412120","QUITANDINHA","PR","04/2026","2143","525","0"
"412120","QUITANDINHA","PR","03/2026","2172","506","0"
"412120","QUITANDINHA","PR","02/2026","2207","533","0"
"412120","QUITANDINHA","PR","08/2025","2004","644","0"
"412120","QUITANDINHA","PR","05/2025","2237","671","0"
"412120","QUITANDINHA","PR","06/2025","2253","685","0"
"412120","QUITANDINHA","PR","04/2025","2245","674","0"
"412120","QUITANDINHA","PR","03/2025","2250","682","0"
"412120","QUITANDINHA","PR","11/2025","1966","554","0"
"412120","QUITANDINHA","PR","10/2025","1964","633","0"
"412120","QUITANDINHA","PR","09/2025","1964","641","0"
"412120","QUITANDINHA","PR","07/2025","2083","676","0"
"412120","QUITANDINHA","PR","01/2026","2244","498","0"
"412120","QUITANDINHA","PR","02/2025","2303","648","0"
"412120","QUITANDINHA","PR","12/2025","2204","528","0"
"412120","QUITANDINHA","PR","08/2024","2439","635","0"
"412120","QUITANDINHA","PR","11/2024","2394","619","0"
"412120","QUITANDINHA","PR","01/2025","2307","633","0"
"412120","QUITANDINHA","PR","06/2024","2531","591","0"
"412120","QUITANDINHA","PR","02/2024","2467","567","0"
"412120","QUITANDINHA","PR","12/2024","2433","582","0"
"412120","QUITANDINHA","PR","07/2024","2436","661","0"
"412120","QUITANDINHA","PR","10/2024","2381","648","0"
"412120","QUITANDINHA","PR","09/2024","2450","593","0"
"412120","QUITANDINHA","PR","05/2024","2531","595","0"
"412120","QUITANDINHA","PR","04/2024","2521","602","0"
"412120","QUITANDINHA","PR","03/2024","2447","623","0"
"412120","QUITANDINHA","PR","09/2023","2566","455","0"
"412120","QUITANDINHA","PR","05/2023","2655","254","0"
"412120","QUITANDINHA","PR","02/2023","2668","247","0"
"412120","QUITANDINHA","PR","03/2023","2588","266","0"
"412120","QUITANDINHA","PR","01/2024","2474","574","0"
"412120","QUITANDINHA","PR","10/2023","2585","484","0"
"412120","QUITANDINHA","PR","07/2023","2488","533","0"
"412120","QUITANDINHA","PR","11/2023","2422","632","0"
"412120","QUITANDINHA","PR","08/2023","2530","467","0"
"412120","QUITANDINHA","PR","06/2023","2655","248","0"
"412120","QUITANDINHA","PR","12/2023","2436","613","0"
"412120","QUITANDINHA","PR","04/2023","2643","257","0"
"412125","RAMILÂNDIA","PR","08/2026","460","151","0"
"412125","RAMILÂNDIA","PR","06/2026","444","158","0"
"412125","RAMILÂNDIA","PR","05/2026","432","169","0"
"412125","RAMILÂNDIA","PR","04/2026","440","155","0"
"412125","RAMILÂNDIA","PR","03/2026","442","158","0"
"412125","RAMILÂNDIA","PR","02/2026","426","164","0"
"412125","RAMILÂNDIA","PR","01/2026","399","165","0"
"412125","RAMILÂNDIA","PR","08/2025","438","182","0"
"412125","RAMILÂNDIA","PR","03/2025","472","187","0"
"412125","RAMILÂNDIA","PR","11/2025","410","164","0"
"412125","RAMILÂNDIA","PR","10/2025","423","167","0"
"412125","RAMILÂNDIA","PR","06/2025","481","183","0"
"412125","RAMILÂNDIA","PR","02/2025","473","166","0"
"412125","RAMILÂNDIA","PR","09/2025","421","177","0"
"412125","RAMILÂNDIA","PR","04/2025","478","187","0"
"412125","RAMILÂNDIA","PR","05/2025","478","179","0"
"412125","RAMILÂNDIA","PR","07/2025","419","196","0"
"412125","RAMILÂNDIA","PR","12/2025","401","165","0"
"412125","RAMILÂNDIA","PR","05/2024","484","196","0"
"412125","RAMILÂNDIA","PR","08/2024","465","162","0"
"412125","RAMILÂNDIA","PR","03/2024","461","221","0"
"412125","RAMILÂNDIA","PR","10/2024","445","158","0"
"412125","RAMILÂNDIA","PR","01/2025","466","177","0"
"412125","RAMILÂNDIA","PR","09/2024","454","144","0"
"412125","RAMILÂNDIA","PR","06/2024","484","185","0"
"412125","RAMILÂNDIA","PR","07/2024","466","176","0"
"412125","RAMILÂNDIA","PR","11/2024","452","166","0"
"412125","RAMILÂNDIA","PR","02/2024","466","195","0"
"412125","RAMILÂNDIA","PR","12/2024","460","161","0"
"412125","RAMILÂNDIA","PR","04/2024","499","219","0"
"412125","RAMILÂNDIA","PR","12/2023","441","207","0"
"412125","RAMILÂNDIA","PR","10/2023","465","203","0"
"412125","RAMILÂNDIA","PR","03/2023","464","183","0"
"412125","RAMILÂNDIA","PR","07/2023","458","239","0"
"412125","RAMILÂNDIA","PR","01/2024","464","200","0"
"412125","RAMILÂNDIA","PR","11/2023","438","208","0"
"412125","RAMILÂNDIA","PR","09/2023","469","201","0"
"412125","RAMILÂNDIA","PR","05/2023","490","182","0"
"412125","RAMILÂNDIA","PR","08/2023","455","209","0"
"412125","RAMILÂNDIA","PR","06/2023","494","176","0"
"412125","RAMILÂNDIA","PR","02/2023","491","198","0"
"412125","RAMILÂNDIA","PR","04/2023","508","177","0"
"412130","RANCHO ALEGRE","PR","02/2025","599","154","0"
"412130","RANCHO ALEGRE","PR","02/2023","531","120","0"
"412130","RANCHO ALEGRE","PR","04/2023","540","95","0"
"412130","RANCHO ALEGRE","PR","12/2023","573","154","0"
"412130","RANCHO ALEGRE","PR","01/2024","577","154","0"
"412130","RANCHO ALEGRE","PR","08/2023","568","145","0"
"412130","RANCHO ALEGRE","PR","06/2023","547","116","0"
"412130","RANCHO ALEGRE","PR","10/2023","611","133","0"
"412130","RANCHO ALEGRE","PR","05/2023","569","95","0"
"412130","RANCHO ALEGRE","PR","11/2023","584","153","0"
"412130","RANCHO ALEGRE","PR","07/2023","556","151","0"
"412130","RANCHO ALEGRE","PR","03/2023","523","106","0"
"412130","RANCHO ALEGRE","PR","09/2023","581","140","0"
"412130","RANCHO ALEGRE","PR","11/2024","607","148","0"
"412130","RANCHO ALEGRE","PR","12/2024","608","159","0"
"412130","RANCHO ALEGRE","PR","04/2024","585","183","0"
"412130","RANCHO ALEGRE","PR","02/2024","607","150","0"
"412130","RANCHO ALEGRE","PR","01/2025","596","154","0"
"412130","RANCHO ALEGRE","PR","03/2024","581","193","0"
"412130","RANCHO ALEGRE","PR","07/2024","606","156","0"
"412130","RANCHO ALEGRE","PR","10/2024","608","153","0"
"412130","RANCHO ALEGRE","PR","05/2024","612","156","0"
"412130","RANCHO ALEGRE","PR","06/2024","626","149","0"
"412130","RANCHO ALEGRE","PR","09/2024","627","129","0"
"412130","RANCHO ALEGRE","PR","08/2024","623","141","0"
"412130","RANCHO ALEGRE","PR","05/2025","600","151","0"
"412130","RANCHO ALEGRE","PR","06/2025","600","147","0"
"412130","RANCHO ALEGRE","PR","01/2026","535","161","0"
"412130","RANCHO ALEGRE","PR","07/2025","555","163","0"
"412130","RANCHO ALEGRE","PR","09/2025","530","165","0"
"412130","RANCHO ALEGRE","PR","11/2025","509","160","0"
"412130","RANCHO ALEGRE","PR","03/2025","606","151","0"
"412130","RANCHO ALEGRE","PR","10/2025","516","171","0"
"412130","RANCHO ALEGRE","PR","12/2025","537","165","0"
"412130","RANCHO ALEGRE","PR","08/2025","536","174","0"
"412130","RANCHO ALEGRE","PR","04/2025","600","151","0"
"412130","RANCHO ALEGRE","PR","02/2026","527","156","0"
"412130","RANCHO ALEGRE","PR","03/2026","524","141","0"
"412130","RANCHO ALEGRE","PR","04/2026","555","146","0"
"412130","RANCHO ALEGRE","PR","05/2026","544","149","0"
"412130","RANCHO ALEGRE","PR","06/2026","556","148","0"
"412130","RANCHO ALEGRE","PR","08/2026","563","130","0"
"412135","RANCHO ALEGRE DOESTE","PR","08/2024","364","109","0"
"412135","RANCHO ALEGRE DOESTE","PR","06/2026","302","111","0"
"412135","RANCHO ALEGRE DOESTE","PR","05/2026","292","107","0"
"412135","RANCHO ALEGRE DOESTE","PR","04/2026","285","110","0"
"412135","RANCHO ALEGRE DOESTE","PR","03/2026","249","111","0"
"412135","RANCHO ALEGRE DOESTE","PR","02/2026","248","136","0"
"412135","RANCHO ALEGRE DOESTE","PR","12/2025","249","143","0"
"412135","RANCHO ALEGRE DOESTE","PR","08/2025","295","121","0"
"412135","RANCHO ALEGRE DOESTE","PR","03/2025","347","109","0"
"412135","RANCHO ALEGRE DOESTE","PR","11/2025","251","144","0"
"412135","RANCHO ALEGRE DOESTE","PR","05/2025","343","111","0"
"412135","RANCHO ALEGRE DOESTE","PR","10/2025","270","143","0"
"412135","RANCHO ALEGRE DOESTE","PR","01/2026","247","139","0"
"412135","RANCHO ALEGRE DOESTE","PR","07/2025","309","119","0"
"412135","RANCHO ALEGRE DOESTE","PR","09/2025","283","136","0"
"412135","RANCHO ALEGRE DOESTE","PR","04/2025","344","111","0"
"412135","RANCHO ALEGRE DOESTE","PR","06/2025","343","111","0"
"412135","RANCHO ALEGRE DOESTE","PR","08/2026","303","88","0"
"412135","RANCHO ALEGRE DOESTE","PR","02/2025","342","101","0"
"412135","RANCHO ALEGRE DOESTE","PR","06/2024","384","107","0"
"412135","RANCHO ALEGRE DOESTE","PR","10/2024","362","95","0"
"412135","RANCHO ALEGRE DOESTE","PR","01/2025","343","100","0"
"412135","RANCHO ALEGRE DOESTE","PR","05/2024","378","107","0"
"412135","RANCHO ALEGRE DOESTE","PR","03/2024","353","129","0"
"412135","RANCHO ALEGRE DOESTE","PR","09/2024","369","101","0"
"412135","RANCHO ALEGRE DOESTE","PR","07/2024","356","112","0"
"412135","RANCHO ALEGRE DOESTE","PR","04/2024","373","110","0"
"412135","RANCHO ALEGRE DOESTE","PR","12/2024","363","90","0"
"412135","RANCHO ALEGRE DOESTE","PR","11/2024","357","95","0"
"412135","RANCHO ALEGRE DOESTE","PR","02/2024","382","109","0"
"412135","RANCHO ALEGRE DOESTE","PR","12/2023","359","130","0"
"412135","RANCHO ALEGRE DOESTE","PR","11/2023","348","133","0"
"412135","RANCHO ALEGRE DOESTE","PR","04/2023","421","63","0"
"412135","RANCHO ALEGRE DOESTE","PR","09/2023","418","89","0"
"412135","RANCHO ALEGRE DOESTE","PR","07/2023","382","131","0"
"412135","RANCHO ALEGRE DOESTE","PR","05/2023","414","63","0"
"412135","RANCHO ALEGRE DOESTE","PR","02/2023","436","56","0"
"412135","RANCHO ALEGRE DOESTE","PR","03/2023","427","58","0"
"412135","RANCHO ALEGRE DOESTE","PR","10/2023","421","76","0"
"412135","RANCHO ALEGRE DOESTE","PR","06/2023","416","61","0"
"412135","RANCHO ALEGRE DOESTE","PR","08/2023","394","111","0"
"412135","RANCHO ALEGRE DOESTE","PR","01/2024","369","109","0"
"412140","REALEZA","PR","10/2023","1403","390","0"
"412140","REALEZA","PR","08/2026","1113","387","0"
"412140","REALEZA","PR","06/2026","1049","467","0"
"412140","REALEZA","PR","05/2026","1048","448","0"
"412140","REALEZA","PR","04/2026","1057","438","0"
"412140","REALEZA","PR","03/2026","1018","457","0"
"412140","REALEZA","PR","02/2026","1050","478","0"
"412140","REALEZA","PR","04/2025","1091","645","0"
"412140","REALEZA","PR","08/2025","962","545","0"
"412140","REALEZA","PR","03/2025","1125","630","0"
"412140","REALEZA","PR","02/2025","1196","581","0"
"412140","REALEZA","PR","11/2025","1017","465","0"
"412140","REALEZA","PR","12/2025","1065","457","0"
"412140","REALEZA","PR","09/2025","1033","509","0"
"412140","REALEZA","PR","07/2025","996","580","0"
"412140","REALEZA","PR","06/2025","1089","643","0"
"412140","REALEZA","PR","01/2026","1060","463","0"
"412140","REALEZA","PR","10/2025","1008","481","0"
"412140","REALEZA","PR","05/2025","1088","640","0"
"412140","REALEZA","PR","08/2024","1351","498","0"
"412140","REALEZA","PR","11/2023","1295","463","0"
"412140","REALEZA","PR","06/2024","1490","451","0"
"412140","REALEZA","PR","10/2024","1272","542","0"
"412140","REALEZA","PR","09/2024","1347","482","0"
"412140","REALEZA","PR","04/2024","1466","445","0"
"412140","REALEZA","PR","01/2025","1213","573","0"
"412140","REALEZA","PR","07/2024","1367","525","0"
"412140","REALEZA","PR","12/2024","1266","561","0"
"412140","REALEZA","PR","02/2024","1391","408","0"
"412140","REALEZA","PR","11/2024","1235","571","0"
"412140","REALEZA","PR","05/2024","1492","432","0"
"412140","REALEZA","PR","03/2024","1421","446","0"
"412140","REALEZA","PR","12/2023","1345","446","0"
"412140","REALEZA","PR","06/2023","1471","226","0"
"412140","REALEZA","PR","04/2023","1486","207","0"
"412140","REALEZA","PR","09/2023","1384","391","0"
"412140","REALEZA","PR","01/2024","1341","428","0"
"412140","REALEZA","PR","03/2023","1460","211","0"
"412140","REALEZA","PR","08/2023","1365","406","0"
"412140","REALEZA","PR","02/2023","1526","228","0"
"412140","REALEZA","PR","07/2023","1348","459","0"
"412140","REALEZA","PR","05/2023","1470","221","0"
"412150","REBOUÇAS","PR","04/2023","3744","323","0"
"412150","REBOUÇAS","PR","06/2026","3547","531","0"
"412150","REBOUÇAS","PR","05/2026","3543","517","0"
"412150","REBOUÇAS","PR","04/2026","3395","520","0"
"412150","REBOUÇAS","PR","03/2026","3467","487","0"
"412150","REBOUÇAS","PR","02/2026","3476","512","0"
"412150","REBOUÇAS","PR","08/2025","3566","520","0"
"412150","REBOUÇAS","PR","02/2025","3597","502","0"
"412150","REBOUÇAS","PR","09/2025","3519","536","0"
"412150","REBOUÇAS","PR","07/2025","3619","496","0"
"412150","REBOUÇAS","PR","03/2025","3640","549","0"
"412150","REBOUÇAS","PR","11/2025","3364","500","0"
"412150","REBOUÇAS","PR","10/2025","3419","532","0"
"412150","REBOUÇAS","PR","06/2025","3703","534","0"
"412150","REBOUÇAS","PR","12/2025","3545","515","0"
"412150","REBOUÇAS","PR","04/2025","3674","532","0"
"412150","REBOUÇAS","PR","01/2026","3525","511","0"
"412150","REBOUÇAS","PR","05/2025","3674","524","0"
"412150","REBOUÇAS","PR","01/2025","3610","515","0"
"412150","REBOUÇAS","PR","07/2024","3545","608","0"
"412150","REBOUÇAS","PR","06/2024","3736","485","0"
"412150","REBOUÇAS","PR","10/2024","3577","528","0"
"412150","REBOUÇAS","PR","09/2024","3591","527","0"
"412150","REBOUÇAS","PR","05/2024","3686","507","0"
"412150","REBOUÇAS","PR","04/2024","3661","561","0"
"412150","REBOUÇAS","PR","11/2024","3590","523","0"
"412150","REBOUÇAS","PR","12/2024","3719","493","0"
"412150","REBOUÇAS","PR","03/2024","3617","548","0"
"412150","REBOUÇAS","PR","02/2024","3673","472","0"
"412150","REBOUÇAS","PR","08/2024","3558","570","0"
"412150","REBOUÇAS","PR","12/2023","3593","567","0"
"412150","REBOUÇAS","PR","01/2024","3621","501","0"
"412150","REBOUÇAS","PR","05/2023","3782","316","0"
"412150","REBOUÇAS","PR","11/2023","3531","697","0"
"412150","REBOUÇAS","PR","03/2023","3750","357","0"
"412150","REBOUÇAS","PR","07/2023","3431","703","0"
"412150","REBOUÇAS","PR","10/2023","3676","586","0"
"412150","REBOUÇAS","PR","08/2023","3526","658","0"
"412150","REBOUÇAS","PR","02/2023","3949","406","0"
"412150","REBOUÇAS","PR","06/2023","3757","353","0"
"412150","REBOUÇAS","PR","09/2023","3623","620","0"
"412150","REBOUÇAS","PR","08/2026","3558","516","0"
"412160","RENASCENÇA","PR","02/2024","160","234","0"
"412160","RENASCENÇA","PR","08/2026","208","111","0"
"412160","RENASCENÇA","PR","06/2026","212","108","0"
"412160","RENASCENÇA","PR","05/2026","215","109","0"
"412160","RENASCENÇA","PR","04/2026","194","122","0"
"412160","RENASCENÇA","PR","03/2026","182","124","0"
"412160","RENASCENÇA","PR","02/2026","182","124","0"
"412160","RENASCENÇA","PR","08/2025","185","151","0"
"412160","RENASCENÇA","PR","05/2025","162","162","0"
"412160","RENASCENÇA","PR","09/2025","192","138","0"
"412160","RENASCENÇA","PR","01/2026","173","124","0"
"412160","RENASCENÇA","PR","11/2025","182","130","0"
"412160","RENASCENÇA","PR","10/2025","192","133","0"
"412160","RENASCENÇA","PR","07/2025","175","156","0"
"412160","RENASCENÇA","PR","06/2025","162","162","0"
"412160","RENASCENÇA","PR","04/2025","162","168","0"
"412160","RENASCENÇA","PR","02/2025","172","175","0"
"412160","RENASCENÇA","PR","12/2025","176","126","0"
"412160","RENASCENÇA","PR","03/2025","161","174","0"
"412160","RENASCENÇA","PR","08/2024","168","177","0"
"412160","RENASCENÇA","PR","11/2024","166","165","0"
"412160","RENASCENÇA","PR","10/2024","152","175","0"
"412160","RENASCENÇA","PR","09/2024","163","178","0"
"412160","RENASCENÇA","PR","12/2024","168","175","0"
"412160","RENASCENÇA","PR","04/2024","169","207","0"
"412160","RENASCENÇA","PR","07/2024","155","197","0"
"412160","RENASCENÇA","PR","06/2024","164","183","0"
"412160","RENASCENÇA","PR","01/2025","159","183","0"
"412160","RENASCENÇA","PR","03/2024","159","215","0"
"412160","RENASCENÇA","PR","05/2024","161","191","0"
"412160","RENASCENÇA","PR","12/2023","162","239","0"
"412160","RENASCENÇA","PR","02/2023","170","292","0"
"412160","RENASCENÇA","PR","08/2023","183","255","0"
"412160","RENASCENÇA","PR","05/2023","182","277","0"
"412160","RENASCENÇA","PR","01/2024","150","242","0"
"412160","RENASCENÇA","PR","07/2023","187","289","0"
"412160","RENASCENÇA","PR","09/2023","169","255","0"
"412160","RENASCENÇA","PR","03/2023","166","287","0"
"412160","RENASCENÇA","PR","06/2023","171","276","0"
"412160","RENASCENÇA","PR","11/2023","172","235","0"
"412160","RENASCENÇA","PR","10/2023","170","247","0"
"412160","RENASCENÇA","PR","04/2023","180","265","0"
"412170","RESERVA","PR","06/2026","5576","1532","0"
"412170","RESERVA","PR","03/2023","6763","638","0"
"412170","RESERVA","PR","02/2023","6906","712","0"
"412170","RESERVA","PR","11/2023","6630","1319","0"
"412170","RESERVA","PR","06/2023","6874","632","0"
"412170","RESERVA","PR","01/2024","6636","1227","0"
"412170","RESERVA","PR","09/2023","6794","1126","0"
"412170","RESERVA","PR","07/2023","6443","1279","0"
"412170","RESERVA","PR","08/2023","6628","1161","0"
"412170","RESERVA","PR","05/2023","6883","641","0"
"412170","RESERVA","PR","04/2023","6840","616","0"
"412170","RESERVA","PR","10/2023","6910","1114","0"
"412170","RESERVA","PR","12/2023","6643","1278","0"
"412170","RESERVA","PR","01/2025","6412","1391","0"
"412170","RESERVA","PR","11/2024","6415","1310","0"
"412170","RESERVA","PR","02/2024","6735","1170","0"
"412170","RESERVA","PR","04/2024","6703","1306","0"
"412170","RESERVA","PR","12/2024","6620","1240","0"
"412170","RESERVA","PR","07/2024","6549","1351","0"
"412170","RESERVA","PR","03/2024","6606","1328","0"
"412170","RESERVA","PR","08/2026","5532","1507","0"
"412170","RESERVA","PR","10/2024","6394","1355","0"
"412170","RESERVA","PR","06/2024","6856","1178","0"
"412170","RESERVA","PR","09/2024","6530","1233","0"
"412170","RESERVA","PR","08/2024","6520","1309","0"
"412170","RESERVA","PR","05/2024","6731","1243","0"
"412170","RESERVA","PR","02/2025","6444","1399","0"
"412170","RESERVA","PR","03/2025","6414","1441","0"
"412170","RESERVA","PR","09/2025","5595","1530","0"
"412170","RESERVA","PR","01/2026","5458","1514","0"
"412170","RESERVA","PR","06/2025","6442","1429","0"
"412170","RESERVA","PR","08/2025","5733","1514","0"
"412170","RESERVA","PR","12/2025","5515","1504","0"
"412170","RESERVA","PR","05/2025","6417","1424","0"
"412170","RESERVA","PR","11/2025","5326","1562","0"
"412170","RESERVA","PR","04/2025","6417","1441","0"
"412170","RESERVA","PR","10/2025","5453","1558","0"
"412170","RESERVA","PR","07/2025","6021","1451","0"
"412170","RESERVA","PR","02/2026","5440","1565","0"
"412170","RESERVA","PR","03/2026","5395","1544","0"
"412170","RESERVA","PR","04/2026","5589","1540","0"
"412170","RESERVA","PR","05/2026","5539","1519","0"
"412175","RESERVA DO IGUAÇU","PR","02/2025","1378","523","0"
"412175","RESERVA DO IGUAÇU","PR","05/2023","1740","301","0"
"412175","RESERVA DO IGUAÇU","PR","08/2023","1599","502","0"
"412175","RESERVA DO IGUAÇU","PR","04/2023","1709","306","0"
"412175","RESERVA DO IGUAÇU","PR","11/2023","1552","554","0"
"412175","RESERVA DO IGUAÇU","PR","06/2023","1697","332","0"
"412175","RESERVA DO IGUAÇU","PR","01/2024","1528","511","0"
"412175","RESERVA DO IGUAÇU","PR","03/2023","1706","297","0"
"412175","RESERVA DO IGUAÇU","PR","02/2023","1771","309","0"
"412175","RESERVA DO IGUAÇU","PR","10/2023","1599","517","0"
"412175","RESERVA DO IGUAÇU","PR","12/2023","1585","540","0"
"412175","RESERVA DO IGUAÇU","PR","07/2023","1583","514","0"
"412175","RESERVA DO IGUAÇU","PR","09/2023","1596","503","0"
"412175","RESERVA DO IGUAÇU","PR","05/2024","1500","567","0"
"412175","RESERVA DO IGUAÇU","PR","12/2024","1394","557","0"
"412175","RESERVA DO IGUAÇU","PR","03/2024","1474","589","0"
"412175","RESERVA DO IGUAÇU","PR","07/2024","1386","595","0"
"412175","RESERVA DO IGUAÇU","PR","04/2024","1455","599","0"
"412175","RESERVA DO IGUAÇU","PR","02/2024","1522","514","0"
"412175","RESERVA DO IGUAÇU","PR","09/2024","1365","645","0"
"412175","RESERVA DO IGUAÇU","PR","01/2025","1388","550","0"
"412175","RESERVA DO IGUAÇU","PR","10/2024","1379","655","0"
"412175","RESERVA DO IGUAÇU","PR","11/2024","1392","639","0"
"412175","RESERVA DO IGUAÇU","PR","08/2024","1398","612","0"
"412175","RESERVA DO IGUAÇU","PR","06/2024","1497","544","0"
"412175","RESERVA DO IGUAÇU","PR","09/2025","1156","499","0"
"412175","RESERVA DO IGUAÇU","PR","01/2026","1053","470","0"
"412175","RESERVA DO IGUAÇU","PR","10/2025","1077","502","0"
"412175","RESERVA DO IGUAÇU","PR","12/2025","1058","471","0"
"412175","RESERVA DO IGUAÇU","PR","06/2025","1338","540","0"
"412175","RESERVA DO IGUAÇU","PR","05/2025","1347","546","0"
"412175","RESERVA DO IGUAÇU","PR","11/2025","1060","478","0"
"412175","RESERVA DO IGUAÇU","PR","03/2025","1342","561","0"
"412175","RESERVA DO IGUAÇU","PR","07/2025","1198","512","0"
"412175","RESERVA DO IGUAÇU","PR","04/2025","1357","556","0"
"412175","RESERVA DO IGUAÇU","PR","08/2025","1195","514","0"
"412175","RESERVA DO IGUAÇU","PR","02/2026","1056","481","0"
"412175","RESERVA DO IGUAÇU","PR","03/2026","1045","416","0"
"412175","RESERVA DO IGUAÇU","PR","04/2026","1017","444","0"
"412175","RESERVA DO IGUAÇU","PR","05/2026","1007","445","0"
"412175","RESERVA DO IGUAÇU","PR","06/2026","1008","444","0"
"412175","RESERVA DO IGUAÇU","PR","08/2026","1012","385","0"
"412180","RIBEIRÃO CLARO","PR","07/2024","1503","493","0"
"412180","RIBEIRÃO CLARO","PR","08/2026","1115","402","0"
"412180","RIBEIRÃO CLARO","PR","06/2026","1155","452","0"
"412180","RIBEIRÃO CLARO","PR","05/2026","1189","437","0"
"412180","RIBEIRÃO CLARO","PR","04/2026","1203","466","0"
"412180","RIBEIRÃO CLARO","PR","03/2026","1214","463","0"
"412180","RIBEIRÃO CLARO","PR","02/2026","1242","482","0"
"412180","RIBEIRÃO CLARO","PR","04/2025","1384","580","0"
"412180","RIBEIRÃO CLARO","PR","11/2025","1237","479","0"
"412180","RIBEIRÃO CLARO","PR","01/2026","1222","455","0"
"412180","RIBEIRÃO CLARO","PR","03/2025","1385","581","0"
"412180","RIBEIRÃO CLARO","PR","05/2025","1382","567","0"
"412180","RIBEIRÃO CLARO","PR","10/2025","1260","511","0"
"412180","RIBEIRÃO CLARO","PR","12/2025","1249","433","0"
"412180","RIBEIRÃO CLARO","PR","09/2025","1298","488","0"
"412180","RIBEIRÃO CLARO","PR","08/2025","1312","479","0"
"412180","RIBEIRÃO CLARO","PR","07/2025","1320","462","0"
"412180","RIBEIRÃO CLARO","PR","06/2025","1389","568","0"
"412180","RIBEIRÃO CLARO","PR","02/2025","1428","546","0"
"412180","RIBEIRÃO CLARO","PR","11/2024","1472","516","0"
"412180","RIBEIRÃO CLARO","PR","03/2024","1462","522","0"
"412180","RIBEIRÃO CLARO","PR","05/2024","1525","500","0"
"412180","RIBEIRÃO CLARO","PR","10/2024","1480","507","0"
"412180","RIBEIRÃO CLARO","PR","09/2024","1495","481","0"
"412180","RIBEIRÃO CLARO","PR","08/2024","1501","483","0"
"412180","RIBEIRÃO CLARO","PR","04/2024","1506","519","0"
"412180","RIBEIRÃO CLARO","PR","06/2024","1560","470","0"
"412180","RIBEIRÃO CLARO","PR","12/2024","1496","482","0"
"412180","RIBEIRÃO CLARO","PR","01/2025","1421","552","0"
"412180","RIBEIRÃO CLARO","PR","02/2024","1540","459","0"
"412180","RIBEIRÃO CLARO","PR","09/2023","1644","480","0"
"412180","RIBEIRÃO CLARO","PR","06/2023","1866","226","0"
"412180","RIBEIRÃO CLARO","PR","03/2023","1866","200","0"
"412180","RIBEIRÃO CLARO","PR","01/2024","1574","507","0"
"412180","RIBEIRÃO CLARO","PR","07/2023","1620","518","0"
"412180","RIBEIRÃO CLARO","PR","08/2023","1605","505","0"
"412180","RIBEIRÃO CLARO","PR","12/2023","1578","511","0"
"412180","RIBEIRÃO CLARO","PR","05/2023","1874","212","0"
"412180","RIBEIRÃO CLARO","PR","11/2023","1599","530","0"
"412180","RIBEIRÃO CLARO","PR","04/2023","1894","192","0"
"412180","RIBEIRÃO CLARO","PR","02/2023","1946","217","0"
"412180","RIBEIRÃO CLARO","PR","10/2023","1680","461","0"
"412190","RIBEIRÃO DO PINHAL","PR","08/2023","2970","697","0"
"412190","RIBEIRÃO DO PINHAL","PR","06/2026","2183","736","0"
"412190","RIBEIRÃO DO PINHAL","PR","05/2026","2184","749","0"
"412190","RIBEIRÃO DO PINHAL","PR","04/2026","2190","774","0"
"412190","RIBEIRÃO DO PINHAL","PR","03/2026","2174","785","0"
"412190","RIBEIRÃO DO PINHAL","PR","02/2026","2178","812","0"
"412190","RIBEIRÃO DO PINHAL","PR","07/2025","2314","832","0"
"412190","RIBEIRÃO DO PINHAL","PR","08/2026","2145","651","0"
"412190","RIBEIRÃO DO PINHAL","PR","03/2025","2415","972","0"
"412190","RIBEIRÃO DO PINHAL","PR","08/2025","2313","843","0"
"412190","RIBEIRÃO DO PINHAL","PR","11/2025","2161","805","0"
"412190","RIBEIRÃO DO PINHAL","PR","10/2025","2189","868","0"
"412190","RIBEIRÃO DO PINHAL","PR","09/2025","2220","862","0"
"412190","RIBEIRÃO DO PINHAL","PR","06/2025","2417","918","0"
"412190","RIBEIRÃO DO PINHAL","PR","12/2025","2153","788","0"
"412190","RIBEIRÃO DO PINHAL","PR","02/2025","2458","946","0"
"412190","RIBEIRÃO DO PINHAL","PR","01/2026","2137","795","0"
"412190","RIBEIRÃO DO PINHAL","PR","04/2025","2425","953","0"
"412190","RIBEIRÃO DO PINHAL","PR","05/2025","2422","928","0"
"412190","RIBEIRÃO DO PINHAL","PR","08/2024","2598","909","0"
"412190","RIBEIRÃO DO PINHAL","PR","02/2023","3325","435","0"
"412190","RIBEIRÃO DO PINHAL","PR","06/2024","2834","798","0"
"412190","RIBEIRÃO DO PINHAL","PR","09/2024","2574","910","0"
"412190","RIBEIRÃO DO PINHAL","PR","10/2024","2530","941","0"
"412190","RIBEIRÃO DO PINHAL","PR","07/2024","2606","923","0"
"412190","RIBEIRÃO DO PINHAL","PR","05/2024","2810","819","0"
"412190","RIBEIRÃO DO PINHAL","PR","04/2024","2798","841","0"
"412190","RIBEIRÃO DO PINHAL","PR","01/2025","2448","949","0"
"412190","RIBEIRÃO DO PINHAL","PR","12/2024","2547","898","0"
"412190","RIBEIRÃO DO PINHAL","PR","03/2024","2787","836","0"
"412190","RIBEIRÃO DO PINHAL","PR","02/2024","2965","740","0"
"412190","RIBEIRÃO DO PINHAL","PR","11/2024","2541","905","0"
"412190","RIBEIRÃO DO PINHAL","PR","01/2024","2941","741","0"
"412190","RIBEIRÃO DO PINHAL","PR","05/2023","3256","430","0"
"412190","RIBEIRÃO DO PINHAL","PR","09/2023","3031","663","0"
"412190","RIBEIRÃO DO PINHAL","PR","12/2023","2945","739","0"
"412190","RIBEIRÃO DO PINHAL","PR","07/2023","2935","743","0"
"412190","RIBEIRÃO DO PINHAL","PR","04/2023","3269","397","0"
"412190","RIBEIRÃO DO PINHAL","PR","03/2023","3230","402","0"
"412190","RIBEIRÃO DO PINHAL","PR","10/2023","3065","647","0"
"412190","RIBEIRÃO DO PINHAL","PR","06/2023","3197","463","0"
"412190","RIBEIRÃO DO PINHAL","PR","11/2023","2921","750","0"
"412200","RIO AZUL","PR","06/2026","901","492","0"
"412200","RIO AZUL","PR","04/2023","1863","252","0"
"412200","RIO AZUL","PR","11/2023","1603","438","0"
"412200","RIO AZUL","PR","12/2023","1568","458","0"
"412200","RIO AZUL","PR","01/2024","1528","476","0"
"412200","RIO AZUL","PR","06/2023","1868","300","0"
"412200","RIO AZUL","PR","05/2023","1913","248","0"
"412200","RIO AZUL","PR","03/2023","1820","269","0"
"412200","RIO AZUL","PR","07/2023","1687","523","0"
"412200","RIO AZUL","PR","08/2023","1699","459","0"
"412200","RIO AZUL","PR","09/2023","1720","452","0"
"412200","RIO AZUL","PR","02/2023","1779","303","0"
"412200","RIO AZUL","PR","10/2023","1715","452","0"
"412200","RIO AZUL","PR","02/2024","1513","468","0"
"412200","RIO AZUL","PR","11/2024","1190","679","0"
"412200","RIO AZUL","PR","03/2024","1450","529","0"
"412200","RIO AZUL","PR","01/2025","1139","711","0"
"412200","RIO AZUL","PR","06/2024","1399","537","0"
"412200","RIO AZUL","PR","08/2024","1279","620","0"
"412200","RIO AZUL","PR","07/2024","1307","610","0"
"412200","RIO AZUL","PR","12/2024","1204","674","0"
"412200","RIO AZUL","PR","04/2024","1423","522","0"
"412200","RIO AZUL","PR","09/2024","1246","633","0"
"412200","RIO AZUL","PR","05/2024","1420","518","0"
"412200","RIO AZUL","PR","10/2024","1209","674","0"
"412200","RIO AZUL","PR","08/2025","1080","621","0"
"412200","RIO AZUL","PR","10/2025","1022","624","0"
"412200","RIO AZUL","PR","07/2025","1082","621","0"
"412200","RIO AZUL","PR","05/2025","1130","702","0"
"412200","RIO AZUL","PR","09/2025","1071","596","0"
"412200","RIO AZUL","PR","02/2025","1141","702","0"
"412200","RIO AZUL","PR","11/2025","981","596","0"
"412200","RIO AZUL","PR","03/2025","1110","722","0"
"412200","RIO AZUL","PR","01/2026","946","598","0"
"412200","RIO AZUL","PR","12/2025","980","594","0"
"412200","RIO AZUL","PR","06/2025","1129","684","0"
"412200","RIO AZUL","PR","04/2025","1133","710","0"
"412200","RIO AZUL","PR","02/2026","943","580","0"
"412200","RIO AZUL","PR","03/2026","934","549","0"
"412200","RIO AZUL","PR","04/2026","923","531","0"
"412200","RIO AZUL","PR","05/2026","907","507","0"
"412200","RIO AZUL","PR","08/2026","859","442","0"
"412210","RIO BOM","PR","08/2026","493","84","0"
"412210","RIO BOM","PR","05/2023","623","10","0"
"412210","RIO BOM","PR","07/2023","539","86","0"
"412210","RIO BOM","PR","06/2023","627","10","0"
"412210","RIO BOM","PR","12/2023","478","114","0"
"412210","RIO BOM","PR","01/2024","475","98","0"
"412210","RIO BOM","PR","08/2023","552","82","0"
"412210","RIO BOM","PR","02/2023","627","29","0"
"412210","RIO BOM","PR","03/2023","601","10","0"
"412210","RIO BOM","PR","10/2023","526","84","0"
"412210","RIO BOM","PR","09/2023","549","80","0"
"412210","RIO BOM","PR","04/2023","607","10","0"
"412210","RIO BOM","PR","11/2023","493","114","0"
"412210","RIO BOM","PR","02/2024","498","94","0"
"412210","RIO BOM","PR","10/2024","525","122","0"
"412210","RIO BOM","PR","07/2024","512","113","0"
"412210","RIO BOM","PR","12/2024","549","111","0"
"412210","RIO BOM","PR","05/2024","526","91","0"
"412210","RIO BOM","PR","06/2024","540","92","0"
"412210","RIO BOM","PR","09/2024","508","103","0"
"412210","RIO BOM","PR","01/2025","537","120","0"
"412210","RIO BOM","PR","11/2024","525","113","0"
"412210","RIO BOM","PR","03/2024","499","90","0"
"412210","RIO BOM","PR","08/2024","504","102","0"
"412210","RIO BOM","PR","04/2024","525","89","0"
"412210","RIO BOM","PR","12/2025","509","95","0"
"412210","RIO BOM","PR","04/2025","537","130","0"
"412210","RIO BOM","PR","07/2025","506","106","0"
"412210","RIO BOM","PR","06/2025","541","130","0"
"412210","RIO BOM","PR","11/2025","467","101","0"
"412210","RIO BOM","PR","01/2026","506","99","0"
"412210","RIO BOM","PR","09/2025","484","100","0"
"412210","RIO BOM","PR","02/2025","536","125","0"
"412210","RIO BOM","PR","10/2025","463","116","0"
"412210","RIO BOM","PR","03/2025","532","139","0"
"412210","RIO BOM","PR","05/2025","539","130","0"
"412210","RIO BOM","PR","08/2025","485","106","0"
"412210","RIO BOM","PR","02/2026","494","102","0"
"412210","RIO BOM","PR","03/2026","491","84","0"
"412210","RIO BOM","PR","04/2026","504","94","0"
"412210","RIO BOM","PR","05/2026","507","83","0"
"412210","RIO BOM","PR","06/2026","512","95","0"
"412215","RIO BONITO DO IGUAÇU","PR","03/2023","4480","467","0"
"412215","RIO BONITO DO IGUAÇU","PR","08/2026","2991","1048","0"
"412215","RIO BONITO DO IGUAÇU","PR","06/2026","3076","990","0"
"412215","RIO BONITO DO IGUAÇU","PR","05/2026","3159","969","0"
"412215","RIO BONITO DO IGUAÇU","PR","04/2026","3231","982","0"
"412215","RIO BONITO DO IGUAÇU","PR","03/2026","3213","976","0"
"412215","RIO BONITO DO IGUAÇU","PR","02/2026","3291","963","0"
"412215","RIO BONITO DO IGUAÇU","PR","05/2025","3873","827","0"
"412215","RIO BONITO DO IGUAÇU","PR","07/2025","3724","810","0"
"412215","RIO BONITO DO IGUAÇU","PR","09/2025","3501","913","0"
"412215","RIO BONITO DO IGUAÇU","PR","04/2025","3951","870","0"
"412215","RIO BONITO DO IGUAÇU","PR","08/2025","3620","878","0"
"412215","RIO BONITO DO IGUAÇU","PR","11/2025","3343","912","0"
"412215","RIO BONITO DO IGUAÇU","PR","06/2025","3891","825","0"
"412215","RIO BONITO DO IGUAÇU","PR","03/2025","3959","850","0"
"412215","RIO BONITO DO IGUAÇU","PR","10/2025","3420","953","0"
"412215","RIO BONITO DO IGUAÇU","PR","12/2025","3501","941","0"
"412215","RIO BONITO DO IGUAÇU","PR","02/2025","3909","808","0"
"412215","RIO BONITO DO IGUAÇU","PR","01/2026","3399","950","0"
"412215","RIO BONITO DO IGUAÇU","PR","07/2024","4252","857","0"
"412215","RIO BONITO DO IGUAÇU","PR","02/2024","4265","794","0"
"412215","RIO BONITO DO IGUAÇU","PR","11/2024","4104","836","0"
"412215","RIO BONITO DO IGUAÇU","PR","10/2024","4152","832","0"
"412215","RIO BONITO DO IGUAÇU","PR","01/2025","3985","816","0"
"412215","RIO BONITO DO IGUAÇU","PR","06/2024","4398","747","0"
"412215","RIO BONITO DO IGUAÇU","PR","08/2024","4194","865","0"
"412215","RIO BONITO DO IGUAÇU","PR","03/2024","4169","860","0"
"412215","RIO BONITO DO IGUAÇU","PR","09/2024","4152","778","0"
"412215","RIO BONITO DO IGUAÇU","PR","05/2024","4367","774","0"
"412215","RIO BONITO DO IGUAÇU","PR","12/2024","4109","806","0"
"412215","RIO BONITO DO IGUAÇU","PR","04/2024","4257","794","0"
"412215","RIO BONITO DO IGUAÇU","PR","08/2023","4185","875","0"
"412215","RIO BONITO DO IGUAÇU","PR","10/2023","4315","841","0"
"412215","RIO BONITO DO IGUAÇU","PR","09/2023","4234","874","0"
"412215","RIO BONITO DO IGUAÇU","PR","11/2023","4173","904","0"
"412215","RIO BONITO DO IGUAÇU","PR","07/2023","4151","908","0"
"412215","RIO BONITO DO IGUAÇU","PR","05/2023","4483","509","0"
"412215","RIO BONITO DO IGUAÇU","PR","04/2023","4524","473","0"
"412215","RIO BONITO DO IGUAÇU","PR","01/2024","4240","802","0"
"412215","RIO BONITO DO IGUAÇU","PR","06/2023","4431","522","0"
"412215","RIO BONITO DO IGUAÇU","PR","02/2023","4511","471","0"
"412215","RIO BONITO DO IGUAÇU","PR","12/2023","4241","852","0"
"412217","RIO BRANCO DO IVAÍ","PR","12/2023","1485","232","0"
"412217","RIO BRANCO DO IVAÍ","PR","08/2023","1521","208","0"
"412217","RIO BRANCO DO IVAÍ","PR","04/2023","1607","82","0"
"412217","RIO BRANCO DO IVAÍ","PR","11/2023","1492","237","0"
"412217","RIO BRANCO DO IVAÍ","PR","06/2023","1611","90","0"
"412217","RIO BRANCO DO IVAÍ","PR","01/2024","1481","224","0"
"412217","RIO BRANCO DO IVAÍ","PR","09/2023","1536","195","0"
"412217","RIO BRANCO DO IVAÍ","PR","10/2023","1549","196","0"
"412217","RIO BRANCO DO IVAÍ","PR","02/2023","1654","89","0"
"412217","RIO BRANCO DO IVAÍ","PR","03/2023","1620","82","0"
"412217","RIO BRANCO DO IVAÍ","PR","07/2023","1432","231","0"
"412217","RIO BRANCO DO IVAÍ","PR","05/2023","1607","85","0"
"412217","RIO BRANCO DO IVAÍ","PR","11/2024","1421","241","0"
"412217","RIO BRANCO DO IVAÍ","PR","04/2024","1427","255","0"
"412217","RIO BRANCO DO IVAÍ","PR","05/2024","1436","241","0"
"412217","RIO BRANCO DO IVAÍ","PR","02/2024","1456","221","0"
"412217","RIO BRANCO DO IVAÍ","PR","12/2024","1468","224","0"
"412217","RIO BRANCO DO IVAÍ","PR","07/2024","1414","241","0"
"412217","RIO BRANCO DO IVAÍ","PR","03/2024","1429","261","0"
"412217","RIO BRANCO DO IVAÍ","PR","06/2024","1446","228","0"
"412217","RIO BRANCO DO IVAÍ","PR","09/2024","1425","235","0"
"412217","RIO BRANCO DO IVAÍ","PR","01/2025","1428","237","0"
"412217","RIO BRANCO DO IVAÍ","PR","10/2024","1398","245","0"
"412217","RIO BRANCO DO IVAÍ","PR","08/2024","1420","231","0"
"412217","RIO BRANCO DO IVAÍ","PR","08/2025","1357","190","0"
"412217","RIO BRANCO DO IVAÍ","PR","09/2025","1359","182","0"
"412217","RIO BRANCO DO IVAÍ","PR","10/2025","1359","182","0"
"412217","RIO BRANCO DO IVAÍ","PR","06/2025","1437","231","0"
"412217","RIO BRANCO DO IVAÍ","PR","11/2025","1347","162","0"
"412217","RIO BRANCO DO IVAÍ","PR","04/2025","1437","236","0"
"412217","RIO BRANCO DO IVAÍ","PR","01/2026","1393","176","0"
"412217","RIO BRANCO DO IVAÍ","PR","03/2025","1432","236","0"
"412217","RIO BRANCO DO IVAÍ","PR","12/2025","1405","170","0"
"412217","RIO BRANCO DO IVAÍ","PR","07/2025","1381","187","0"
"412217","RIO BRANCO DO IVAÍ","PR","02/2025","1429","231","0"
"412217","RIO BRANCO DO IVAÍ","PR","05/2025","1437","235","0"
"412217","RIO BRANCO DO IVAÍ","PR","02/2026","1395","181","0"
"412217","RIO BRANCO DO IVAÍ","PR","03/2026","1401","144","0"
"412217","RIO BRANCO DO IVAÍ","PR","04/2026","1374","154","0"
"412217","RIO BRANCO DO IVAÍ","PR","05/2026","1437","149","0"
"412217","RIO BRANCO DO IVAÍ","PR","06/2026","1444","161","0"
"412217","RIO BRANCO DO IVAÍ","PR","08/2026","1420","179","0"
"412220","RIO BRANCO DO SUL","PR","01/2025","5025","2394","0"
"412220","RIO BRANCO DO SUL","PR","08/2026","5890","1315","0"
"412220","RIO BRANCO DO SUL","PR","06/2026","5897","1408","0"
"412220","RIO BRANCO DO SUL","PR","05/2026","5712","1403","0"
"412220","RIO BRANCO DO SUL","PR","04/2026","5432","1420","0"
"412220","RIO BRANCO DO SUL","PR","03/2026","5433","1461","0"
"412220","RIO BRANCO DO SUL","PR","02/2026","5453","1582","0"
"412220","RIO BRANCO DO SUL","PR","08/2025","4866","1645","0"
"412220","RIO BRANCO DO SUL","PR","04/2025","5199","2355","0"
"412220","RIO BRANCO DO SUL","PR","05/2025","5198","2310","0"
"412220","RIO BRANCO DO SUL","PR","12/2025","5531","1465","0"
"412220","RIO BRANCO DO SUL","PR","02/2025","5199","2350","0"
"412220","RIO BRANCO DO SUL","PR","09/2025","4881","1606","0"
"412220","RIO BRANCO DO SUL","PR","07/2025","5048","1731","0"
"412220","RIO BRANCO DO SUL","PR","11/2025","4883","1509","0"
"412220","RIO BRANCO DO SUL","PR","06/2025","5217","2273","0"
"412220","RIO BRANCO DO SUL","PR","03/2025","5159","2395","0"
"412220","RIO BRANCO DO SUL","PR","10/2025","4898","1617","0"
"412220","RIO BRANCO DO SUL","PR","01/2026","5508","1538","0"
"412220","RIO BRANCO DO SUL","PR","08/2024","5046","2599","0"
"412220","RIO BRANCO DO SUL","PR","04/2024","5171","2708","0"
"412220","RIO BRANCO DO SUL","PR","07/2024","5037","2653","0"
"412220","RIO BRANCO DO SUL","PR","06/2024","5294","2503","0"
"412220","RIO BRANCO DO SUL","PR","10/2024","4983","2614","0"
"412220","RIO BRANCO DO SUL","PR","09/2024","4996","2508","0"
"412220","RIO BRANCO DO SUL","PR","11/2024","4998","2494","0"
"412220","RIO BRANCO DO SUL","PR","02/2024","5381","2803","0"
"412220","RIO BRANCO DO SUL","PR","05/2024","5235","2598","0"
"412220","RIO BRANCO DO SUL","PR","03/2024","5113","2821","0"
"412220","RIO BRANCO DO SUL","PR","12/2024","5239","2298","0"
"412220","RIO BRANCO DO SUL","PR","10/2023","5748","2735","0"
"412220","RIO BRANCO DO SUL","PR","01/2024","5359","2845","0"
"412220","RIO BRANCO DO SUL","PR","03/2023","6677","1756","0"
"412220","RIO BRANCO DO SUL","PR","07/2023","5731","2753","0"
"412220","RIO BRANCO DO SUL","PR","06/2023","6605","1831","0"
"412220","RIO BRANCO DO SUL","PR","05/2023","6663","1793","0"
"412220","RIO BRANCO DO SUL","PR","09/2023","5764","2708","0"
"412220","RIO BRANCO DO SUL","PR","12/2023","5387","2866","0"
"412220","RIO BRANCO DO SUL","PR","04/2023","6722","1739","0"
"412220","RIO BRANCO DO SUL","PR","11/2023","5337","2927","0"
"412220","RIO BRANCO DO SUL","PR","02/2023","7200","1959","0"
"412220","RIO BRANCO DO SUL","PR","08/2023","5708","2699","0"
"412230","RIO NEGRO","PR","05/2026","2197","751","0"
"412230","RIO NEGRO","PR","11/2023","2287","718","0"
"412230","RIO NEGRO","PR","06/2023","1985","381","0"
"412230","RIO NEGRO","PR","09/2023","2278","582","0"
"412230","RIO NEGRO","PR","05/2023","1979","387","0"
"412230","RIO NEGRO","PR","02/2023","2010","526","0"
"412230","RIO NEGRO","PR","07/2023","1958","667","0"
"412230","RIO NEGRO","PR","03/2023","1820","425","0"
"412230","RIO NEGRO","PR","01/2024","2420","669","0"
"412230","RIO NEGRO","PR","04/2023","1835","420","0"
"412230","RIO NEGRO","PR","08/2026","2231","716","0"
"412230","RIO NEGRO","PR","10/2023","2405","575","0"
"412230","RIO NEGRO","PR","08/2023","2092","613","0"
"412230","RIO NEGRO","PR","12/2023","2356","690","0"
"412230","RIO NEGRO","PR","11/2024","2311","914","0"
"412230","RIO NEGRO","PR","12/2024","2364","893","0"
"412230","RIO NEGRO","PR","04/2024","2522","784","0"
"412230","RIO NEGRO","PR","03/2024","2376","797","0"
"412230","RIO NEGRO","PR","09/2024","2349","843","0"
"412230","RIO NEGRO","PR","02/2024","2470","659","0"
"412230","RIO NEGRO","PR","06/2026","2219","753","0"
"412230","RIO NEGRO","PR","06/2024","2539","735","0"
"412230","RIO NEGRO","PR","07/2024","2392","861","0"
"412230","RIO NEGRO","PR","10/2024","2332","894","0"
"412230","RIO NEGRO","PR","01/2025","2261","947","0"
"412230","RIO NEGRO","PR","05/2024","2526","737","0"
"412230","RIO NEGRO","PR","08/2024","2387","839","0"
"412230","RIO NEGRO","PR","09/2025","1966","952","0"
"412230","RIO NEGRO","PR","04/2025","2242","965","0"
"412230","RIO NEGRO","PR","02/2025","2287","931","0"
"412230","RIO NEGRO","PR","10/2025","1974","919","0"
"412230","RIO NEGRO","PR","01/2026","2122","824","0"
"412230","RIO NEGRO","PR","07/2025","2104","922","0"
"412230","RIO NEGRO","PR","06/2025","2244","958","0"
"412230","RIO NEGRO","PR","12/2025","2147","816","0"
"412230","RIO NEGRO","PR","11/2025","1984","857","0"
"412230","RIO NEGRO","PR","03/2025","2246","966","0"
"412230","RIO NEGRO","PR","05/2025","2241","954","0"
"412230","RIO NEGRO","PR","08/2025","2023","923","0"
"412230","RIO NEGRO","PR","02/2026","2107","833","0"
"412230","RIO NEGRO","PR","03/2026","2078","775","0"
"412230","RIO NEGRO","PR","04/2026","2181","773","0"
"412240","ROLÂNDIA","PR","06/2026","5779","1936","0"
"412240","ROLÂNDIA","PR","03/2023","6248","810","0"
"412240","ROLÂNDIA","PR","02/2023","6525","974","0"
"412240","ROLÂNDIA","PR","12/2023","5638","2233","0"
"412240","ROLÂNDIA","PR","01/2024","5659","2198","0"
"412240","ROLÂNDIA","PR","06/2023","6644","837","0"
"412240","ROLÂNDIA","PR","07/2023","5230","2031","0"
"412240","ROLÂNDIA","PR","10/2023","6177","1782","0"
"412240","ROLÂNDIA","PR","09/2023","6048","1800","0"
"412240","ROLÂNDIA","PR","08/2023","5760","1876","0"
"412240","ROLÂNDIA","PR","05/2023","6638","825","0"
"412240","ROLÂNDIA","PR","04/2023","6405","808","0"
"412240","ROLÂNDIA","PR","11/2023","5522","2270","0"
"412240","ROLÂNDIA","PR","12/2024","5895","2377","0"
"412240","ROLÂNDIA","PR","04/2024","5376","2437","0"
"412240","ROLÂNDIA","PR","11/2024","5683","2440","0"
"412240","ROLÂNDIA","PR","07/2024","5554","2514","0"
"412240","ROLÂNDIA","PR","05/2024","5694","2349","0"
"412240","ROLÂNDIA","PR","02/2024","5860","2138","0"
"412240","ROLÂNDIA","PR","06/2024","5911","2306","0"
"412240","ROLÂNDIA","PR","03/2024","5316","2453","0"
"412240","ROLÂNDIA","PR","09/2024","5594","2381","0"
"412240","ROLÂNDIA","PR","10/2024","5665","2503","0"
"412240","ROLÂNDIA","PR","01/2025","5677","2570","0"
"412240","ROLÂNDIA","PR","08/2024","5571","2453","0"
"412240","ROLÂNDIA","PR","02/2025","5767","2557","0"
"412240","ROLÂNDIA","PR","06/2025","5627","2558","0"
"412240","ROLÂNDIA","PR","01/2026","5381","2126","0"
"412240","ROLÂNDIA","PR","07/2025","5281","2289","0"
"412240","ROLÂNDIA","PR","08/2025","5446","2210","0"
"412240","ROLÂNDIA","PR","10/2025","5374","2164","0"
"412240","ROLÂNDIA","PR","12/2025","5428","2051","0"
"412240","ROLÂNDIA","PR","11/2025","5333","2007","0"
"412240","ROLÂNDIA","PR","03/2025","5593","2651","0"
"412240","ROLÂNDIA","PR","09/2025","5460","2127","0"
"412240","ROLÂNDIA","PR","04/2025","5636","2600","0"
"412240","ROLÂNDIA","PR","05/2025","5635","2586","0"
"412240","ROLÂNDIA","PR","02/2026","5253","2074","0"
"412240","ROLÂNDIA","PR","03/2026","5623","1954","0"
"412240","ROLÂNDIA","PR","04/2026","5606","1974","0"
"412240","ROLÂNDIA","PR","05/2026","5680","1984","0"
"412240","ROLÂNDIA","PR","08/2026","5844","1874","0"
"412250","RONCADOR","PR","06/2023","1543","370","0"
"412250","RONCADOR","PR","08/2026","872","440","0"
"412250","RONCADOR","PR","06/2026","872","493","0"
"412250","RONCADOR","PR","05/2026","896","498","0"
"412250","RONCADOR","PR","04/2026","886","537","0"
"412250","RONCADOR","PR","03/2026","904","524","0"
"412250","RONCADOR","PR","02/2026","884","528","0"
"412250","RONCADOR","PR","06/2025","1130","562","0"
"412250","RONCADOR","PR","04/2025","1129","593","0"
"412250","RONCADOR","PR","05/2025","1129","577","0"
"412250","RONCADOR","PR","01/2026","905","529","0"
"412250","RONCADOR","PR","02/2025","1136","601","0"
"412250","RONCADOR","PR","03/2025","1129","610","0"
"412250","RONCADOR","PR","11/2025","882","510","0"
"412250","RONCADOR","PR","10/2025","913","529","0"
"412250","RONCADOR","PR","12/2025","904","512","0"
"412250","RONCADOR","PR","09/2025","942","565","0"
"412250","RONCADOR","PR","08/2025","979","558","0"
"412250","RONCADOR","PR","07/2025","1021","539","0"
"412250","RONCADOR","PR","08/2024","1316","557","0"
"412250","RONCADOR","PR","11/2024","1206","581","0"
"412250","RONCADOR","PR","05/2024","1427","490","0"
"412250","RONCADOR","PR","06/2024","1430","484","0"
"412250","RONCADOR","PR","12/2024","1175","592","0"
"412250","RONCADOR","PR","10/2024","1235","564","0"
"412250","RONCADOR","PR","07/2024","1307","567","0"
"412250","RONCADOR","PR","01/2025","1138","599","0"
"412250","RONCADOR","PR","09/2024","1299","537","0"
"412250","RONCADOR","PR","02/2024","1423","459","0"
"412250","RONCADOR","PR","04/2024","1424","474","0"
"412250","RONCADOR","PR","03/2024","1392","488","0"
"412250","RONCADOR","PR","11/2023","1397","493","0"
"412250","RONCADOR","PR","08/2023","1463","439","0"
"412250","RONCADOR","PR","05/2023","1565","349","0"
"412250","RONCADOR","PR","03/2023","1610","327","0"
"412250","RONCADOR","PR","07/2023","1481","479","0"
"412250","RONCADOR","PR","04/2023","1625","337","0"
"412250","RONCADOR","PR","10/2023","1463","467","0"
"412250","RONCADOR","PR","09/2023","1471","450","0"
"412250","RONCADOR","PR","12/2023","1420","477","0"
"412250","RONCADOR","PR","01/2024","1417","477","0"
"412250","RONCADOR","PR","02/2023","1634","337","0"
"412260","RONDON","PR","10/2024","953","266","0"
"412260","RONDON","PR","11/2023","774","290","0"
"412260","RONDON","PR","09/2023","842","297","0"
"412260","RONDON","PR","12/2023","793","287","0"
"412260","RONDON","PR","06/2023","1083","188","0"
"412260","RONDON","PR","02/2023","1270","195","0"
"412260","RONDON","PR","03/2023","1169","159","0"
"412260","RONDON","PR","04/2023","1162","167","0"
"412260","RONDON","PR","08/2023","851","309","0"
"412260","RONDON","PR","07/2023","836","374","0"
"412260","RONDON","PR","05/2023","1122","179","0"
"412260","RONDON","PR","10/2023","834","248","0"
"412260","RONDON","PR","01/2024","786","292","0"
"412260","RONDON","PR","11/2024","955","261","0"
"412260","RONDON","PR","03/2024","731","290","0"
"412260","RONDON","PR","04/2024","756","300","0"
"412260","RONDON","PR","01/2025","848","319","0"
"412260","RONDON","PR","02/2024","773","269","0"
"412260","RONDON","PR","07/2024","919","270","0"
"412260","RONDON","PR","06/2024","770","254","0"
"412260","RONDON","PR","12/2024","925","257","0"
"412260","RONDON","PR","09/2024","911","255","0"
"412260","RONDON","PR","05/2024","776","271","0"
"412260","RONDON","PR","08/2024","911","272","0"
"412260","RONDON","PR","07/2025","812","328","0"
"412260","RONDON","PR","02/2025","880","290","0"
"412260","RONDON","PR","04/2025","867","310","0"
"412260","RONDON","PR","10/2025","748","311","0"
"412260","RONDON","PR","12/2025","827","270","0"
"412260","RONDON","PR","01/2026","827","259","0"
"412260","RONDON","PR","06/2025","869","309","0"
"412260","RONDON","PR","09/2025","770","308","0"
"412260","RONDON","PR","11/2025","741","276","0"
"412260","RONDON","PR","08/2025","778","324","0"
"412260","RONDON","PR","03/2025","865","308","0"
"412260","RONDON","PR","05/2025","867","311","0"
"412260","RONDON","PR","02/2026","808","268","0"
"412260","RONDON","PR","03/2026","799","251","0"
"412260","RONDON","PR","04/2026","862","250","0"
"412260","RONDON","PR","05/2026","868","212","0"
"412260","RONDON","PR","06/2026","863","212","0"
"412260","RONDON","PR","08/2026","855","243","0"
"412265","ROSÁRIO DO IVAÍ","PR","07/2023","1384","244","0"
"412265","ROSÁRIO DO IVAÍ","PR","08/2026","1217","294","0"
"412265","ROSÁRIO DO IVAÍ","PR","06/2026","1311","257","0"
"412265","ROSÁRIO DO IVAÍ","PR","05/2026","1328","238","0"
"412265","ROSÁRIO DO IVAÍ","PR","04/2026","1336","232","0"
"412265","ROSÁRIO DO IVAÍ","PR","03/2026","1288","218","0"
"412265","ROSÁRIO DO IVAÍ","PR","02/2026","1326","223","0"
"412265","ROSÁRIO DO IVAÍ","PR","08/2025","1273","259","0"
"412265","ROSÁRIO DO IVAÍ","PR","05/2025","1307","328","0"
"412265","ROSÁRIO DO IVAÍ","PR","06/2025","1305","323","0"
"412265","ROSÁRIO DO IVAÍ","PR","02/2025","1329","339","0"
"412265","ROSÁRIO DO IVAÍ","PR","07/2025","1328","243","0"
"412265","ROSÁRIO DO IVAÍ","PR","01/2026","1326","224","0"
"412265","ROSÁRIO DO IVAÍ","PR","12/2025","1336","218","0"
"412265","ROSÁRIO DO IVAÍ","PR","11/2025","1251","243","0"
"412265","ROSÁRIO DO IVAÍ","PR","09/2025","1302","241","0"
"412265","ROSÁRIO DO IVAÍ","PR","04/2025","1312","328","0"
"412265","ROSÁRIO DO IVAÍ","PR","03/2025","1317","361","0"
"412265","ROSÁRIO DO IVAÍ","PR","10/2025","1268","256","0"
"412265","ROSÁRIO DO IVAÍ","PR","11/2024","1317","341","0"
"412265","ROSÁRIO DO IVAÍ","PR","10/2024","1315","338","0"
"412265","ROSÁRIO DO IVAÍ","PR","06/2024","1426","285","0"
"412265","ROSÁRIO DO IVAÍ","PR","09/2024","1368","298","0"
"412265","ROSÁRIO DO IVAÍ","PR","01/2025","1314","339","0"
"412265","ROSÁRIO DO IVAÍ","PR","12/2024","1343","330","0"
"412265","ROSÁRIO DO IVAÍ","PR","07/2024","1378","308","0"
"412265","ROSÁRIO DO IVAÍ","PR","02/2024","1417","260","0"
"412265","ROSÁRIO DO IVAÍ","PR","03/2024","1340","303","0"
"412265","ROSÁRIO DO IVAÍ","PR","05/2024","1413","285","0"
"412265","ROSÁRIO DO IVAÍ","PR","08/2024","1365","295","0"
"412265","ROSÁRIO DO IVAÍ","PR","04/2024","1394","296","0"
"412265","ROSÁRIO DO IVAÍ","PR","01/2024","1377","262","0"
"412265","ROSÁRIO DO IVAÍ","PR","05/2023","1569","50","0"
"412265","ROSÁRIO DO IVAÍ","PR","09/2023","1448","219","0"
"412265","ROSÁRIO DO IVAÍ","PR","03/2023","1540","40","0"
"412265","ROSÁRIO DO IVAÍ","PR","10/2023","1457","207","0"
"412265","ROSÁRIO DO IVAÍ","PR","02/2023","1608","44","0"
"412265","ROSÁRIO DO IVAÍ","PR","12/2023","1370","273","0"
"412265","ROSÁRIO DO IVAÍ","PR","08/2023","1436","229","0"
"412265","ROSÁRIO DO IVAÍ","PR","06/2023","1534","57","0"
"412265","ROSÁRIO DO IVAÍ","PR","04/2023","1580","45","0"
"412265","ROSÁRIO DO IVAÍ","PR","11/2023","1376","281","0"
"412270","SABÁUDIA","PR","08/2026","1031","220","0"
"412270","SABÁUDIA","PR","06/2026","964","241","0"
"412270","SABÁUDIA","PR","05/2026","952","244","0"
"412270","SABÁUDIA","PR","04/2026","958","244","0"
"412270","SABÁUDIA","PR","03/2026","925","233","0"
"412270","SABÁUDIA","PR","02/2026","916","251","0"
"412270","SABÁUDIA","PR","04/2025","984","286","0"
"412270","SABÁUDIA","PR","05/2025","987","286","0"
"412270","SABÁUDIA","PR","07/2025","947","271","0"
"412270","SABÁUDIA","PR","03/2025","967","280","0"
"412270","SABÁUDIA","PR","11/2025","870","251","0"
"412270","SABÁUDIA","PR","10/2025","880","267","0"
"412270","SABÁUDIA","PR","09/2025","855","279","0"
"412270","SABÁUDIA","PR","08/2025","888","280","0"
"412270","SABÁUDIA","PR","01/2026","905","243","0"
"412270","SABÁUDIA","PR","06/2025","987","284","0"
"412270","SABÁUDIA","PR","02/2025","961","268","0"
"412270","SABÁUDIA","PR","12/2025","894","228","0"
"412270","SABÁUDIA","PR","08/2024","883","271","0"
"412270","SABÁUDIA","PR","10/2024","933","291","0"
"412270","SABÁUDIA","PR","03/2024","843","286","0"
"412270","SABÁUDIA","PR","06/2024","835","254","0"
"412270","SABÁUDIA","PR","02/2024","929","241","0"
"412270","SABÁUDIA","PR","09/2024","893","257","0"
"412270","SABÁUDIA","PR","07/2024","879","286","0"
"412270","SABÁUDIA","PR","05/2024","833","274","0"
"412270","SABÁUDIA","PR","04/2024","845","282","0"
"412270","SABÁUDIA","PR","12/2024","972","274","0"
"412270","SABÁUDIA","PR","11/2024","950","291","0"
"412270","SABÁUDIA","PR","01/2025","945","273","0"
"412270","SABÁUDIA","PR","09/2023","930","205","0"
"412270","SABÁUDIA","PR","08/2023","779","218","0"
"412270","SABÁUDIA","PR","04/2023","906","87","0"
"412270","SABÁUDIA","PR","10/2023","973","201","0"
"412270","SABÁUDIA","PR","03/2023","891","93","0"
"412270","SABÁUDIA","PR","07/2023","741","238","0"
"412270","SABÁUDIA","PR","05/2023","888","84","0"
"412270","SABÁUDIA","PR","06/2023","903","78","0"
"412270","SABÁUDIA","PR","01/2024","945","262","0"
"412270","SABÁUDIA","PR","12/2023","939","267","0"
"412270","SABÁUDIA","PR","11/2023","896","267","0"
"412270","SABÁUDIA","PR","02/2023","975","118","0"
"412280","SALGADO FILHO","PR","02/2026","222","103","0"
"412280","SALGADO FILHO","PR","08/2026","221","116","0"
"412280","SALGADO FILHO","PR","06/2026","239","111","0"
"412280","SALGADO FILHO","PR","05/2026","238","98","0"
"412280","SALGADO FILHO","PR","04/2026","230","106","0"
"412280","SALGADO FILHO","PR","03/2026","230","115","0"
"412280","SALGADO FILHO","PR","12/2025","246","96","0"
"412280","SALGADO FILHO","PR","09/2025","227","123","0"
"412280","SALGADO FILHO","PR","02/2025","269","127","0"
"412280","SALGADO FILHO","PR","07/2025","230","139","0"
"412280","SALGADO FILHO","PR","03/2025","262","154","0"
"412280","SALGADO FILHO","PR","04/2025","259","143","0"
"412280","SALGADO FILHO","PR","11/2025","207","115","0"
"412280","SALGADO FILHO","PR","10/2025","214","116","0"
"412280","SALGADO FILHO","PR","01/2026","222","109","0"
"412280","SALGADO FILHO","PR","06/2025","259","144","0"
"412280","SALGADO FILHO","PR","08/2025","232","126","0"
"412280","SALGADO FILHO","PR","05/2025","259","143","0"
"412280","SALGADO FILHO","PR","06/2024","321","118","0"
"412280","SALGADO FILHO","PR","09/2024","290","124","0"
"412280","SALGADO FILHO","PR","10/2024","286","134","0"
"412280","SALGADO FILHO","PR","02/2024","317","118","0"
"412280","SALGADO FILHO","PR","01/2025","262","134","0"
"412280","SALGADO FILHO","PR","03/2024","293","128","0"
"412280","SALGADO FILHO","PR","07/2024","289","143","0"
"412280","SALGADO FILHO","PR","05/2024","315","122","0"
"412280","SALGADO FILHO","PR","04/2024","298","125","0"
"412280","SALGADO FILHO","PR","08/2024","283","144","0"
"412280","SALGADO FILHO","PR","12/2024","282","121","0"
"412280","SALGADO FILHO","PR","11/2024","281","123","0"
"412280","SALGADO FILHO","PR","01/2024","325","128","0"
"412280","SALGADO FILHO","PR","08/2023","321","146","0"
"412280","SALGADO FILHO","PR","12/2023","329","147","0"
"412280","SALGADO FILHO","PR","02/2023","359","86","0"
"412280","SALGADO FILHO","PR","09/2023","334","126","0"
"412280","SALGADO FILHO","PR","07/2023","320","145","0"
"412280","SALGADO FILHO","PR","03/2023","335","85","0"
"412280","SALGADO FILHO","PR","11/2023","341","148","0"
"412280","SALGADO FILHO","PR","10/2023","354","130","0"
"412280","SALGADO FILHO","PR","05/2023","365","77","0"
"412280","SALGADO FILHO","PR","06/2023","358","82","0"
"412280","SALGADO FILHO","PR","04/2023","369","91","0"
"412290","SALTO DO ITARARÉ","PR","02/2024","1143","174","0"
"412290","SALTO DO ITARARÉ","PR","05/2023","1051","38","0"
"412290","SALTO DO ITARARÉ","PR","04/2023","1042","33","0"
"412290","SALTO DO ITARARÉ","PR","06/2023","1061","43","0"
"412290","SALTO DO ITARARÉ","PR","02/2023","1057","52","0"
"412290","SALTO DO ITARARÉ","PR","10/2023","1138","145","0"
"412290","SALTO DO ITARARÉ","PR","03/2023","1039","28","0"
"412290","SALTO DO ITARARÉ","PR","07/2023","1002","170","0"
"412290","SALTO DO ITARARÉ","PR","09/2023","1092","153","0"
"412290","SALTO DO ITARARÉ","PR","08/2023","1022","161","0"
"412290","SALTO DO ITARARÉ","PR","12/2023","1111","189","0"
"412290","SALTO DO ITARARÉ","PR","04/2024","1132","221","0"
"412290","SALTO DO ITARARÉ","PR","12/2024","1166","236","0"
"412290","SALTO DO ITARARÉ","PR","11/2024","1128","243","0"
"412290","SALTO DO ITARARÉ","PR","07/2024","1141","245","0"
"412290","SALTO DO ITARARÉ","PR","05/2024","1136","204","0"
"412290","SALTO DO ITARARÉ","PR","10/2024","1137","237","0"
"412290","SALTO DO ITARARÉ","PR","06/2024","1208","201","0"
"412290","SALTO DO ITARARÉ","PR","09/2024","1141","222","0"
"412290","SALTO DO ITARARÉ","PR","11/2023","1093","193","0"
"412290","SALTO DO ITARARÉ","PR","01/2025","1153","238","0"
"412290","SALTO DO ITARARÉ","PR","03/2024","1100","223","0"
"412290","SALTO DO ITARARÉ","PR","08/2024","1147","233","0"
"412290","SALTO DO ITARARÉ","PR","12/2025","1067","184","0"
"412290","SALTO DO ITARARÉ","PR","02/2025","1157","238","0"
"412290","SALTO DO ITARARÉ","PR","01/2026","1064","200","0"
"412290","SALTO DO ITARARÉ","PR","07/2025","1096","207","0"
"412290","SALTO DO ITARARÉ","PR","09/2025","1048","194","0"
"412290","SALTO DO ITARARÉ","PR","05/2025","1119","260","0"
"412290","SALTO DO ITARARÉ","PR","03/2025","1124","270","0"
"412290","SALTO DO ITARARÉ","PR","04/2025","1120","266","0"
"412290","SALTO DO ITARARÉ","PR","10/2025","1026","203","0"
"412290","SALTO DO ITARARÉ","PR","11/2025","1006","188","0"
"412290","SALTO DO ITARARÉ","PR","08/2025","1061","194","0"
"412290","SALTO DO ITARARÉ","PR","06/2025","1125","263","0"
"412290","SALTO DO ITARARÉ","PR","02/2026","1052","204","0"
"412290","SALTO DO ITARARÉ","PR","03/2026","1056","167","0"
"412290","SALTO DO ITARARÉ","PR","04/2026","1075","168","0"
"412290","SALTO DO ITARARÉ","PR","05/2026","1053","157","0"
"412290","SALTO DO ITARARÉ","PR","06/2026","1049","176","0"
"412290","SALTO DO ITARARÉ","PR","08/2026","1054","178","0"
"412290","SALTO DO ITARARÉ","PR","01/2024","1116","189","0"
"412300","SALTO DO LONTRA","PR","06/2026","1725","316","0"
"412300","SALTO DO LONTRA","PR","06/2023","1738","248","0"
"412300","SALTO DO LONTRA","PR","08/2023","1668","450","0"
"412300","SALTO DO LONTRA","PR","02/2023","1655","299","0"
"412300","SALTO DO LONTRA","PR","10/2023","1811","345","0"
"412300","SALTO DO LONTRA","PR","08/2026","1709","299","0"
"412300","SALTO DO LONTRA","PR","11/2023","1705","442","0"
"412300","SALTO DO LONTRA","PR","04/2023","1733","255","0"
"412300","SALTO DO LONTRA","PR","12/2023","1728","433","0"
"412300","SALTO DO LONTRA","PR","09/2023","1749","395","0"
"412300","SALTO DO LONTRA","PR","03/2023","1658","267","0"
"412300","SALTO DO LONTRA","PR","05/2023","1753","246","0"
"412300","SALTO DO LONTRA","PR","01/2024","1738","376","0"
"412300","SALTO DO LONTRA","PR","07/2023","1569","514","0"
"412300","SALTO DO LONTRA","PR","10/2024","1590","502","0"
"412300","SALTO DO LONTRA","PR","04/2024","1807","404","0"
"412300","SALTO DO LONTRA","PR","11/2024","1631","464","0"
"412300","SALTO DO LONTRA","PR","05/2024","1831","396","0"
"412300","SALTO DO LONTRA","PR","07/2024","1728","445","0"
"412300","SALTO DO LONTRA","PR","01/2025","1557","480","0"
"412300","SALTO DO LONTRA","PR","03/2024","1748","420","0"
"412300","SALTO DO LONTRA","PR","12/2024","1655","420","0"
"412300","SALTO DO LONTRA","PR","02/2024","1773","370","0"
"412300","SALTO DO LONTRA","PR","09/2024","1711","396","0"
"412300","SALTO DO LONTRA","PR","06/2024","1861","390","0"
"412300","SALTO DO LONTRA","PR","08/2024","1736","420","0"
"412300","SALTO DO LONTRA","PR","09/2025","1481","395","0"
"412300","SALTO DO LONTRA","PR","08/2025","1504","399","0"
"412300","SALTO DO LONTRA","PR","06/2025","1588","474","0"
"412300","SALTO DO LONTRA","PR","02/2025","1554","469","0"
"412300","SALTO DO LONTRA","PR","03/2025","1575","508","0"
"412300","SALTO DO LONTRA","PR","12/2025","1598","301","0"
"412300","SALTO DO LONTRA","PR","07/2025","1537","408","0"
"412300","SALTO DO LONTRA","PR","05/2025","1579","476","0"
"412300","SALTO DO LONTRA","PR","11/2025","1468","314","0"
"412300","SALTO DO LONTRA","PR","01/2026","1591","300","0"
"412300","SALTO DO LONTRA","PR","10/2025","1482","344","0"
"412300","SALTO DO LONTRA","PR","04/2025","1579","479","0"
"412300","SALTO DO LONTRA","PR","02/2026","1569","313","0"
"412300","SALTO DO LONTRA","PR","03/2026","1542","317","0"
"412300","SALTO DO LONTRA","PR","04/2026","1517","312","0"
"412300","SALTO DO LONTRA","PR","05/2026","1602","321","0"
"412310","SANTA AMÉLIA","PR","06/2025","406","258","0"
"412310","SANTA AMÉLIA","PR","08/2023","546","252","0"
"412310","SANTA AMÉLIA","PR","06/2023","646","195","0"
"412310","SANTA AMÉLIA","PR","04/2023","641","201","0"
"412310","SANTA AMÉLIA","PR","01/2024","513","272","0"
"412310","SANTA AMÉLIA","PR","11/2023","528","274","0"
"412310","SANTA AMÉLIA","PR","12/2023","513","266","0"
"412310","SANTA AMÉLIA","PR","02/2023","648","227","0"
"412310","SANTA AMÉLIA","PR","10/2023","561","240","0"
"412310","SANTA AMÉLIA","PR","09/2023","557","240","0"
"412310","SANTA AMÉLIA","PR","07/2023","554","300","0"
"412310","SANTA AMÉLIA","PR","05/2023","653","193","0"
"412310","SANTA AMÉLIA","PR","03/2023","619","210","0"
"412310","SANTA AMÉLIA","PR","05/2024","460","253","0"
"412310","SANTA AMÉLIA","PR","12/2024","396","260","0"
"412310","SANTA AMÉLIA","PR","10/2024","389","268","0"
"412310","SANTA AMÉLIA","PR","01/2025","398","267","0"
"412310","SANTA AMÉLIA","PR","03/2024","473","290","0"
"412310","SANTA AMÉLIA","PR","07/2024","412","271","0"
"412310","SANTA AMÉLIA","PR","09/2024","406","266","0"
"412310","SANTA AMÉLIA","PR","04/2024","485","263","0"
"412310","SANTA AMÉLIA","PR","06/2024","463","252","0"
"412310","SANTA AMÉLIA","PR","02/2024","519","266","0"
"412310","SANTA AMÉLIA","PR","11/2024","391","269","0"
"412310","SANTA AMÉLIA","PR","08/2024","404","272","0"
"412310","SANTA AMÉLIA","PR","09/2025","368","184","0"
"412310","SANTA AMÉLIA","PR","12/2025","346","164","0"
"412310","SANTA AMÉLIA","PR","10/2025","346","185","0"
"412310","SANTA AMÉLIA","PR","05/2025","406","254","0"
"412310","SANTA AMÉLIA","PR","03/2025","404","268","0"
"412310","SANTA AMÉLIA","PR","07/2025","400","185","0"
"412310","SANTA AMÉLIA","PR","01/2026","334","173","0"
"412310","SANTA AMÉLIA","PR","11/2025","342","174","0"
"412310","SANTA AMÉLIA","PR","02/2025","396","267","0"
"412310","SANTA AMÉLIA","PR","04/2025","406","254","0"
"412310","SANTA AMÉLIA","PR","08/2025","366","197","0"
"412310","SANTA AMÉLIA","PR","02/2026","344","173","0"
"412310","SANTA AMÉLIA","PR","03/2026","353","162","0"
"412310","SANTA AMÉLIA","PR","04/2026","365","158","0"
"412310","SANTA AMÉLIA","PR","05/2026","333","179","0"
"412310","SANTA AMÉLIA","PR","06/2026","332","184","0"
"412310","SANTA AMÉLIA","PR","08/2026","352","151","0"
"412320","SANTA CECÍLIA DO PAVÃO","PR","06/2026","487","94","0"
"412320","SANTA CECÍLIA DO PAVÃO","PR","05/2023","605","77","0"
"412320","SANTA CECÍLIA DO PAVÃO","PR","08/2023","600","94","0"
"412320","SANTA CECÍLIA DO PAVÃO","PR","06/2023","609","76","0"
"412320","SANTA CECÍLIA DO PAVÃO","PR","01/2024","535","132","0"
"412320","SANTA CECÍLIA DO PAVÃO","PR","03/2023","616","87","0"
"412320","SANTA CECÍLIA DO PAVÃO","PR","07/2023","586","119","0"
"412320","SANTA CECÍLIA DO PAVÃO","PR","02/2023","615","85","0"
"412320","SANTA CECÍLIA DO PAVÃO","PR","04/2023","617","87","0"
"412320","SANTA CECÍLIA DO PAVÃO","PR","09/2023","586","92","0"
"412320","SANTA CECÍLIA DO PAVÃO","PR","11/2023","551","126","0"
"412320","SANTA CECÍLIA DO PAVÃO","PR","10/2023","582","93","0"
"412320","SANTA CECÍLIA DO PAVÃO","PR","12/2023","566","115","0"
"412320","SANTA CECÍLIA DO PAVÃO","PR","03/2024","533","143","0"
"412320","SANTA CECÍLIA DO PAVÃO","PR","09/2024","497","157","0"
"412320","SANTA CECÍLIA DO PAVÃO","PR","11/2024","502","152","0"
"412320","SANTA CECÍLIA DO PAVÃO","PR","08/2024","492","163","0"
"412320","SANTA CECÍLIA DO PAVÃO","PR","02/2024","539","131","0"
"412320","SANTA CECÍLIA DO PAVÃO","PR","05/2024","536","152","0"
"412320","SANTA CECÍLIA DO PAVÃO","PR","06/2024","524","152","0"
"412320","SANTA CECÍLIA DO PAVÃO","PR","12/2024","497","155","0"
"412320","SANTA CECÍLIA DO PAVÃO","PR","07/2024","501","154","0"
"412320","SANTA CECÍLIA DO PAVÃO","PR","01/2025","491","152","0"
"412320","SANTA CECÍLIA DO PAVÃO","PR","10/2024","500","151","0"
"412320","SANTA CECÍLIA DO PAVÃO","PR","04/2024","532","151","0"
"412320","SANTA CECÍLIA DO PAVÃO","PR","05/2025","525","135","0"
"412320","SANTA CECÍLIA DO PAVÃO","PR","04/2025","525","139","0"
"412320","SANTA CECÍLIA DO PAVÃO","PR","09/2025","496","123","0"
"412320","SANTA CECÍLIA DO PAVÃO","PR","08/2025","512","123","0"
"412320","SANTA CECÍLIA DO PAVÃO","PR","01/2026","475","125","0"
"412320","SANTA CECÍLIA DO PAVÃO","PR","07/2025","497","110","0"
"412320","SANTA CECÍLIA DO PAVÃO","PR","12/2025","491","116","0"
"412320","SANTA CECÍLIA DO PAVÃO","PR","06/2025","525","130","0"
"412320","SANTA CECÍLIA DO PAVÃO","PR","02/2025","495","156","0"
"412320","SANTA CECÍLIA DO PAVÃO","PR","10/2025","491","121","0"
"412320","SANTA CECÍLIA DO PAVÃO","PR","03/2025","516","146","0"
"412320","SANTA CECÍLIA DO PAVÃO","PR","08/2026","492","77","0"
"412320","SANTA CECÍLIA DO PAVÃO","PR","11/2025","472","119","0"
"412320","SANTA CECÍLIA DO PAVÃO","PR","02/2026","453","143","0"
"412320","SANTA CECÍLIA DO PAVÃO","PR","03/2026","480","121","0"
"412320","SANTA CECÍLIA DO PAVÃO","PR","04/2026","473","107","0"
"412320","SANTA CECÍLIA DO PAVÃO","PR","05/2026","479","103","0"
"412330","SANTA CRUZ DE MONTE CASTELO","PR","03/2024","1405","390","0"
"412330","SANTA CRUZ DE MONTE CASTELO","PR","08/2026","1316","326","0"
"412330","SANTA CRUZ DE MONTE CASTELO","PR","06/2026","1323","342","0"
"412330","SANTA CRUZ DE MONTE CASTELO","PR","05/2026","1254","351","0"
"412330","SANTA CRUZ DE MONTE CASTELO","PR","04/2026","1251","350","0"
"412330","SANTA CRUZ DE MONTE CASTELO","PR","03/2026","1169","344","0"
"412330","SANTA CRUZ DE MONTE CASTELO","PR","02/2026","1170","360","0"
"412330","SANTA CRUZ DE MONTE CASTELO","PR","08/2025","1241","385","0"
"412330","SANTA CRUZ DE MONTE CASTELO","PR","02/2025","1276","362","0"
"412330","SANTA CRUZ DE MONTE CASTELO","PR","07/2025","1247","375","0"
"412330","SANTA CRUZ DE MONTE CASTELO","PR","03/2025","1333","335","0"
"412330","SANTA CRUZ DE MONTE CASTELO","PR","11/2025","1166","357","0"
"412330","SANTA CRUZ DE MONTE CASTELO","PR","05/2025","1334","333","0"
"412330","SANTA CRUZ DE MONTE CASTELO","PR","10/2025","1186","390","0"
"412330","SANTA CRUZ DE MONTE CASTELO","PR","09/2025","1214","403","0"
"412330","SANTA CRUZ DE MONTE CASTELO","PR","06/2025","1337","328","0"
"412330","SANTA CRUZ DE MONTE CASTELO","PR","04/2025","1334","339","0"
"412330","SANTA CRUZ DE MONTE CASTELO","PR","01/2026","1192","381","0"
"412330","SANTA CRUZ DE MONTE CASTELO","PR","12/2025","1221","355","0"
"412330","SANTA CRUZ DE MONTE CASTELO","PR","05/2024","1388","374","0"
"412330","SANTA CRUZ DE MONTE CASTELO","PR","08/2024","1403","396","0"
"412330","SANTA CRUZ DE MONTE CASTELO","PR","10/2024","1386","405","0"
"412330","SANTA CRUZ DE MONTE CASTELO","PR","04/2023","1389","376","0"
"412330","SANTA CRUZ DE MONTE CASTELO","PR","09/2024","1425","375","0"
"412330","SANTA CRUZ DE MONTE CASTELO","PR","01/2025","1289","364","0"
"412330","SANTA CRUZ DE MONTE CASTELO","PR","07/2024","1402","403","0"
"412330","SANTA CRUZ DE MONTE CASTELO","PR","06/2024","1377","372","0"
"412330","SANTA CRUZ DE MONTE CASTELO","PR","12/2024","1362","331","0"
"412330","SANTA CRUZ DE MONTE CASTELO","PR","11/2024","1372","383","0"
"412330","SANTA CRUZ DE MONTE CASTELO","PR","02/2024","1444","400","0"
"412330","SANTA CRUZ DE MONTE CASTELO","PR","04/2024","1393","381","0"
"412330","SANTA CRUZ DE MONTE CASTELO","PR","06/2023","1338","400","0"
"412330","SANTA CRUZ DE MONTE CASTELO","PR","08/2023","1292","516","0"
"412330","SANTA CRUZ DE MONTE CASTELO","PR","07/2023","1183","529","0"
"412330","SANTA CRUZ DE MONTE CASTELO","PR","09/2023","1364","475","0"
"412330","SANTA CRUZ DE MONTE CASTELO","PR","03/2023","1399","365","0"
"412330","SANTA CRUZ DE MONTE CASTELO","PR","10/2023","1394","445","0"
"412330","SANTA CRUZ DE MONTE CASTELO","PR","11/2023","1384","467","0"
"412330","SANTA CRUZ DE MONTE CASTELO","PR","02/2023","1441","370","0"
"412330","SANTA CRUZ DE MONTE CASTELO","PR","05/2023","1364","386","0"
"412330","SANTA CRUZ DE MONTE CASTELO","PR","01/2024","1446","400","0"
"412330","SANTA CRUZ DE MONTE CASTELO","PR","12/2023","1433","444","0"
"412340","SANTA FÉ","PR","08/2026","436","228","0"
"412340","SANTA FÉ","PR","10/2023","567","420","0"
"412340","SANTA FÉ","PR","03/2023","687","220","0"
"412340","SANTA FÉ","PR","11/2023","567","431","0"
"412340","SANTA FÉ","PR","12/2023","546","447","0"
"412340","SANTA FÉ","PR","04/2023","696","221","0"
"412340","SANTA FÉ","PR","01/2024","533","418","0"
"412340","SANTA FÉ","PR","05/2023","697","240","0"
"412340","SANTA FÉ","PR","07/2023","645","340","0"
"412340","SANTA FÉ","PR","08/2023","627","337","0"
"412340","SANTA FÉ","PR","02/2023","718","235","0"
"412340","SANTA FÉ","PR","09/2023","597","371","0"
"412340","SANTA FÉ","PR","06/2023","667","269","0"
"412340","SANTA FÉ","PR","02/2024","548","406","0"
"412340","SANTA FÉ","PR","03/2024","511","433","0"
"412340","SANTA FÉ","PR","12/2024","488","377","0"
"412340","SANTA FÉ","PR","04/2024","532","404","0"
"412340","SANTA FÉ","PR","05/2024","524","394","0"
"412340","SANTA FÉ","PR","01/2025","449","393","0"
"412340","SANTA FÉ","PR","06/2024","529","403","0"
"412340","SANTA FÉ","PR","07/2024","536","401","0"
"412340","SANTA FÉ","PR","09/2024","537","397","0"
"412340","SANTA FÉ","PR","10/2024","486","418","0"
"412340","SANTA FÉ","PR","11/2024","471","406","0"
"412340","SANTA FÉ","PR","08/2024","535","404","0"
"412340","SANTA FÉ","PR","12/2025","429","298","0"
"412340","SANTA FÉ","PR","09/2025","392","326","0"
"412340","SANTA FÉ","PR","04/2025","459","376","0"
"412340","SANTA FÉ","PR","07/2025","425","331","0"
"412340","SANTA FÉ","PR","10/2025","378","320","0"
"412340","SANTA FÉ","PR","05/2025","459","362","0"
"412340","SANTA FÉ","PR","03/2025","445","387","0"
"412340","SANTA FÉ","PR","01/2026","416","310","0"
"412340","SANTA FÉ","PR","11/2025","373","310","0"
"412340","SANTA FÉ","PR","02/2025","451","383","0"
"412340","SANTA FÉ","PR","08/2025","398","334","0"
"412340","SANTA FÉ","PR","06/2025","455","350","0"
"412340","SANTA FÉ","PR","02/2026","412","312","0"
"412340","SANTA FÉ","PR","03/2026","404","286","0"
"412340","SANTA FÉ","PR","04/2026","412","268","0"
"412340","SANTA FÉ","PR","05/2026","409","268","0"
"412340","SANTA FÉ","PR","06/2026","425","251","0"
"412350","SANTA HELENA","PR","10/2024","2110","956","0"
"412350","SANTA HELENA","PR","08/2023","2093","865","0"
"412350","SANTA HELENA","PR","05/2023","2359","510","0"
"412350","SANTA HELENA","PR","12/2023","2106","912","0"
"412350","SANTA HELENA","PR","01/2024","2096","896","0"
"412350","SANTA HELENA","PR","02/2023","2388","547","0"
"412350","SANTA HELENA","PR","09/2023","2131","860","0"
"412350","SANTA HELENA","PR","06/2023","2391","488","0"
"412350","SANTA HELENA","PR","03/2023","2267","521","0"
"412350","SANTA HELENA","PR","07/2023","2054","936","0"
"412350","SANTA HELENA","PR","04/2023","2311","498","0"
"412350","SANTA HELENA","PR","10/2023","2196","836","0"
"412350","SANTA HELENA","PR","11/2023","2075","912","0"
"412350","SANTA HELENA","PR","11/2024","2152","910","0"
"412350","SANTA HELENA","PR","02/2024","2166","880","0"
"412350","SANTA HELENA","PR","04/2024","2096","978","0"
"412350","SANTA HELENA","PR","12/2024","2188","885","0"
"412350","SANTA HELENA","PR","07/2024","2092","983","0"
"412350","SANTA HELENA","PR","01/2025","2124","908","0"
"412350","SANTA HELENA","PR","09/2024","2099","894","0"
"412350","SANTA HELENA","PR","05/2024","2106","980","0"
"412350","SANTA HELENA","PR","06/2024","2164","962","0"
"412350","SANTA HELENA","PR","03/2024","2032","981","0"
"412350","SANTA HELENA","PR","08/2024","2089","926","0"
"412350","SANTA HELENA","PR","01/2026","1610","885","0"
"412350","SANTA HELENA","PR","03/2025","2171","929","0"
"412350","SANTA HELENA","PR","05/2025","2145","919","0"
"412350","SANTA HELENA","PR","04/2025","2148","943","0"
"412350","SANTA HELENA","PR","06/2025","2147","918","0"
"412350","SANTA HELENA","PR","12/2025","1678","823","0"
"412350","SANTA HELENA","PR","07/2025","1935","807","0"
"412350","SANTA HELENA","PR","08/2025","1951","826","0"
"412350","SANTA HELENA","PR","09/2025","1936","856","0"
"412350","SANTA HELENA","PR","02/2025","2210","892","0"
"412350","SANTA HELENA","PR","11/2025","1695","820","0"
"412350","SANTA HELENA","PR","10/2025","1760","869","0"
"412350","SANTA HELENA","PR","02/2026","1568","873","0"
"412350","SANTA HELENA","PR","03/2026","1578","848","0"
"412350","SANTA HELENA","PR","04/2026","1551","877","0"
"412350","SANTA HELENA","PR","05/2026","1565","857","0"
"412350","SANTA HELENA","PR","06/2026","1521","850","0"
"412350","SANTA HELENA","PR","08/2026","1523","826","0"
"412360","SANTA INÊS","PR","08/2026","251","88","0"
"412360","SANTA INÊS","PR","12/2023","325","65","0"
"412360","SANTA INÊS","PR","04/2023","369","4","0"
"412360","SANTA INÊS","PR","05/2023","361","4","0"
"412360","SANTA INÊS","PR","02/2023","392","3","0"
"412360","SANTA INÊS","PR","11/2023","329","65","0"
"412360","SANTA INÊS","PR","10/2023","363","44","0"
"412360","SANTA INÊS","PR","09/2023","348","51","0"
"412360","SANTA INÊS","PR","07/2023","293","58","0"
"412360","SANTA INÊS","PR","03/2023","370","4","0"
"412360","SANTA INÊS","PR","06/2023","363","4","0"
"412360","SANTA INÊS","PR","08/2023","323","57","0"
"412360","SANTA INÊS","PR","01/2024","332","62","0"
"412360","SANTA INÊS","PR","04/2024","304","88","0"
"412360","SANTA INÊS","PR","08/2024","317","68","0"
"412360","SANTA INÊS","PR","02/2024","336","62","0"
"412360","SANTA INÊS","PR","06/2024","313","76","0"
"412360","SANTA INÊS","PR","07/2024","297","95","0"
"412360","SANTA INÊS","PR","10/2024","312","68","0"
"412360","SANTA INÊS","PR","01/2025","308","60","0"
"412360","SANTA INÊS","PR","03/2024","303","88","0"
"412360","SANTA INÊS","PR","12/2024","318","57","0"
"412360","SANTA INÊS","PR","05/2024","319","80","0"
"412360","SANTA INÊS","PR","09/2024","320","67","0"
"412360","SANTA INÊS","PR","11/2024","315","68","0"
"412360","SANTA INÊS","PR","08/2025","273","67","0"
"412360","SANTA INÊS","PR","10/2025","278","68","0"
"412360","SANTA INÊS","PR","05/2025","294","65","0"
"412360","SANTA INÊS","PR","07/2025","286","66","0"
"412360","SANTA INÊS","PR","02/2025","312","60","0"
"412360","SANTA INÊS","PR","11/2025","274","66","0"
"412360","SANTA INÊS","PR","03/2025","298","68","0"
"412360","SANTA INÊS","PR","09/2025","276","62","0"
"412360","SANTA INÊS","PR","12/2025","289","63","0"
"412360","SANTA INÊS","PR","01/2026","283","67","0"
"412360","SANTA INÊS","PR","06/2025","301","67","0"
"412360","SANTA INÊS","PR","04/2025","294","65","0"
"412360","SANTA INÊS","PR","02/2026","271","81","0"
"412360","SANTA INÊS","PR","03/2026","268","74","0"
"412360","SANTA INÊS","PR","04/2026","282","77","0"
"412360","SANTA INÊS","PR","05/2026","270","78","0"
"412360","SANTA INÊS","PR","06/2026","265","91","0"
"412370","SANTA ISABEL DO IVAÍ","PR","06/2026","588","298","0"
"412370","SANTA ISABEL DO IVAÍ","PR","06/2023","966","177","0"
"412370","SANTA ISABEL DO IVAÍ","PR","12/2023","854","374","0"
"412370","SANTA ISABEL DO IVAÍ","PR","08/2023","849","309","0"
"412370","SANTA ISABEL DO IVAÍ","PR","03/2023","1004","113","0"
"412370","SANTA ISABEL DO IVAÍ","PR","09/2023","888","284","0"
"412370","SANTA ISABEL DO IVAÍ","PR","02/2023","995","128","0"
"412370","SANTA ISABEL DO IVAÍ","PR","04/2023","1010","125","0"
"412370","SANTA ISABEL DO IVAÍ","PR","07/2023","843","340","0"
"412370","SANTA ISABEL DO IVAÍ","PR","10/2023","919","276","0"
"412370","SANTA ISABEL DO IVAÍ","PR","05/2023","982","142","0"
"412370","SANTA ISABEL DO IVAÍ","PR","11/2023","835","361","0"
"412370","SANTA ISABEL DO IVAÍ","PR","01/2024","879","366","0"
"412370","SANTA ISABEL DO IVAÍ","PR","02/2024","879","354","0"
"412370","SANTA ISABEL DO IVAÍ","PR","04/2024","858","403","0"
"412370","SANTA ISABEL DO IVAÍ","PR","12/2024","775","394","0"
"412370","SANTA ISABEL DO IVAÍ","PR","11/2024","756","419","0"
"412370","SANTA ISABEL DO IVAÍ","PR","05/2024","839","424","0"
"412370","SANTA ISABEL DO IVAÍ","PR","03/2024","844","382","0"
"412370","SANTA ISABEL DO IVAÍ","PR","01/2025","736","416","0"
"412370","SANTA ISABEL DO IVAÍ","PR","08/2026","559","278","0"
"412370","SANTA ISABEL DO IVAÍ","PR","09/2024","772","453","0"
"412370","SANTA ISABEL DO IVAÍ","PR","10/2024","757","457","0"
"412370","SANTA ISABEL DO IVAÍ","PR","06/2024","843","421","0"
"412370","SANTA ISABEL DO IVAÍ","PR","07/2024","787","444","0"
"412370","SANTA ISABEL DO IVAÍ","PR","08/2024","771","463","0"
"412370","SANTA ISABEL DO IVAÍ","PR","05/2025","702","388","0"
"412370","SANTA ISABEL DO IVAÍ","PR","12/2025","594","323","0"
"412370","SANTA ISABEL DO IVAÍ","PR","01/2026","598","327","0"
"412370","SANTA ISABEL DO IVAÍ","PR","07/2025","648","363","0"
"412370","SANTA ISABEL DO IVAÍ","PR","06/2025","698","378","0"
"412370","SANTA ISABEL DO IVAÍ","PR","09/2025","624","357","0"
"412370","SANTA ISABEL DO IVAÍ","PR","02/2025","725","420","0"
"412370","SANTA ISABEL DO IVAÍ","PR","10/2025","605","349","0"
"412370","SANTA ISABEL DO IVAÍ","PR","11/2025","572","331","0"
"412370","SANTA ISABEL DO IVAÍ","PR","08/2025","613","350","0"
"412370","SANTA ISABEL DO IVAÍ","PR","03/2025","704","417","0"
"412370","SANTA ISABEL DO IVAÍ","PR","04/2025","711","411","0"
"412370","SANTA ISABEL DO IVAÍ","PR","02/2026","600","327","0"
"412370","SANTA ISABEL DO IVAÍ","PR","03/2026","632","309","0"
"412370","SANTA ISABEL DO IVAÍ","PR","04/2026","613","304","0"
"412370","SANTA ISABEL DO IVAÍ","PR","05/2026","614","278","0"
"412380","SANTA IZABEL DO OESTE","PR","08/2026","690","298","0"
"412380","SANTA IZABEL DO OESTE","PR","08/2023","870","446","0"
"412380","SANTA IZABEL DO OESTE","PR","06/2023","1011","303","0"
"412380","SANTA IZABEL DO OESTE","PR","02/2023","950","348","0"
"412380","SANTA IZABEL DO OESTE","PR","03/2023","965","299","0"
"412380","SANTA IZABEL DO OESTE","PR","11/2023","867","444","0"
"412380","SANTA IZABEL DO OESTE","PR","04/2023","989","299","0"
"412380","SANTA IZABEL DO OESTE","PR","07/2023","843","489","0"
"412380","SANTA IZABEL DO OESTE","PR","01/2024","876","453","0"
"412380","SANTA IZABEL DO OESTE","PR","09/2023","906","418","0"
"412380","SANTA IZABEL DO OESTE","PR","05/2023","1016","300","0"
"412380","SANTA IZABEL DO OESTE","PR","10/2023","907","417","0"
"412380","SANTA IZABEL DO OESTE","PR","12/2023","877","446","0"
"412380","SANTA IZABEL DO OESTE","PR","11/2024","745","453","0"
"412380","SANTA IZABEL DO OESTE","PR","05/2024","897","445","0"
"412380","SANTA IZABEL DO OESTE","PR","12/2024","748","431","0"
"412380","SANTA IZABEL DO OESTE","PR","03/2024","854","477","0"
"412380","SANTA IZABEL DO OESTE","PR","01/2025","715","431","0"
"412380","SANTA IZABEL DO OESTE","PR","04/2024","872","468","0"
"412380","SANTA IZABEL DO OESTE","PR","10/2024","741","479","0"
"412380","SANTA IZABEL DO OESTE","PR","02/2024","877","446","0"
"412380","SANTA IZABEL DO OESTE","PR","06/2024","900","429","0"
"412380","SANTA IZABEL DO OESTE","PR","07/2024","793","502","0"
"412380","SANTA IZABEL DO OESTE","PR","09/2024","764","489","0"
"412380","SANTA IZABEL DO OESTE","PR","08/2024","794","490","0"
"412380","SANTA IZABEL DO OESTE","PR","02/2025","704","416","0"
"412380","SANTA IZABEL DO OESTE","PR","10/2025","611","429","0"
"412380","SANTA IZABEL DO OESTE","PR","09/2025","614","435","0"
"412380","SANTA IZABEL DO OESTE","PR","06/2025","671","459","0"
"412380","SANTA IZABEL DO OESTE","PR","12/2025","638","393","0"
"412380","SANTA IZABEL DO OESTE","PR","01/2026","648","392","0"
"412380","SANTA IZABEL DO OESTE","PR","05/2025","667","450","0"
"412380","SANTA IZABEL DO OESTE","PR","11/2025","608","388","0"
"412380","SANTA IZABEL DO OESTE","PR","07/2025","628","448","0"
"412380","SANTA IZABEL DO OESTE","PR","03/2025","664","462","0"
"412380","SANTA IZABEL DO OESTE","PR","04/2025","667","455","0"
"412380","SANTA IZABEL DO OESTE","PR","08/2025","616","454","0"
"412380","SANTA IZABEL DO OESTE","PR","02/2026","638","398","0"
"412380","SANTA IZABEL DO OESTE","PR","03/2026","658","376","0"
"412380","SANTA IZABEL DO OESTE","PR","04/2026","656","345","0"
"412380","SANTA IZABEL DO OESTE","PR","05/2026","624","358","0"
"412380","SANTA IZABEL DO OESTE","PR","06/2026","655","351","0"
"412382","SANTA LÚCIA","PR","01/2025","463","126","0"
"412382","SANTA LÚCIA","PR","02/2023","528","37","0"
"412382","SANTA LÚCIA","PR","05/2023","519","35","0"
"412382","SANTA LÚCIA","PR","11/2023","487","115","0"
"412382","SANTA LÚCIA","PR","03/2023","487","26","0"
"412382","SANTA LÚCIA","PR","07/2023","450","108","0"
"412382","SANTA LÚCIA","PR","10/2023","486","102","0"
"412382","SANTA LÚCIA","PR","06/2023","511","36","0"
"412382","SANTA LÚCIA","PR","08/2023","469","99","0"
"412382","SANTA LÚCIA","PR","09/2023","481","110","0"
"412382","SANTA LÚCIA","PR","01/2024","495","126","0"
"412382","SANTA LÚCIA","PR","04/2023","510","29","0"
"412382","SANTA LÚCIA","PR","12/2023","492","116","0"
"412382","SANTA LÚCIA","PR","08/2024","484","133","0"
"412382","SANTA LÚCIA","PR","10/2024","461","135","0"
"412382","SANTA LÚCIA","PR","12/2024","475","122","0"
"412382","SANTA LÚCIA","PR","03/2024","466","150","0"
"412382","SANTA LÚCIA","PR","02/2024","488","123","0"
"412382","SANTA LÚCIA","PR","05/2024","488","132","0"
"412382","SANTA LÚCIA","PR","11/2024","464","129","0"
"412382","SANTA LÚCIA","PR","04/2024","478","144","0"
"412382","SANTA LÚCIA","PR","09/2024","488","130","0"
"412382","SANTA LÚCIA","PR","06/2024","496","132","0"
"412382","SANTA LÚCIA","PR","07/2024","486","138","0"
"412382","SANTA LÚCIA","PR","11/2025","409","111","0"
"412382","SANTA LÚCIA","PR","04/2025","438","129","0"
"412382","SANTA LÚCIA","PR","02/2025","461","121","0"
"412382","SANTA LÚCIA","PR","01/2026","455","101","0"
"412382","SANTA LÚCIA","PR","07/2025","427","109","0"
"412382","SANTA LÚCIA","PR","12/2025","440","106","0"
"412382","SANTA LÚCIA","PR","10/2025","416","105","0"
"412382","SANTA LÚCIA","PR","05/2025","438","129","0"
"412382","SANTA LÚCIA","PR","03/2025","445","129","0"
"412382","SANTA LÚCIA","PR","06/2025","438","128","0"
"412382","SANTA LÚCIA","PR","08/2025","412","111","0"
"412382","SANTA LÚCIA","PR","09/2025","415","110","0"
"412382","SANTA LÚCIA","PR","02/2026","433","116","0"
"412382","SANTA LÚCIA","PR","03/2026","426","93","0"
"412382","SANTA LÚCIA","PR","04/2026","430","94","0"
"412382","SANTA LÚCIA","PR","05/2026","438","81","0"
"412382","SANTA LÚCIA","PR","06/2026","450","85","0"
"412382","SANTA LÚCIA","PR","08/2026","455","84","0"
"412385","SANTA MARIA DO OESTE","PR","06/2026","2630","524","0"
"412385","SANTA MARIA DO OESTE","PR","04/2023","3046","293","0"
"412385","SANTA MARIA DO OESTE","PR","06/2023","3043","319","0"
"412385","SANTA MARIA DO OESTE","PR","11/2023","2969","651","0"
"412385","SANTA MARIA DO OESTE","PR","07/2023","2893","651","0"
"412385","SANTA MARIA DO OESTE","PR","08/2023","2944","604","0"
"412385","SANTA MARIA DO OESTE","PR","01/2024","2966","647","0"
"412385","SANTA MARIA DO OESTE","PR","10/2023","3065","575","0"
"412385","SANTA MARIA DO OESTE","PR","12/2023","2976","661","0"
"412385","SANTA MARIA DO OESTE","PR","02/2023","3104","351","0"
"412385","SANTA MARIA DO OESTE","PR","03/2023","3007","313","0"
"412385","SANTA MARIA DO OESTE","PR","09/2023","2999","585","0"
"412385","SANTA MARIA DO OESTE","PR","05/2023","3080","295","0"
"412385","SANTA MARIA DO OESTE","PR","06/2024","2987","690","0"
"412385","SANTA MARIA DO OESTE","PR","05/2024","2947","718","0"
"412385","SANTA MARIA DO OESTE","PR","07/2024","2847","741","0"
"412385","SANTA MARIA DO OESTE","PR","10/2024","2738","706","0"
"412385","SANTA MARIA DO OESTE","PR","12/2024","2745","668","0"
"412385","SANTA MARIA DO OESTE","PR","01/2025","2682","685","0"
"412385","SANTA MARIA DO OESTE","PR","03/2024","2811","736","0"
"412385","SANTA MARIA DO OESTE","PR","08/2026","2581","529","0"
"412385","SANTA MARIA DO OESTE","PR","04/2024","2853","736","0"
"412385","SANTA MARIA DO OESTE","PR","02/2024","2987","632","0"
"412385","SANTA MARIA DO OESTE","PR","09/2024","2823","676","0"
"412385","SANTA MARIA DO OESTE","PR","11/2024","2746","694","0"
"412385","SANTA MARIA DO OESTE","PR","08/2024","2850","711","0"
"412385","SANTA MARIA DO OESTE","PR","09/2025","2514","614","0"
"412385","SANTA MARIA DO OESTE","PR","11/2025","2438","541","0"
"412385","SANTA MARIA DO OESTE","PR","12/2025","2534","512","0"
"412385","SANTA MARIA DO OESTE","PR","02/2025","2611","668","0"
"412385","SANTA MARIA DO OESTE","PR","01/2026","2485","557","0"
"412385","SANTA MARIA DO OESTE","PR","10/2025","2445","578","0"
"412385","SANTA MARIA DO OESTE","PR","05/2025","2678","677","0"
"412385","SANTA MARIA DO OESTE","PR","03/2025","2653","698","0"
"412385","SANTA MARIA DO OESTE","PR","04/2025","2681","688","0"
"412385","SANTA MARIA DO OESTE","PR","06/2025","2727","680","0"
"412385","SANTA MARIA DO OESTE","PR","07/2025","2590","584","0"
"412385","SANTA MARIA DO OESTE","PR","08/2025","2526","623","0"
"412385","SANTA MARIA DO OESTE","PR","02/2026","2432","568","0"
"412385","SANTA MARIA DO OESTE","PR","03/2026","2405","540","0"
"412385","SANTA MARIA DO OESTE","PR","04/2026","2369","510","0"
"412385","SANTA MARIA DO OESTE","PR","05/2026","2561","518","0"
"412390","SANTA MARIANA","PR","08/2023","2058","757","0"
"412390","SANTA MARIANA","PR","05/2023","2226","554","0"
"412390","SANTA MARIANA","PR","02/2023","2366","497","0"
"412390","SANTA MARIANA","PR","06/2023","2166","597","0"
"412390","SANTA MARIANA","PR","01/2024","2032","825","0"
"412390","SANTA MARIANA","PR","03/2023","2207","509","0"
"412390","SANTA MARIANA","PR","12/2023","1998","862","0"
"412390","SANTA MARIANA","PR","10/2023","2167","759","0"
"412390","SANTA MARIANA","PR","04/2023","2246","505","0"
"412390","SANTA MARIANA","PR","07/2023","1923","902","0"
"412390","SANTA MARIANA","PR","11/2023","1983","865","0"
"412390","SANTA MARIANA","PR","09/2023","2135","745","0"
"412390","SANTA MARIANA","PR","04/2024","1998","889","0"
"412390","SANTA MARIANA","PR","12/2024","2018","777","0"
"412390","SANTA MARIANA","PR","11/2024","1968","801","0"
"412390","SANTA MARIANA","PR","05/2024","1996","834","0"
"412390","SANTA MARIANA","PR","10/2024","1937","821","0"
"412390","SANTA MARIANA","PR","07/2024","1971","832","0"
"412390","SANTA MARIANA","PR","03/2024","1957","894","0"
"412390","SANTA MARIANA","PR","09/2024","1988","792","0"
"412390","SANTA MARIANA","PR","06/2024","2046","788","0"
"412390","SANTA MARIANA","PR","02/2024","2085","796","0"
"412390","SANTA MARIANA","PR","01/2025","1923","839","0"
"412390","SANTA MARIANA","PR","08/2024","1959","825","0"
"412390","SANTA MARIANA","PR","02/2025","1946","826","0"
"412390","SANTA MARIANA","PR","08/2025","1857","664","0"
"412390","SANTA MARIANA","PR","07/2025","1819","682","0"
"412390","SANTA MARIANA","PR","04/2025","1924","800","0"
"412390","SANTA MARIANA","PR","01/2026","1732","626","0"
"412390","SANTA MARIANA","PR","06/2025","1923","758","0"
"412390","SANTA MARIANA","PR","05/2025","1921","778","0"
"412390","SANTA MARIANA","PR","12/2025","1765","606","0"
"412390","SANTA MARIANA","PR","11/2025","1738","601","0"
"412390","SANTA MARIANA","PR","03/2025","1936","817","0"
"412390","SANTA MARIANA","PR","09/2025","1843","666","0"
"412390","SANTA MARIANA","PR","10/2025","1789","676","0"
"412390","SANTA MARIANA","PR","02/2026","1694","609","0"
"412390","SANTA MARIANA","PR","03/2026","1734","573","0"
"412390","SANTA MARIANA","PR","04/2026","1698","589","0"
"412390","SANTA MARIANA","PR","05/2026","1681","583","0"
"412390","SANTA MARIANA","PR","06/2026","1702","562","0"
"412390","SANTA MARIANA","PR","08/2026","1682","536","0"
"412395","SANTA MÔNICA","PR","08/2026","616","142","0"
"412395","SANTA MÔNICA","PR","04/2023","858","50","0"
"412395","SANTA MÔNICA","PR","12/2023","774","157","0"
"412395","SANTA MÔNICA","PR","11/2023","764","165","0"
"412395","SANTA MÔNICA","PR","10/2023","798","131","0"
"412395","SANTA MÔNICA","PR","07/2023","744","148","0"
"412395","SANTA MÔNICA","PR","03/2023","871","46","0"
"412395","SANTA MÔNICA","PR","09/2023","800","130","0"
"412395","SANTA MÔNICA","PR","02/2023","902","49","0"
"412395","SANTA MÔNICA","PR","05/2023","869","50","0"
"412395","SANTA MÔNICA","PR","06/2023","872","50","0"
"412395","SANTA MÔNICA","PR","08/2023","744","140","0"
"412395","SANTA MÔNICA","PR","01/2024","793","136","0"
"412395","SANTA MÔNICA","PR","11/2024","667","182","0"
"412395","SANTA MÔNICA","PR","10/2024","670","176","0"
"412395","SANTA MÔNICA","PR","05/2024","778","141","0"
"412395","SANTA MÔNICA","PR","02/2024","784","139","0"
"412395","SANTA MÔNICA","PR","03/2024","769","164","0"
"412395","SANTA MÔNICA","PR","12/2024","668","167","0"
"412395","SANTA MÔNICA","PR","06/2024","785","130","0"
"412395","SANTA MÔNICA","PR","09/2024","723","146","0"
"412395","SANTA MÔNICA","PR","04/2024","788","147","0"
"412395","SANTA MÔNICA","PR","01/2025","625","198","0"
"412395","SANTA MÔNICA","PR","08/2024","718","159","0"
"412395","SANTA MÔNICA","PR","07/2024","718","165","0"
"412395","SANTA MÔNICA","PR","09/2025","533","174","0"
"412395","SANTA MÔNICA","PR","08/2025","553","164","0"
"412395","SANTA MÔNICA","PR","06/2025","650","212","0"
"412395","SANTA MÔNICA","PR","12/2025","547","160","0"
"412395","SANTA MÔNICA","PR","01/2026","529","162","0"
"412395","SANTA MÔNICA","PR","11/2025","512","174","0"
"412395","SANTA MÔNICA","PR","05/2025","637","205","0"
"412395","SANTA MÔNICA","PR","03/2025","643","211","0"
"412395","SANTA MÔNICA","PR","07/2025","580","200","0"
"412395","SANTA MÔNICA","PR","10/2025","520","184","0"
"412395","SANTA MÔNICA","PR","02/2025","651","198","0"
"412395","SANTA MÔNICA","PR","04/2025","637","209","0"
"412395","SANTA MÔNICA","PR","02/2026","516","176","0"
"412395","SANTA MÔNICA","PR","03/2026","506","169","0"
"412395","SANTA MÔNICA","PR","04/2026","547","155","0"
"412395","SANTA MÔNICA","PR","05/2026","592","142","0"
"412395","SANTA MÔNICA","PR","06/2026","590","147","0"
"412400","SANTANA DO ITARARÉ","PR","08/2025","760","274","0"
"412400","SANTANA DO ITARARÉ","PR","05/2023","844","142","0"
"412400","SANTANA DO ITARARÉ","PR","06/2023","833","158","0"
"412400","SANTANA DO ITARARÉ","PR","08/2023","839","187","0"
"412400","SANTANA DO ITARARÉ","PR","07/2023","812","223","0"
"412400","SANTANA DO ITARARÉ","PR","10/2023","849","189","0"
"412400","SANTANA DO ITARARÉ","PR","12/2023","788","253","0"
"412400","SANTANA DO ITARARÉ","PR","03/2023","816","150","0"
"412400","SANTANA DO ITARARÉ","PR","02/2023","865","159","0"
"412400","SANTANA DO ITARARÉ","PR","09/2023","835","191","0"
"412400","SANTANA DO ITARARÉ","PR","04/2023","829","145","0"
"412400","SANTANA DO ITARARÉ","PR","11/2023","777","256","0"
"412400","SANTANA DO ITARARÉ","PR","01/2024","781","242","0"
"412400","SANTANA DO ITARARÉ","PR","11/2024","745","304","0"
"412400","SANTANA DO ITARARÉ","PR","04/2024","747","301","0"
"412400","SANTANA DO ITARARÉ","PR","08/2024","695","311","0"
"412400","SANTANA DO ITARARÉ","PR","12/2024","749","309","0"
"412400","SANTANA DO ITARARÉ","PR","10/2024","745","304","0"
"412400","SANTANA DO ITARARÉ","PR","01/2025","728","322","0"
"412400","SANTANA DO ITARARÉ","PR","05/2024","783","282","0"
"412400","SANTANA DO ITARARÉ","PR","06/2024","770","287","0"
"412400","SANTANA DO ITARARÉ","PR","07/2024","681","329","0"
"412400","SANTANA DO ITARARÉ","PR","02/2024","788","239","0"
"412400","SANTANA DO ITARARÉ","PR","09/2024","709","301","0"
"412400","SANTANA DO ITARARÉ","PR","03/2024","736","279","0"
"412400","SANTANA DO ITARARÉ","PR","05/2025","765","316","0"
"412400","SANTANA DO ITARARÉ","PR","04/2025","765","320","0"
"412400","SANTANA DO ITARARÉ","PR","09/2025","751","267","0"
"412400","SANTANA DO ITARARÉ","PR","12/2025","868","214","0"
"412400","SANTANA DO ITARARÉ","PR","06/2025","765","308","0"
"412400","SANTANA DO ITARARÉ","PR","07/2025","775","274","0"
"412400","SANTANA DO ITARARÉ","PR","02/2025","735","322","0"
"412400","SANTANA DO ITARARÉ","PR","10/2025","752","262","0"
"412400","SANTANA DO ITARARÉ","PR","11/2025","747","224","0"
"412400","SANTANA DO ITARARÉ","PR","03/2025","760","333","0"
"412400","SANTANA DO ITARARÉ","PR","01/2026","850","216","0"
"412400","SANTANA DO ITARARÉ","PR","02/2026","835","236","0"
"412400","SANTANA DO ITARARÉ","PR","03/2026","833","204","0"
"412400","SANTANA DO ITARARÉ","PR","04/2026","831","200","0"
"412400","SANTANA DO ITARARÉ","PR","05/2026","875","191","0"
"412400","SANTANA DO ITARARÉ","PR","06/2026","900","193","0"
"412400","SANTANA DO ITARARÉ","PR","08/2026","898","181","0"
"412402","SANTA TEREZA DO OESTE","PR","05/2026","1411","560","0"
"412402","SANTA TEREZA DO OESTE","PR","05/2023","2097","244","0"
"412402","SANTA TEREZA DO OESTE","PR","06/2023","2102","246","0"
"412402","SANTA TEREZA DO OESTE","PR","09/2023","2166","415","0"
"412402","SANTA TEREZA DO OESTE","PR","11/2023","2101","574","0"
"412402","SANTA TEREZA DO OESTE","PR","02/2023","2125","251","0"
"412402","SANTA TEREZA DO OESTE","PR","03/2023","2024","236","0"
"412402","SANTA TEREZA DO OESTE","PR","12/2023","2166","551","0"
"412402","SANTA TEREZA DO OESTE","PR","07/2023","1970","463","0"
"412402","SANTA TEREZA DO OESTE","PR","04/2023","2063","241","0"
"412402","SANTA TEREZA DO OESTE","PR","01/2024","2209","535","0"
"412402","SANTA TEREZA DO OESTE","PR","08/2026","1450","525","0"
"412402","SANTA TEREZA DO OESTE","PR","10/2023","2246","421","0"
"412402","SANTA TEREZA DO OESTE","PR","08/2023","2048","435","0"
"412402","SANTA TEREZA DO OESTE","PR","03/2024","2072","621","0"
"412402","SANTA TEREZA DO OESTE","PR","04/2024","2058","612","0"
"412402","SANTA TEREZA DO OESTE","PR","02/2024","2253","532","0"
"412402","SANTA TEREZA DO OESTE","PR","05/2024","2021","539","0"
"412402","SANTA TEREZA DO OESTE","PR","12/2024","2192","571","0"
"412402","SANTA TEREZA DO OESTE","PR","07/2024","2081","615","0"
"412402","SANTA TEREZA DO OESTE","PR","01/2025","2042","659","0"
"412402","SANTA TEREZA DO OESTE","PR","10/2024","2109","604","0"
"412402","SANTA TEREZA DO OESTE","PR","09/2024","2129","531","0"
"412402","SANTA TEREZA DO OESTE","PR","11/2024","2111","598","0"
"412402","SANTA TEREZA DO OESTE","PR","08/2024","2076","592","0"
"412402","SANTA TEREZA DO OESTE","PR","06/2024","2206","498","0"
"412402","SANTA TEREZA DO OESTE","PR","05/2025","1946","676","0"
"412402","SANTA TEREZA DO OESTE","PR","09/2025","1631","746","0"
"412402","SANTA TEREZA DO OESTE","PR","08/2025","1711","737","0"
"412402","SANTA TEREZA DO OESTE","PR","03/2025","1971","693","0"
"412402","SANTA TEREZA DO OESTE","PR","06/2025","1964","689","0"
"412402","SANTA TEREZA DO OESTE","PR","01/2026","1354","594","0"
"412402","SANTA TEREZA DO OESTE","PR","07/2025","1725","734","0"
"412402","SANTA TEREZA DO OESTE","PR","02/2025","2039","653","0"
"412402","SANTA TEREZA DO OESTE","PR","10/2025","1553","739","0"
"412402","SANTA TEREZA DO OESTE","PR","11/2025","1421","630","0"
"412402","SANTA TEREZA DO OESTE","PR","06/2026","1464","538","0"
"412402","SANTA TEREZA DO OESTE","PR","12/2025","1388","573","0"
"412402","SANTA TEREZA DO OESTE","PR","04/2025","1953","689","0"
"412402","SANTA TEREZA DO OESTE","PR","02/2026","1364","606","0"
"412402","SANTA TEREZA DO OESTE","PR","03/2026","1373","597","0"
"412402","SANTA TEREZA DO OESTE","PR","04/2026","1358","581","0"
"412405","SANTA TEREZINHA DE ITAIPU","PR","06/2026","2747","906","0"
"412405","SANTA TEREZINHA DE ITAIPU","PR","02/2023","2245","391","0"
"412405","SANTA TEREZINHA DE ITAIPU","PR","05/2023","2376","390","0"
"412405","SANTA TEREZINHA DE ITAIPU","PR","04/2023","2317","377","0"
"412405","SANTA TEREZINHA DE ITAIPU","PR","01/2024","2449","745","0"
"412405","SANTA TEREZINHA DE ITAIPU","PR","10/2023","2512","650","0"
"412405","SANTA TEREZINHA DE ITAIPU","PR","11/2023","2285","827","0"
"412405","SANTA TEREZINHA DE ITAIPU","PR","06/2023","2362","389","0"
"412405","SANTA TEREZINHA DE ITAIPU","PR","07/2023","2254","743","0"
"412405","SANTA TEREZINHA DE ITAIPU","PR","08/2023","2320","686","0"
"412405","SANTA TEREZINHA DE ITAIPU","PR","03/2023","2206","402","0"
"412405","SANTA TEREZINHA DE ITAIPU","PR","12/2023","2370","800","0"
"412405","SANTA TEREZINHA DE ITAIPU","PR","09/2023","2411","672","0"
"412405","SANTA TEREZINHA DE ITAIPU","PR","12/2024","2893","825","0"
"412405","SANTA TEREZINHA DE ITAIPU","PR","04/2024","2621","806","0"
"412405","SANTA TEREZINHA DE ITAIPU","PR","02/2024","2560","721","0"
"412405","SANTA TEREZINHA DE ITAIPU","PR","11/2024","2735","863","0"
"412405","SANTA TEREZINHA DE ITAIPU","PR","07/2024","2651","894","0"
"412405","SANTA TEREZINHA DE ITAIPU","PR","10/2024","2731","896","0"
"412405","SANTA TEREZINHA DE ITAIPU","PR","09/2024","2640","809","0"
"412405","SANTA TEREZINHA DE ITAIPU","PR","05/2024","2710","759","0"
"412405","SANTA TEREZINHA DE ITAIPU","PR","06/2024","2772","727","0"
"412405","SANTA TEREZINHA DE ITAIPU","PR","01/2025","2699","937","0"
"412405","SANTA TEREZINHA DE ITAIPU","PR","03/2024","2462","833","0"
"412405","SANTA TEREZINHA DE ITAIPU","PR","08/2024","2638","873","0"
"412405","SANTA TEREZINHA DE ITAIPU","PR","02/2025","2826","935","0"
"412405","SANTA TEREZINHA DE ITAIPU","PR","08/2025","2513","1024","0"
"412405","SANTA TEREZINHA DE ITAIPU","PR","05/2025","2809","1000","0"
"412405","SANTA TEREZINHA DE ITAIPU","PR","04/2025","2815","1004","0"
"412405","SANTA TEREZINHA DE ITAIPU","PR","06/2025","2815","1011","0"
"412405","SANTA TEREZINHA DE ITAIPU","PR","09/2025","2454","1047","0"
"412405","SANTA TEREZINHA DE ITAIPU","PR","10/2025","2414","1043","0"
"412405","SANTA TEREZINHA DE ITAIPU","PR","01/2026","2542","991","0"
"412405","SANTA TEREZINHA DE ITAIPU","PR","11/2025","2358","1018","0"
"412405","SANTA TEREZINHA DE ITAIPU","PR","03/2025","2806","998","0"
"412405","SANTA TEREZINHA DE ITAIPU","PR","07/2025","2621","1008","0"
"412405","SANTA TEREZINHA DE ITAIPU","PR","12/2025","2525","983","0"
"412405","SANTA TEREZINHA DE ITAIPU","PR","02/2026","2522","1007","0"
"412405","SANTA TEREZINHA DE ITAIPU","PR","03/2026","2480","953","0"
"412405","SANTA TEREZINHA DE ITAIPU","PR","04/2026","2449","928","0"
"412405","SANTA TEREZINHA DE ITAIPU","PR","05/2026","2650","888","0"
"412405","SANTA TEREZINHA DE ITAIPU","PR","08/2026","2755","835","0"
"412410","SANTO ANTÔNIO DA PLATINA","PR","02/2023","6886","737","0"
"412410","SANTO ANTÔNIO DA PLATINA","PR","08/2026","6344","1739","0"
"412410","SANTO ANTÔNIO DA PLATINA","PR","06/2026","6353","1828","0"
"412410","SANTO ANTÔNIO DA PLATINA","PR","05/2026","6301","1788","0"
"412410","SANTO ANTÔNIO DA PLATINA","PR","04/2026","6264","1814","0"
"412410","SANTO ANTÔNIO DA PLATINA","PR","03/2026","5842","1831","0"
"412410","SANTO ANTÔNIO DA PLATINA","PR","02/2026","5846","1957","0"
"412410","SANTO ANTÔNIO DA PLATINA","PR","08/2025","5761","2235","0"
"412410","SANTO ANTÔNIO DA PLATINA","PR","11/2025","5620","1979","0"
"412410","SANTO ANTÔNIO DA PLATINA","PR","05/2025","6130","2364","0"
"412410","SANTO ANTÔNIO DA PLATINA","PR","10/2025","5713","2113","0"
"412410","SANTO ANTÔNIO DA PLATINA","PR","06/2025","6139","2361","0"
"412410","SANTO ANTÔNIO DA PLATINA","PR","07/2025","5642","2288","0"
"412410","SANTO ANTÔNIO DA PLATINA","PR","01/2026","5920","1843","0"
"412410","SANTO ANTÔNIO DA PLATINA","PR","12/2025","5910","1872","0"
"412410","SANTO ANTÔNIO DA PLATINA","PR","09/2025","5746","2134","0"
"412410","SANTO ANTÔNIO DA PLATINA","PR","02/2025","6250","2265","0"
"412410","SANTO ANTÔNIO DA PLATINA","PR","03/2025","6116","2419","0"
"412410","SANTO ANTÔNIO DA PLATINA","PR","04/2025","6120","2390","0"
"412410","SANTO ANTÔNIO DA PLATINA","PR","04/2024","6658","1957","0"
"412410","SANTO ANTÔNIO DA PLATINA","PR","10/2024","6310","2126","0"
"412410","SANTO ANTÔNIO DA PLATINA","PR","09/2024","6593","1928","0"
"412410","SANTO ANTÔNIO DA PLATINA","PR","07/2024","6546","2109","0"
"412410","SANTO ANTÔNIO DA PLATINA","PR","06/2024","7034","1754","0"
"412410","SANTO ANTÔNIO DA PLATINA","PR","02/2024","6612","1749","0"
"412410","SANTO ANTÔNIO DA PLATINA","PR","05/2024","6828","1848","0"
"412410","SANTO ANTÔNIO DA PLATINA","PR","08/2024","6567","2008","0"
"412410","SANTO ANTÔNIO DA PLATINA","PR","01/2025","6177","2283","0"
"412410","SANTO ANTÔNIO DA PLATINA","PR","11/2024","6340","2066","0"
"412410","SANTO ANTÔNIO DA PLATINA","PR","12/2024","6483","2044","0"
"412410","SANTO ANTÔNIO DA PLATINA","PR","03/2024","6414","2006","0"
"412410","SANTO ANTÔNIO DA PLATINA","PR","12/2023","6497","1851","0"
"412410","SANTO ANTÔNIO DA PLATINA","PR","06/2023","7166","713","0"
"412410","SANTO ANTÔNIO DA PLATINA","PR","10/2023","6919","1461","0"
"412410","SANTO ANTÔNIO DA PLATINA","PR","09/2023","6711","1493","0"
"412410","SANTO ANTÔNIO DA PLATINA","PR","07/2023","6373","1703","0"
"412410","SANTO ANTÔNIO DA PLATINA","PR","11/2023","6447","1898","0"
"412410","SANTO ANTÔNIO DA PLATINA","PR","04/2023","7054","626","0"
"412410","SANTO ANTÔNIO DA PLATINA","PR","01/2024","6569","1791","0"
"412410","SANTO ANTÔNIO DA PLATINA","PR","05/2023","7186","667","0"
"412410","SANTO ANTÔNIO DA PLATINA","PR","08/2023","6512","1578","0"
"412410","SANTO ANTÔNIO DA PLATINA","PR","03/2023","6846","676","0"
"412420","SANTO ANTÔNIO DO CAIUÁ","PR","02/2023","416","44","0"
"412420","SANTO ANTÔNIO DO CAIUÁ","PR","08/2026","239","76","0"
"412420","SANTO ANTÔNIO DO CAIUÁ","PR","06/2026","267","82","0"
"412420","SANTO ANTÔNIO DO CAIUÁ","PR","05/2026","263","80","0"
"412420","SANTO ANTÔNIO DO CAIUÁ","PR","04/2026","269","69","0"
"412420","SANTO ANTÔNIO DO CAIUÁ","PR","03/2026","268","65","0"
"412420","SANTO ANTÔNIO DO CAIUÁ","PR","02/2026","263","77","0"
"412420","SANTO ANTÔNIO DO CAIUÁ","PR","08/2025","256","93","0"
"412420","SANTO ANTÔNIO DO CAIUÁ","PR","07/2025","268","93","0"
"412420","SANTO ANTÔNIO DO CAIUÁ","PR","01/2026","263","77","0"
"412420","SANTO ANTÔNIO DO CAIUÁ","PR","09/2025","273","83","0"
"412420","SANTO ANTÔNIO DO CAIUÁ","PR","10/2025","268","74","0"
"412420","SANTO ANTÔNIO DO CAIUÁ","PR","03/2025","280","123","0"
"412420","SANTO ANTÔNIO DO CAIUÁ","PR","02/2025","278","126","0"
"412420","SANTO ANTÔNIO DO CAIUÁ","PR","04/2025","277","123","0"
"412420","SANTO ANTÔNIO DO CAIUÁ","PR","06/2025","277","115","0"
"412420","SANTO ANTÔNIO DO CAIUÁ","PR","05/2025","277","123","0"
"412420","SANTO ANTÔNIO DO CAIUÁ","PR","12/2025","266","79","0"
"412420","SANTO ANTÔNIO DO CAIUÁ","PR","11/2025","253","74","0"
"412420","SANTO ANTÔNIO DO CAIUÁ","PR","08/2024","299","121","0"
"412420","SANTO ANTÔNIO DO CAIUÁ","PR","10/2024","296","132","0"
"412420","SANTO ANTÔNIO DO CAIUÁ","PR","07/2024","307","121","0"
"412420","SANTO ANTÔNIO DO CAIUÁ","PR","05/2024","321","119","0"
"412420","SANTO ANTÔNIO DO CAIUÁ","PR","03/2024","327","120","0"
"412420","SANTO ANTÔNIO DO CAIUÁ","PR","02/2024","340","113","0"
"412420","SANTO ANTÔNIO DO CAIUÁ","PR","09/2024","310","113","0"
"412420","SANTO ANTÔNIO DO CAIUÁ","PR","01/2025","266","138","0"
"412420","SANTO ANTÔNIO DO CAIUÁ","PR","06/2024","345","96","0"
"412420","SANTO ANTÔNIO DO CAIUÁ","PR","12/2024","300","127","0"
"412420","SANTO ANTÔNIO DO CAIUÁ","PR","04/2024","318","126","0"
"412420","SANTO ANTÔNIO DO CAIUÁ","PR","11/2024","295","130","0"
"412420","SANTO ANTÔNIO DO CAIUÁ","PR","10/2023","381","75","0"
"412420","SANTO ANTÔNIO DO CAIUÁ","PR","09/2023","379","76","0"
"412420","SANTO ANTÔNIO DO CAIUÁ","PR","03/2023","402","39","0"
"412420","SANTO ANTÔNIO DO CAIUÁ","PR","05/2023","405","41","0"
"412420","SANTO ANTÔNIO DO CAIUÁ","PR","07/2023","340","100","0"
"412420","SANTO ANTÔNIO DO CAIUÁ","PR","11/2023","343","99","0"
"412420","SANTO ANTÔNIO DO CAIUÁ","PR","06/2023","397","49","0"
"412420","SANTO ANTÔNIO DO CAIUÁ","PR","08/2023","359","80","0"
"412420","SANTO ANTÔNIO DO CAIUÁ","PR","04/2023","418","41","0"
"412420","SANTO ANTÔNIO DO CAIUÁ","PR","12/2023","337","106","0"
"412420","SANTO ANTÔNIO DO CAIUÁ","PR","01/2024","339","112","0"
"412430","SANTO ANTÔNIO DO PARAÍSO","PR","03/2023","365","8","0"
"412430","SANTO ANTÔNIO DO PARAÍSO","PR","08/2026","338","71","0"
"412430","SANTO ANTÔNIO DO PARAÍSO","PR","06/2026","329","75","0"
"412430","SANTO ANTÔNIO DO PARAÍSO","PR","05/2026","336","68","0"
"412430","SANTO ANTÔNIO DO PARAÍSO","PR","04/2026","337","61","0"
"412430","SANTO ANTÔNIO DO PARAÍSO","PR","03/2026","300","59","0"
"412430","SANTO ANTÔNIO DO PARAÍSO","PR","02/2026","299","82","0"
"412430","SANTO ANTÔNIO DO PARAÍSO","PR","06/2025","285","102","0"
"412430","SANTO ANTÔNIO DO PARAÍSO","PR","04/2025","285","102","0"
"412430","SANTO ANTÔNIO DO PARAÍSO","PR","03/2025","290","105","0"
"412430","SANTO ANTÔNIO DO PARAÍSO","PR","11/2025","292","77","0"
"412430","SANTO ANTÔNIO DO PARAÍSO","PR","10/2025","296","69","0"
"412430","SANTO ANTÔNIO DO PARAÍSO","PR","01/2026","296","87","0"
"412430","SANTO ANTÔNIO DO PARAÍSO","PR","07/2025","284","87","0"
"412430","SANTO ANTÔNIO DO PARAÍSO","PR","02/2025","307","82","0"
"412430","SANTO ANTÔNIO DO PARAÍSO","PR","09/2025","298","76","0"
"412430","SANTO ANTÔNIO DO PARAÍSO","PR","05/2025","285","102","0"
"412430","SANTO ANTÔNIO DO PARAÍSO","PR","08/2025","288","83","0"
"412430","SANTO ANTÔNIO DO PARAÍSO","PR","12/2025","316","82","0"
"412430","SANTO ANTÔNIO DO PARAÍSO","PR","08/2024","301","68","0"
"412430","SANTO ANTÔNIO DO PARAÍSO","PR","07/2024","289","80","0"
"412430","SANTO ANTÔNIO DO PARAÍSO","PR","03/2024","305","73","0"
"412430","SANTO ANTÔNIO DO PARAÍSO","PR","01/2025","302","82","0"
"412430","SANTO ANTÔNIO DO PARAÍSO","PR","10/2024","312","74","0"
"412430","SANTO ANTÔNIO DO PARAÍSO","PR","05/2024","298","68","0"
"412430","SANTO ANTÔNIO DO PARAÍSO","PR","09/2024","313","61","0"
"412430","SANTO ANTÔNIO DO PARAÍSO","PR","02/2024","324","54","0"
"412430","SANTO ANTÔNIO DO PARAÍSO","PR","06/2024","310","68","0"
"412430","SANTO ANTÔNIO DO PARAÍSO","PR","11/2024","312","75","0"
"412430","SANTO ANTÔNIO DO PARAÍSO","PR","12/2024","308","75","0"
"412430","SANTO ANTÔNIO DO PARAÍSO","PR","04/2024","304","70","0"
"412430","SANTO ANTÔNIO DO PARAÍSO","PR","11/2023","324","68","0"
"412430","SANTO ANTÔNIO DO PARAÍSO","PR","05/2023","372","17","0"
"412430","SANTO ANTÔNIO DO PARAÍSO","PR","09/2023","347","52","0"
"412430","SANTO ANTÔNIO DO PARAÍSO","PR","08/2023","342","52","0"
"412430","SANTO ANTÔNIO DO PARAÍSO","PR","07/2023","342","61","0"
"412430","SANTO ANTÔNIO DO PARAÍSO","PR","06/2023","373","17","0"
"412430","SANTO ANTÔNIO DO PARAÍSO","PR","04/2023","383","8","0"
"412430","SANTO ANTÔNIO DO PARAÍSO","PR","12/2023","331","62","0"
"412430","SANTO ANTÔNIO DO PARAÍSO","PR","10/2023","337","52","0"
"412430","SANTO ANTÔNIO DO PARAÍSO","PR","01/2024","336","58","0"
"412430","SANTO ANTÔNIO DO PARAÍSO","PR","02/2023","402","16","0"
"412440","SANTO ANTÔNIO DO SUDOESTE","PR","12/2023","2721","741","0"
"412440","SANTO ANTÔNIO DO SUDOESTE","PR","08/2026","2137","667","0"
"412440","SANTO ANTÔNIO DO SUDOESTE","PR","06/2026","2203","680","0"
"412440","SANTO ANTÔNIO DO SUDOESTE","PR","05/2026","2242","664","0"
"412440","SANTO ANTÔNIO DO SUDOESTE","PR","04/2026","2276","669","0"
"412440","SANTO ANTÔNIO DO SUDOESTE","PR","03/2026","2239","654","0"
"412440","SANTO ANTÔNIO DO SUDOESTE","PR","02/2026","2256","713","0"
"412440","SANTO ANTÔNIO DO SUDOESTE","PR","04/2025","2472","832","0"
"412440","SANTO ANTÔNIO DO SUDOESTE","PR","08/2025","2193","767","0"
"412440","SANTO ANTÔNIO DO SUDOESTE","PR","07/2025","2320","769","0"
"412440","SANTO ANTÔNIO DO SUDOESTE","PR","03/2025","2478","839","0"
"412440","SANTO ANTÔNIO DO SUDOESTE","PR","11/2025","2198","642","0"
"412440","SANTO ANTÔNIO DO SUDOESTE","PR","12/2025","2325","647","0"
"412440","SANTO ANTÔNIO DO SUDOESTE","PR","02/2025","2494","811","0"
"412440","SANTO ANTÔNIO DO SUDOESTE","PR","01/2026","2288","689","0"
"412440","SANTO ANTÔNIO DO SUDOESTE","PR","09/2025","2210","744","0"
"412440","SANTO ANTÔNIO DO SUDOESTE","PR","06/2025","2478","823","0"
"412440","SANTO ANTÔNIO DO SUDOESTE","PR","10/2025","2209","708","0"
"412440","SANTO ANTÔNIO DO SUDOESTE","PR","05/2025","2477","829","0"
"412440","SANTO ANTÔNIO DO SUDOESTE","PR","07/2024","2629","809","0"
"412440","SANTO ANTÔNIO DO SUDOESTE","PR","08/2024","2611","790","0"
"412440","SANTO ANTÔNIO DO SUDOESTE","PR","11/2024","2565","793","0"
"412440","SANTO ANTÔNIO DO SUDOESTE","PR","09/2024","2620","746","0"
"412440","SANTO ANTÔNIO DO SUDOESTE","PR","03/2024","2735","782","0"
"412440","SANTO ANTÔNIO DO SUDOESTE","PR","04/2024","2753","786","0"
"412440","SANTO ANTÔNIO DO SUDOESTE","PR","12/2024","2645","765","0"
"412440","SANTO ANTÔNIO DO SUDOESTE","PR","06/2024","2792","747","0"
"412440","SANTO ANTÔNIO DO SUDOESTE","PR","01/2025","2496","834","0"
"412440","SANTO ANTÔNIO DO SUDOESTE","PR","02/2024","2825","681","0"
"412440","SANTO ANTÔNIO DO SUDOESTE","PR","05/2024","2765","771","0"
"412440","SANTO ANTÔNIO DO SUDOESTE","PR","10/2024","2543","827","0"
"412440","SANTO ANTÔNIO DO SUDOESTE","PR","09/2023","2853","562","0"
"412440","SANTO ANTÔNIO DO SUDOESTE","PR","07/2023","2674","622","0"
"412440","SANTO ANTÔNIO DO SUDOESTE","PR","03/2023","2913","213","0"
"412440","SANTO ANTÔNIO DO SUDOESTE","PR","10/2023","2950","531","0"
"412440","SANTO ANTÔNIO DO SUDOESTE","PR","04/2023","2920","194","0"
"412440","SANTO ANTÔNIO DO SUDOESTE","PR","11/2023","2684","757","0"
"412440","SANTO ANTÔNIO DO SUDOESTE","PR","02/2023","2984","248","0"
"412440","SANTO ANTÔNIO DO SUDOESTE","PR","05/2023","2978","187","0"
"412440","SANTO ANTÔNIO DO SUDOESTE","PR","06/2023","2945","207","0"
"412440","SANTO ANTÔNIO DO SUDOESTE","PR","08/2023","2725","603","0"
"412440","SANTO ANTÔNIO DO SUDOESTE","PR","01/2024","2749","705","0"
"412450","SANTO INÁCIO","PR","08/2026","155","92","0"
"412450","SANTO INÁCIO","PR","12/2023","188","116","0"
"412450","SANTO INÁCIO","PR","09/2023","195","122","0"
"412450","SANTO INÁCIO","PR","08/2023","195","129","0"
"412450","SANTO INÁCIO","PR","10/2023","186","129","0"
"412450","SANTO INÁCIO","PR","02/2023","191","102","0"
"412450","SANTO INÁCIO","PR","11/2023","181","126","0"
"412450","SANTO INÁCIO","PR","03/2023","180","91","0"
"412450","SANTO INÁCIO","PR","04/2023","195","99","0"
"412450","SANTO INÁCIO","PR","05/2023","200","107","0"
"412450","SANTO INÁCIO","PR","01/2024","189","116","0"
"412450","SANTO INÁCIO","PR","06/2023","198","107","0"
"412450","SANTO INÁCIO","PR","07/2023","193","129","0"
"412450","SANTO INÁCIO","PR","04/2024","195","132","0"
"412450","SANTO INÁCIO","PR","11/2024","164","97","0"
"412450","SANTO INÁCIO","PR","02/2024","191","112","0"
"412450","SANTO INÁCIO","PR","06/2024","202","109","0"
"412450","SANTO INÁCIO","PR","07/2024","195","101","0"
"412450","SANTO INÁCIO","PR","05/2024","196","128","0"
"412450","SANTO INÁCIO","PR","09/2024","179","107","0"
"412450","SANTO INÁCIO","PR","10/2024","167","96","0"
"412450","SANTO INÁCIO","PR","03/2024","182","130","0"
"412450","SANTO INÁCIO","PR","12/2024","158","106","0"
"412450","SANTO INÁCIO","PR","01/2025","169","98","0"
"412450","SANTO INÁCIO","PR","08/2024","191","104","0"
"412450","SANTO INÁCIO","PR","05/2025","164","78","0"
"412450","SANTO INÁCIO","PR","09/2025","166","96","0"
"412450","SANTO INÁCIO","PR","06/2025","164","78","0"
"412450","SANTO INÁCIO","PR","01/2026","145","97","0"
"412450","SANTO INÁCIO","PR","10/2025","151","97","0"
"412450","SANTO INÁCIO","PR","11/2025","152","84","0"
"412450","SANTO INÁCIO","PR","03/2025","168","91","0"
"412450","SANTO INÁCIO","PR","12/2025","157","82","0"
"412450","SANTO INÁCIO","PR","02/2025","161","93","0"
"412450","SANTO INÁCIO","PR","07/2025","175","85","0"
"412450","SANTO INÁCIO","PR","04/2025","164","84","0"
"412450","SANTO INÁCIO","PR","08/2025","167","93","0"
"412450","SANTO INÁCIO","PR","02/2026","154","101","0"
"412450","SANTO INÁCIO","PR","03/2026","156","93","0"
"412450","SANTO INÁCIO","PR","04/2026","158","88","0"
"412450","SANTO INÁCIO","PR","05/2026","157","92","0"
"412450","SANTO INÁCIO","PR","06/2026","154","97","0"
"412460","SÃO CARLOS DO IVAÍ","PR","08/2026","911","236","0"
"412460","SÃO CARLOS DO IVAÍ","PR","08/2023","1160","290","0"
"412460","SÃO CARLOS DO IVAÍ","PR","09/2023","1169","260","0"
"412460","SÃO CARLOS DO IVAÍ","PR","10/2023","1163","263","0"
"412460","SÃO CARLOS DO IVAÍ","PR","02/2023","1462","67","0"
"412460","SÃO CARLOS DO IVAÍ","PR","01/2024","1040","333","0"
"412460","SÃO CARLOS DO IVAÍ","PR","04/2023","1388","70","0"
"412460","SÃO CARLOS DO IVAÍ","PR","12/2023","1041","330","0"
"412460","SÃO CARLOS DO IVAÍ","PR","07/2023","1162","289","0"
"412460","SÃO CARLOS DO IVAÍ","PR","06/2023","1375","95","0"
"412460","SÃO CARLOS DO IVAÍ","PR","03/2023","1415","64","0"
"412460","SÃO CARLOS DO IVAÍ","PR","05/2023","1366","101","0"
"412460","SÃO CARLOS DO IVAÍ","PR","11/2023","1061","331","0"
"412460","SÃO CARLOS DO IVAÍ","PR","05/2024","966","317","0"
"412460","SÃO CARLOS DO IVAÍ","PR","02/2024","1036","329","0"
"412460","SÃO CARLOS DO IVAÍ","PR","07/2024","1033","343","0"
"412460","SÃO CARLOS DO IVAÍ","PR","12/2024","970","354","0"
"412460","SÃO CARLOS DO IVAÍ","PR","01/2025","937","361","0"
"412460","SÃO CARLOS DO IVAÍ","PR","03/2024","993","331","0"
"412460","SÃO CARLOS DO IVAÍ","PR","04/2024","983","324","0"
"412460","SÃO CARLOS DO IVAÍ","PR","06/2024","979","301","0"
"412460","SÃO CARLOS DO IVAÍ","PR","09/2024","1007","319","0"
"412460","SÃO CARLOS DO IVAÍ","PR","10/2024","1002","335","0"
"412460","SÃO CARLOS DO IVAÍ","PR","11/2024","990","344","0"
"412460","SÃO CARLOS DO IVAÍ","PR","08/2024","1018","336","0"
"412460","SÃO CARLOS DO IVAÍ","PR","05/2025","964","328","0"
"412460","SÃO CARLOS DO IVAÍ","PR","08/2025","797","355","0"
"412460","SÃO CARLOS DO IVAÍ","PR","07/2025","835","359","0"
"412460","SÃO CARLOS DO IVAÍ","PR","09/2025","774","374","0"
"412460","SÃO CARLOS DO IVAÍ","PR","01/2026","818","313","0"
"412460","SÃO CARLOS DO IVAÍ","PR","02/2025","932","361","0"
"412460","SÃO CARLOS DO IVAÍ","PR","06/2025","969","332","0"
"412460","SÃO CARLOS DO IVAÍ","PR","10/2025","749","375","0"
"412460","SÃO CARLOS DO IVAÍ","PR","12/2025","821","309","0"
"412460","SÃO CARLOS DO IVAÍ","PR","11/2025","735","359","0"
"412460","SÃO CARLOS DO IVAÍ","PR","03/2025","949","362","0"
"412460","SÃO CARLOS DO IVAÍ","PR","04/2025","962","344","0"
"412460","SÃO CARLOS DO IVAÍ","PR","02/2026","805","318","0"
"412460","SÃO CARLOS DO IVAÍ","PR","03/2026","824","262","0"
"412460","SÃO CARLOS DO IVAÍ","PR","04/2026","796","271","0"
"412460","SÃO CARLOS DO IVAÍ","PR","05/2026","858","278","0"
"412460","SÃO CARLOS DO IVAÍ","PR","06/2026","877","300","0"
"412470","SÃO JERÔNIMO DA SERRA","PR","10/2024","2341","536","0"
"412470","SÃO JERÔNIMO DA SERRA","PR","02/2023","2263","377","0"
"412470","SÃO JERÔNIMO DA SERRA","PR","10/2023","2330","555","0"
"412470","SÃO JERÔNIMO DA SERRA","PR","05/2023","2259","369","0"
"412470","SÃO JERÔNIMO DA SERRA","PR","12/2023","2287","568","0"
"412470","SÃO JERÔNIMO DA SERRA","PR","06/2023","2217","392","0"
"412470","SÃO JERÔNIMO DA SERRA","PR","11/2023","2253","608","0"
"412470","SÃO JERÔNIMO DA SERRA","PR","04/2023","2262","349","0"
"412470","SÃO JERÔNIMO DA SERRA","PR","07/2023","2132","609","0"
"412470","SÃO JERÔNIMO DA SERRA","PR","08/2023","2179","574","0"
"412470","SÃO JERÔNIMO DA SERRA","PR","03/2023","2268","362","0"
"412470","SÃO JERÔNIMO DA SERRA","PR","01/2024","2347","527","0"
"412470","SÃO JERÔNIMO DA SERRA","PR","09/2023","2259","567","0"
"412470","SÃO JERÔNIMO DA SERRA","PR","11/2024","2356","521","0"
"412470","SÃO JERÔNIMO DA SERRA","PR","04/2024","2291","555","0"
"412470","SÃO JERÔNIMO DA SERRA","PR","01/2025","2405","599","0"
"412470","SÃO JERÔNIMO DA SERRA","PR","12/2024","2424","530","0"
"412470","SÃO JERÔNIMO DA SERRA","PR","05/2024","2386","520","0"
"412470","SÃO JERÔNIMO DA SERRA","PR","03/2024","2267","566","0"
"412470","SÃO JERÔNIMO DA SERRA","PR","08/2024","2323","543","0"
"412470","SÃO JERÔNIMO DA SERRA","PR","09/2024","2338","501","0"
"412470","SÃO JERÔNIMO DA SERRA","PR","07/2024","2317","583","0"
"412470","SÃO JERÔNIMO DA SERRA","PR","06/2024","2423","507","0"
"412470","SÃO JERÔNIMO DA SERRA","PR","02/2024","2346","528","0"
"412470","SÃO JERÔNIMO DA SERRA","PR","05/2025","2408","574","0"
"412470","SÃO JERÔNIMO DA SERRA","PR","02/2025","2414","599","0"
"412470","SÃO JERÔNIMO DA SERRA","PR","09/2025","2313","450","0"
"412470","SÃO JERÔNIMO DA SERRA","PR","06/2025","2408","565","0"
"412470","SÃO JERÔNIMO DA SERRA","PR","01/2026","2443","419","0"
"412470","SÃO JERÔNIMO DA SERRA","PR","10/2025","2305","458","0"
"412470","SÃO JERÔNIMO DA SERRA","PR","11/2025","2286","416","0"
"412470","SÃO JERÔNIMO DA SERRA","PR","03/2025","2396","617","0"
"412470","SÃO JERÔNIMO DA SERRA","PR","08/2025","2329","481","0"
"412470","SÃO JERÔNIMO DA SERRA","PR","07/2025","2358","498","0"
"412470","SÃO JERÔNIMO DA SERRA","PR","12/2025","2443","389","0"
"412470","SÃO JERÔNIMO DA SERRA","PR","04/2025","2406","586","0"
"412470","SÃO JERÔNIMO DA SERRA","PR","02/2026","2438","448","0"
"412470","SÃO JERÔNIMO DA SERRA","PR","03/2026","2451","402","0"
"412470","SÃO JERÔNIMO DA SERRA","PR","04/2026","2446","401","0"
"412470","SÃO JERÔNIMO DA SERRA","PR","05/2026","2589","370","0"
"412470","SÃO JERÔNIMO DA SERRA","PR","06/2026","2641","359","0"
"412470","SÃO JERÔNIMO DA SERRA","PR","08/2026","2633","375","0"
"412480","SÃO JOÃO","PR","04/2023","1188","98","0"
"412480","SÃO JOÃO","PR","08/2026","525","267","0"
"412480","SÃO JOÃO","PR","05/2023","1198","99","0"
"412480","SÃO JOÃO","PR","02/2023","1196","107","0"
"412480","SÃO JOÃO","PR","06/2023","1194","115","0"
"412480","SÃO JOÃO","PR","08/2023","1014","299","0"
"412480","SÃO JOÃO","PR","01/2024","923","292","0"
"412480","SÃO JOÃO","PR","12/2023","928","291","0"
"412480","SÃO JOÃO","PR","11/2023","940","323","0"
"412480","SÃO JOÃO","PR","10/2023","1022","257","0"
"412480","SÃO JOÃO","PR","07/2023","993","302","0"
"412480","SÃO JOÃO","PR","03/2023","1166","101","0"
"412480","SÃO JOÃO","PR","09/2023","1020","262","0"
"412480","SÃO JOÃO","PR","04/2024","863","302","0"
"412480","SÃO JOÃO","PR","02/2024","915","274","0"
"412480","SÃO JOÃO","PR","01/2025","716","312","0"
"412480","SÃO JOÃO","PR","12/2024","760","298","0"
"412480","SÃO JOÃO","PR","09/2024","731","293","0"
"412480","SÃO JOÃO","PR","07/2024","784","322","0"
"412480","SÃO JOÃO","PR","10/2024","770","297","0"
"412480","SÃO JOÃO","PR","03/2024","883","298","0"
"412480","SÃO JOÃO","PR","05/2024","818","309","0"
"412480","SÃO JOÃO","PR","11/2024","738","299","0"
"412480","SÃO JOÃO","PR","08/2024","761","310","0"
"412480","SÃO JOÃO","PR","06/2024","836","316","0"
"412480","SÃO JOÃO","PR","05/2025","678","328","0"
"412480","SÃO JOÃO","PR","09/2025","566","319","0"
"412480","SÃO JOÃO","PR","12/2025","606","314","0"
"412480","SÃO JOÃO","PR","02/2025","696","320","0"
"412480","SÃO JOÃO","PR","06/2025","682","331","0"
"412480","SÃO JOÃO","PR","01/2026","539","322","0"
"412480","SÃO JOÃO","PR","07/2025","634","300","0"
"412480","SÃO JOÃO","PR","11/2025","520","311","0"
"412480","SÃO JOÃO","PR","10/2025","529","340","0"
"412480","SÃO JOÃO","PR","08/2025","601","297","0"
"412480","SÃO JOÃO","PR","03/2025","696","340","0"
"412480","SÃO JOÃO","PR","04/2025","693","329","0"
"412480","SÃO JOÃO","PR","02/2026","517","326","0"
"412480","SÃO JOÃO","PR","03/2026","592","299","0"
"412480","SÃO JOÃO","PR","04/2026","542","283","0"
"412480","SÃO JOÃO","PR","05/2026","530","283","0"
"412480","SÃO JOÃO","PR","06/2026","530","272","0"
"412490","SÃO JOÃO DO CAIUÁ","PR","05/2023","1530","115","0"
"412490","SÃO JOÃO DO CAIUÁ","PR","12/2023","1314","361","0"
"412490","SÃO JOÃO DO CAIUÁ","PR","08/2026","1006","271","0"
"412490","SÃO JOÃO DO CAIUÁ","PR","06/2026","1030","285","0"
"412490","SÃO JOÃO DO CAIUÁ","PR","05/2026","1053","275","0"
"412490","SÃO JOÃO DO CAIUÁ","PR","04/2026","997","280","0"
"412490","SÃO JOÃO DO CAIUÁ","PR","03/2026","1022","292","0"
"412490","SÃO JOÃO DO CAIUÁ","PR","02/2026","1027","308","0"
"412490","SÃO JOÃO DO CAIUÁ","PR","04/2025","1148","353","0"
"412490","SÃO JOÃO DO CAIUÁ","PR","07/2025","1093","269","0"
"412490","SÃO JOÃO DO CAIUÁ","PR","09/2025","1028","273","0"
"412490","SÃO JOÃO DO CAIUÁ","PR","08/2025","1050","260","0"
"412490","SÃO JOÃO DO CAIUÁ","PR","03/2025","1137","370","0"
"412490","SÃO JOÃO DO CAIUÁ","PR","11/2025","1002","257","0"
"412490","SÃO JOÃO DO CAIUÁ","PR","02/2025","1126","374","0"
"412490","SÃO JOÃO DO CAIUÁ","PR","05/2025","1151","353","0"
"412490","SÃO JOÃO DO CAIUÁ","PR","10/2025","1013","276","0"
"412490","SÃO JOÃO DO CAIUÁ","PR","12/2025","1097","264","0"
"412490","SÃO JOÃO DO CAIUÁ","PR","01/2026","1064","280","0"
"412490","SÃO JOÃO DO CAIUÁ","PR","06/2025","1155","355","0"
"412490","SÃO JOÃO DO CAIUÁ","PR","08/2024","1164","390","0"
"412490","SÃO JOÃO DO CAIUÁ","PR","10/2024","1141","407","0"
"412490","SÃO JOÃO DO CAIUÁ","PR","07/2024","1188","396","0"
"412490","SÃO JOÃO DO CAIUÁ","PR","06/2024","1245","380","0"
"412490","SÃO JOÃO DO CAIUÁ","PR","11/2024","1134","406","0"
"412490","SÃO JOÃO DO CAIUÁ","PR","09/2024","1181","383","0"
"412490","SÃO JOÃO DO CAIUÁ","PR","12/2024","1138","382","0"
"412490","SÃO JOÃO DO CAIUÁ","PR","02/2024","1304","356","0"
"412490","SÃO JOÃO DO CAIUÁ","PR","04/2024","1235","407","0"
"412490","SÃO JOÃO DO CAIUÁ","PR","03/2024","1236","409","0"
"412490","SÃO JOÃO DO CAIUÁ","PR","05/2024","1227","402","0"
"412490","SÃO JOÃO DO CAIUÁ","PR","01/2025","1110","384","0"
"412490","SÃO JOÃO DO CAIUÁ","PR","01/2024","1299","361","0"
"412490","SÃO JOÃO DO CAIUÁ","PR","07/2023","1257","300","0"
"412490","SÃO JOÃO DO CAIUÁ","PR","04/2023","1546","120","0"
"412490","SÃO JOÃO DO CAIUÁ","PR","10/2023","1390","282","0"
"412490","SÃO JOÃO DO CAIUÁ","PR","03/2023","1559","113","0"
"412490","SÃO JOÃO DO CAIUÁ","PR","06/2023","1515","115","0"
"412490","SÃO JOÃO DO CAIUÁ","PR","09/2023","1361","284","0"
"412490","SÃO JOÃO DO CAIUÁ","PR","08/2023","1340","286","0"
"412490","SÃO JOÃO DO CAIUÁ","PR","11/2023","1301","359","0"
"412490","SÃO JOÃO DO CAIUÁ","PR","02/2023","1628","135","0"
"412500","SÃO JOÃO DO IVAÍ","PR","08/2026","1618","299","0"
"412500","SÃO JOÃO DO IVAÍ","PR","04/2023","1703","250","0"
"412500","SÃO JOÃO DO IVAÍ","PR","02/2023","1844","278","0"
"412500","SÃO JOÃO DO IVAÍ","PR","09/2023","1588","466","0"
"412500","SÃO JOÃO DO IVAÍ","PR","06/2023","1717","263","0"
"412500","SÃO JOÃO DO IVAÍ","PR","03/2023","1732","227","0"
"412500","SÃO JOÃO DO IVAÍ","PR","05/2023","1727","238","0"
"412500","SÃO JOÃO DO IVAÍ","PR","08/2023","1546","462","0"
"412500","SÃO JOÃO DO IVAÍ","PR","07/2023","1499","512","0"
"412500","SÃO JOÃO DO IVAÍ","PR","10/2023","1594","462","0"
"412500","SÃO JOÃO DO IVAÍ","PR","01/2024","1469","539","0"
"412500","SÃO JOÃO DO IVAÍ","PR","11/2023","1452","549","0"
"412500","SÃO JOÃO DO IVAÍ","PR","12/2023","1480","547","0"
"412500","SÃO JOÃO DO IVAÍ","PR","12/2024","1413","606","0"
"412500","SÃO JOÃO DO IVAÍ","PR","03/2024","1440","573","0"
"412500","SÃO JOÃO DO IVAÍ","PR","01/2025","1397","617","0"
"412500","SÃO JOÃO DO IVAÍ","PR","04/2024","1464","564","0"
"412500","SÃO JOÃO DO IVAÍ","PR","07/2024","1417","654","0"
"412500","SÃO JOÃO DO IVAÍ","PR","08/2024","1418","636","0"
"412500","SÃO JOÃO DO IVAÍ","PR","10/2024","1364","620","0"
"412500","SÃO JOÃO DO IVAÍ","PR","05/2024","1535","573","0"
"412500","SÃO JOÃO DO IVAÍ","PR","06/2024","1551","562","0"
"412500","SÃO JOÃO DO IVAÍ","PR","09/2024","1421","621","0"
"412500","SÃO JOÃO DO IVAÍ","PR","02/2024","1501","527","0"
"412500","SÃO JOÃO DO IVAÍ","PR","11/2024","1368","618","0"
"412500","SÃO JOÃO DO IVAÍ","PR","05/2025","1333","615","0"
"412500","SÃO JOÃO DO IVAÍ","PR","06/2025","1347","612","0"
"412500","SÃO JOÃO DO IVAÍ","PR","09/2025","1366","450","0"
"412500","SÃO JOÃO DO IVAÍ","PR","10/2025","1358","423","0"
"412500","SÃO JOÃO DO IVAÍ","PR","01/2026","1452","370","0"
"412500","SÃO JOÃO DO IVAÍ","PR","07/2025","1300","491","0"
"412500","SÃO JOÃO DO IVAÍ","PR","02/2025","1374","612","0"
"412500","SÃO JOÃO DO IVAÍ","PR","12/2025","1426","379","0"
"412500","SÃO JOÃO DO IVAÍ","PR","11/2025","1342","382","0"
"412500","SÃO JOÃO DO IVAÍ","PR","03/2025","1319","633","0"
"412500","SÃO JOÃO DO IVAÍ","PR","08/2025","1335","456","0"
"412500","SÃO JOÃO DO IVAÍ","PR","04/2025","1333","618","0"
"412500","SÃO JOÃO DO IVAÍ","PR","02/2026","1416","385","0"
"412500","SÃO JOÃO DO IVAÍ","PR","03/2026","1414","356","0"
"412500","SÃO JOÃO DO IVAÍ","PR","04/2026","1522","355","0"
"412500","SÃO JOÃO DO IVAÍ","PR","05/2026","1556","343","0"
"412500","SÃO JOÃO DO IVAÍ","PR","06/2026","1577","325","0"
"412510","SÃO JOÃO DO TRIUNFO","PR","07/2024","1397","699","0"
"412510","SÃO JOÃO DO TRIUNFO","PR","08/2026","1307","362","0"
"412510","SÃO JOÃO DO TRIUNFO","PR","06/2026","1313","387","0"
"412510","SÃO JOÃO DO TRIUNFO","PR","05/2026","1309","387","0"
"412510","SÃO JOÃO DO TRIUNFO","PR","04/2026","1290","394","0"
"412510","SÃO JOÃO DO TRIUNFO","PR","03/2026","1267","451","0"
"412510","SÃO JOÃO DO TRIUNFO","PR","02/2026","1246","467","0"
"412510","SÃO JOÃO DO TRIUNFO","PR","04/2025","1311","586","0"
"412510","SÃO JOÃO DO TRIUNFO","PR","10/2025","1168","548","0"
"412510","SÃO JOÃO DO TRIUNFO","PR","03/2025","1319","620","0"
"412510","SÃO JOÃO DO TRIUNFO","PR","09/2025","1208","546","0"
"412510","SÃO JOÃO DO TRIUNFO","PR","08/2025","1214","549","0"
"412510","SÃO JOÃO DO TRIUNFO","PR","07/2025","1269","554","0"
"412510","SÃO JOÃO DO TRIUNFO","PR","01/2026","1216","482","0"
"412510","SÃO JOÃO DO TRIUNFO","PR","06/2025","1310","557","0"
"412510","SÃO JOÃO DO TRIUNFO","PR","12/2025","1224","471","0"
"412510","SÃO JOÃO DO TRIUNFO","PR","02/2025","1353","619","0"
"412510","SÃO JOÃO DO TRIUNFO","PR","05/2025","1311","566","0"
"412510","SÃO JOÃO DO TRIUNFO","PR","11/2025","1153","472","0"
"412510","SÃO JOÃO DO TRIUNFO","PR","08/2024","1404","669","0"
"412510","SÃO JOÃO DO TRIUNFO","PR","04/2024","1391","725","0"
"412510","SÃO JOÃO DO TRIUNFO","PR","06/2024","1458","690","0"
"412510","SÃO JOÃO DO TRIUNFO","PR","05/2024","1422","704","0"
"412510","SÃO JOÃO DO TRIUNFO","PR","12/2024","1386","628","0"
"412510","SÃO JOÃO DO TRIUNFO","PR","10/2024","1361","693","0"
"412510","SÃO JOÃO DO TRIUNFO","PR","09/2024","1372","673","0"
"412510","SÃO JOÃO DO TRIUNFO","PR","03/2024","1397","706","0"
"412510","SÃO JOÃO DO TRIUNFO","PR","01/2025","1354","633","0"
"412510","SÃO JOÃO DO TRIUNFO","PR","02/2024","1445","696","0"
"412510","SÃO JOÃO DO TRIUNFO","PR","11/2024","1380","672","0"
"412510","SÃO JOÃO DO TRIUNFO","PR","12/2023","1459","729","0"
"412510","SÃO JOÃO DO TRIUNFO","PR","10/2023","1558","714","0"
"412510","SÃO JOÃO DO TRIUNFO","PR","07/2023","1574","747","0"
"412510","SÃO JOÃO DO TRIUNFO","PR","04/2023","1745","514","0"
"412510","SÃO JOÃO DO TRIUNFO","PR","08/2023","1568","716","0"
"412510","SÃO JOÃO DO TRIUNFO","PR","03/2023","1763","464","0"
"412510","SÃO JOÃO DO TRIUNFO","PR","05/2023","1703","545","0"
"412510","SÃO JOÃO DO TRIUNFO","PR","11/2023","1457","759","0"
"412510","SÃO JOÃO DO TRIUNFO","PR","06/2023","1665","579","0"
"412510","SÃO JOÃO DO TRIUNFO","PR","09/2023","1572","704","0"
"412510","SÃO JOÃO DO TRIUNFO","PR","01/2024","1451","720","0"
"412510","SÃO JOÃO DO TRIUNFO","PR","02/2023","1834","428","0"
"412520","SÃO JORGE DOESTE","PR","05/2023","691","198","0"
"412520","SÃO JORGE DOESTE","PR","08/2026","536","192","0"
"412520","SÃO JORGE DOESTE","PR","06/2026","558","220","0"
"412520","SÃO JORGE DOESTE","PR","05/2026","570","203","0"
"412520","SÃO JORGE DOESTE","PR","04/2026","590","193","0"
"412520","SÃO JORGE DOESTE","PR","03/2026","487","200","0"
"412520","SÃO JORGE DOESTE","PR","02/2026","486","229","0"
"412520","SÃO JORGE DOESTE","PR","06/2025","297","407","0"
"412520","SÃO JORGE DOESTE","PR","03/2025","286","443","0"
"412520","SÃO JORGE DOESTE","PR","11/2025","374","274","0"
"412520","SÃO JORGE DOESTE","PR","04/2025","294","431","0"
"412520","SÃO JORGE DOESTE","PR","10/2025","390","290","0"
"412520","SÃO JORGE DOESTE","PR","12/2025","476","249","0"
"412520","SÃO JORGE DOESTE","PR","01/2026","482","235","0"
"412520","SÃO JORGE DOESTE","PR","08/2025","374","312","0"
"412520","SÃO JORGE DOESTE","PR","09/2025","394","304","0"
"412520","SÃO JORGE DOESTE","PR","02/2025","295","438","0"
"412520","SÃO JORGE DOESTE","PR","05/2025","294","415","0"
"412520","SÃO JORGE DOESTE","PR","07/2025","320","336","0"
"412520","SÃO JORGE DOESTE","PR","09/2024","366","422","0"
"412520","SÃO JORGE DOESTE","PR","06/2024","468","380","0"
"412520","SÃO JORGE DOESTE","PR","03/2024","501","369","0"
"412520","SÃO JORGE DOESTE","PR","01/2025","297","436","0"
"412520","SÃO JORGE DOESTE","PR","10/2024","311","445","0"
"412520","SÃO JORGE DOESTE","PR","12/2024","297","446","0"
"412520","SÃO JORGE DOESTE","PR","07/2024","387","434","0"
"412520","SÃO JORGE DOESTE","PR","02/2024","528","356","0"
"412520","SÃO JORGE DOESTE","PR","08/2024","380","420","0"
"412520","SÃO JORGE DOESTE","PR","04/2024","474","396","0"
"412520","SÃO JORGE DOESTE","PR","11/2024","298","447","0"
"412520","SÃO JORGE DOESTE","PR","05/2024","473","392","0"
"412520","SÃO JORGE DOESTE","PR","01/2024","531","363","0"
"412520","SÃO JORGE DOESTE","PR","11/2023","529","354","0"
"412520","SÃO JORGE DOESTE","PR","04/2023","713","185","0"
"412520","SÃO JORGE DOESTE","PR","08/2023","572","308","0"
"412520","SÃO JORGE DOESTE","PR","09/2023","566","322","0"
"412520","SÃO JORGE DOESTE","PR","10/2023","565","326","0"
"412520","SÃO JORGE DOESTE","PR","07/2023","580","331","0"
"412520","SÃO JORGE DOESTE","PR","12/2023","531","363","0"
"412520","SÃO JORGE DOESTE","PR","03/2023","712","188","0"
"412520","SÃO JORGE DOESTE","PR","02/2023","740","202","0"
"412520","SÃO JORGE DOESTE","PR","06/2023","669","209","0"
"412530","SÃO JORGE DO IVAÍ","PR","06/2026","299","176","0"
"412530","SÃO JORGE DO IVAÍ","PR","08/2026","306","176","0"
"412530","SÃO JORGE DO IVAÍ","PR","02/2023","517","127","0"
"412530","SÃO JORGE DO IVAÍ","PR","06/2023","487","141","0"
"412530","SÃO JORGE DO IVAÍ","PR","09/2023","507","170","0"
"412530","SÃO JORGE DO IVAÍ","PR","12/2023","408","221","0"
"412530","SÃO JORGE DO IVAÍ","PR","03/2023","533","121","0"
"412530","SÃO JORGE DO IVAÍ","PR","11/2023","422","211","0"
"412530","SÃO JORGE DO IVAÍ","PR","10/2023","507","175","0"
"412530","SÃO JORGE DO IVAÍ","PR","04/2023","518","120","0"
"412530","SÃO JORGE DO IVAÍ","PR","07/2023","426","199","0"
"412530","SÃO JORGE DO IVAÍ","PR","05/2023","527","122","0"
"412530","SÃO JORGE DO IVAÍ","PR","01/2024","384","232","0"
"412530","SÃO JORGE DO IVAÍ","PR","08/2023","474","191","0"
"412530","SÃO JORGE DO IVAÍ","PR","12/2024","251","324","0"
"412530","SÃO JORGE DO IVAÍ","PR","10/2024","259","321","0"
"412530","SÃO JORGE DO IVAÍ","PR","05/2024","370","245","0"
"412530","SÃO JORGE DO IVAÍ","PR","07/2024","377","224","0"
"412530","SÃO JORGE DO IVAÍ","PR","01/2025","245","321","0"
"412530","SÃO JORGE DO IVAÍ","PR","03/2024","364","249","0"
"412530","SÃO JORGE DO IVAÍ","PR","06/2024","381","229","0"
"412530","SÃO JORGE DO IVAÍ","PR","04/2024","362","255","0"
"412530","SÃO JORGE DO IVAÍ","PR","09/2024","264","316","0"
"412530","SÃO JORGE DO IVAÍ","PR","11/2024","250","326","0"
"412530","SÃO JORGE DO IVAÍ","PR","02/2024","400","232","0"
"412530","SÃO JORGE DO IVAÍ","PR","08/2024","370","226","0"
"412530","SÃO JORGE DO IVAÍ","PR","05/2025","333","275","0"
"412530","SÃO JORGE DO IVAÍ","PR","01/2026","288","167","0"
"412530","SÃO JORGE DO IVAÍ","PR","11/2025","287","200","0"
"412530","SÃO JORGE DO IVAÍ","PR","06/2025","333","264","0"
"412530","SÃO JORGE DO IVAÍ","PR","12/2025","300","204","0"
"412530","SÃO JORGE DO IVAÍ","PR","07/2025","314","240","0"
"412530","SÃO JORGE DO IVAÍ","PR","02/2025","256","322","0"
"412530","SÃO JORGE DO IVAÍ","PR","03/2025","327","285","0"
"412530","SÃO JORGE DO IVAÍ","PR","09/2025","286","238","0"
"412530","SÃO JORGE DO IVAÍ","PR","10/2025","284","224","0"
"412530","SÃO JORGE DO IVAÍ","PR","08/2025","288","259","0"
"412530","SÃO JORGE DO IVAÍ","PR","04/2025","333","278","0"
"412530","SÃO JORGE DO IVAÍ","PR","02/2026","291","171","0"
"412530","SÃO JORGE DO IVAÍ","PR","03/2026","293","158","0"
"412530","SÃO JORGE DO IVAÍ","PR","04/2026","297","152","0"
"412530","SÃO JORGE DO IVAÍ","PR","05/2026","292","174","0"
"412535","SÃO JORGE DO PATROCÍNIO","PR","08/2026","407","114","0"
"412535","SÃO JORGE DO PATROCÍNIO","PR","04/2023","353","119","0"
"412535","SÃO JORGE DO PATROCÍNIO","PR","06/2023","329","120","0"
"412535","SÃO JORGE DO PATROCÍNIO","PR","12/2023","348","152","0"
"412535","SÃO JORGE DO PATROCÍNIO","PR","01/2024","344","149","0"
"412535","SÃO JORGE DO PATROCÍNIO","PR","10/2023","359","131","0"
"412535","SÃO JORGE DO PATROCÍNIO","PR","02/2023","340","130","0"
"412535","SÃO JORGE DO PATROCÍNIO","PR","03/2023","346","113","0"
"412535","SÃO JORGE DO PATROCÍNIO","PR","07/2023","346","131","0"
"412535","SÃO JORGE DO PATROCÍNIO","PR","09/2023","353","128","0"
"412535","SÃO JORGE DO PATROCÍNIO","PR","05/2023","330","127","0"
"412535","SÃO JORGE DO PATROCÍNIO","PR","11/2023","338","141","0"
"412535","SÃO JORGE DO PATROCÍNIO","PR","04/2024","419","152","0"
"412535","SÃO JORGE DO PATROCÍNIO","PR","01/2025","389","130","0"
"412535","SÃO JORGE DO PATROCÍNIO","PR","09/2024","455","136","0"
"412535","SÃO JORGE DO PATROCÍNIO","PR","02/2024","368","141","0"
"412535","SÃO JORGE DO PATROCÍNIO","PR","07/2024","428","139","0"
"412535","SÃO JORGE DO PATROCÍNIO","PR","06/2024","449","133","0"
"412535","SÃO JORGE DO PATROCÍNIO","PR","11/2024","433","132","0"
"412535","SÃO JORGE DO PATROCÍNIO","PR","12/2024","419","127","0"
"412535","SÃO JORGE DO PATROCÍNIO","PR","10/2024","434","147","0"
"412535","SÃO JORGE DO PATROCÍNIO","PR","08/2023","337","130","0"
"412535","SÃO JORGE DO PATROCÍNIO","PR","05/2024","432","139","0"
"412535","SÃO JORGE DO PATROCÍNIO","PR","03/2024","381","155","0"
"412535","SÃO JORGE DO PATROCÍNIO","PR","08/2024","438","136","0"
"412535","SÃO JORGE DO PATROCÍNIO","PR","08/2025","365","141","0"
"412535","SÃO JORGE DO PATROCÍNIO","PR","02/2025","389","122","0"
"412535","SÃO JORGE DO PATROCÍNIO","PR","05/2025","409","120","0"
"412535","SÃO JORGE DO PATROCÍNIO","PR","07/2025","373","140","0"
"412535","SÃO JORGE DO PATROCÍNIO","PR","12/2025","391","117","0"
"412535","SÃO JORGE DO PATROCÍNIO","PR","06/2025","407","116","0"
"412535","SÃO JORGE DO PATROCÍNIO","PR","01/2026","386","117","0"
"412535","SÃO JORGE DO PATROCÍNIO","PR","10/2025","390","124","0"
"412535","SÃO JORGE DO PATROCÍNIO","PR","11/2025","385","120","0"
"412535","SÃO JORGE DO PATROCÍNIO","PR","03/2025","406","129","0"
"412535","SÃO JORGE DO PATROCÍNIO","PR","09/2025","374","136","0"
"412535","SÃO JORGE DO PATROCÍNIO","PR","04/2025","409","120","0"
"412535","SÃO JORGE DO PATROCÍNIO","PR","02/2026","380","114","0"
"412535","SÃO JORGE DO PATROCÍNIO","PR","03/2026","380","106","0"
"412535","SÃO JORGE DO PATROCÍNIO","PR","04/2026","370","118","0"
"412535","SÃO JORGE DO PATROCÍNIO","PR","05/2026","386","118","0"
"412535","SÃO JORGE DO PATROCÍNIO","PR","06/2026","403","123","0"
"412540","SÃO JOSÉ DA BOA VISTA","PR","10/2025","822","204","0"
"412540","SÃO JOSÉ DA BOA VISTA","PR","05/2023","875","324","0"
"412540","SÃO JOSÉ DA BOA VISTA","PR","06/2023","847","357","0"
"412540","SÃO JOSÉ DA BOA VISTA","PR","02/2023","1081","220","0"
"412540","SÃO JOSÉ DA BOA VISTA","PR","04/2023","899","316","0"
"412540","SÃO JOSÉ DA BOA VISTA","PR","03/2023","1003","238","0"
"412540","SÃO JOSÉ DA BOA VISTA","PR","01/2024","875","358","0"
"412540","SÃO JOSÉ DA BOA VISTA","PR","11/2023","840","387","0"
"412540","SÃO JOSÉ DA BOA VISTA","PR","07/2023","839","387","0"
"412540","SÃO JOSÉ DA BOA VISTA","PR","12/2023","844","380","0"
"412540","SÃO JOSÉ DA BOA VISTA","PR","10/2023","889","346","0"
"412540","SÃO JOSÉ DA BOA VISTA","PR","09/2023","856","362","0"
"412540","SÃO JOSÉ DA BOA VISTA","PR","08/2023","852","366","0"
"412540","SÃO JOSÉ DA BOA VISTA","PR","08/2024","846","325","0"
"412540","SÃO JOSÉ DA BOA VISTA","PR","09/2024","860","295","0"
"412540","SÃO JOSÉ DA BOA VISTA","PR","07/2024","842","339","0"
"412540","SÃO JOSÉ DA BOA VISTA","PR","02/2024","895","347","0"
"412540","SÃO JOSÉ DA BOA VISTA","PR","06/2024","877","317","0"
"412540","SÃO JOSÉ DA BOA VISTA","PR","01/2025","862","294","0"
"412540","SÃO JOSÉ DA BOA VISTA","PR","05/2024","888","325","0"
"412540","SÃO JOSÉ DA BOA VISTA","PR","04/2024","882","353","0"
"412540","SÃO JOSÉ DA BOA VISTA","PR","12/2024","851","282","0"
"412540","SÃO JOSÉ DA BOA VISTA","PR","10/2024","850","305","0"
"412540","SÃO JOSÉ DA BOA VISTA","PR","11/2024","848","294","0"
"412540","SÃO JOSÉ DA BOA VISTA","PR","03/2024","884","354","0"
"412540","SÃO JOSÉ DA BOA VISTA","PR","08/2025","814","219","0"
"412540","SÃO JOSÉ DA BOA VISTA","PR","09/2025","830","204","0"
"412540","SÃO JOSÉ DA BOA VISTA","PR","02/2025","863","302","0"
"412540","SÃO JOSÉ DA BOA VISTA","PR","12/2025","811","190","0"
"412540","SÃO JOSÉ DA BOA VISTA","PR","01/2026","809","188","0"
"412540","SÃO JOSÉ DA BOA VISTA","PR","05/2025","845","254","0"
"412540","SÃO JOSÉ DA BOA VISTA","PR","03/2025","829","323","0"
"412540","SÃO JOSÉ DA BOA VISTA","PR","04/2025","845","282","0"
"412540","SÃO JOSÉ DA BOA VISTA","PR","07/2025","821","231","0"
"412540","SÃO JOSÉ DA BOA VISTA","PR","11/2025","809","201","0"
"412540","SÃO JOSÉ DA BOA VISTA","PR","06/2025","845","230","0"
"412540","SÃO JOSÉ DA BOA VISTA","PR","02/2026","793","212","0"
"412540","SÃO JOSÉ DA BOA VISTA","PR","03/2026","786","213","0"
"412540","SÃO JOSÉ DA BOA VISTA","PR","04/2026","804","198","0"
"412540","SÃO JOSÉ DA BOA VISTA","PR","05/2026","800","186","0"
"412540","SÃO JOSÉ DA BOA VISTA","PR","06/2026","807","187","0"
"412540","SÃO JOSÉ DA BOA VISTA","PR","08/2026","815","168","0"
"412545","SÃO JOSÉ DAS PALMEIRAS","PR","09/2023","602","193","0"
"412545","SÃO JOSÉ DAS PALMEIRAS","PR","12/2023","621","224","0"
"412545","SÃO JOSÉ DAS PALMEIRAS","PR","08/2023","545","197","0"
"412545","SÃO JOSÉ DAS PALMEIRAS","PR","02/2023","622","109","0"
"412545","SÃO JOSÉ DAS PALMEIRAS","PR","01/2024","616","220","0"
"412545","SÃO JOSÉ DAS PALMEIRAS","PR","11/2023","605","222","0"
"412545","SÃO JOSÉ DAS PALMEIRAS","PR","04/2023","589","107","0"
"412545","SÃO JOSÉ DAS PALMEIRAS","PR","10/2023","635","189","0"
"412545","SÃO JOSÉ DAS PALMEIRAS","PR","03/2023","607","93","0"
"412545","SÃO JOSÉ DAS PALMEIRAS","PR","07/2023","529","205","0"
"412545","SÃO JOSÉ DAS PALMEIRAS","PR","05/2023","595","107","0"
"412545","SÃO JOSÉ DAS PALMEIRAS","PR","01/2025","614","241","0"
"412545","SÃO JOSÉ DAS PALMEIRAS","PR","06/2024","619","202","0"
"412545","SÃO JOSÉ DAS PALMEIRAS","PR","02/2024","623","206","0"
"412545","SÃO JOSÉ DAS PALMEIRAS","PR","07/2024","605","226","0"
"412545","SÃO JOSÉ DAS PALMEIRAS","PR","12/2024","640","217","0"
"412545","SÃO JOSÉ DAS PALMEIRAS","PR","11/2024","605","221","0"
"412545","SÃO JOSÉ DAS PALMEIRAS","PR","03/2024","616","213","0"
"412545","SÃO JOSÉ DAS PALMEIRAS","PR","04/2024","610","222","0"
"412545","SÃO JOSÉ DAS PALMEIRAS","PR","05/2024","608","209","0"
"412545","SÃO JOSÉ DAS PALMEIRAS","PR","09/2024","616","212","0"
"412545","SÃO JOSÉ DAS PALMEIRAS","PR","10/2024","613","218","0"
"412545","SÃO JOSÉ DAS PALMEIRAS","PR","08/2024","612","217","0"
"412545","SÃO JOSÉ DAS PALMEIRAS","PR","08/2025","492","266","0"
"412545","SÃO JOSÉ DAS PALMEIRAS","PR","06/2025","581","236","0"
"412545","SÃO JOSÉ DAS PALMEIRAS","PR","02/2025","614","238","0"
"412545","SÃO JOSÉ DAS PALMEIRAS","PR","01/2026","548","174","0"
"412545","SÃO JOSÉ DAS PALMEIRAS","PR","07/2025","495","265","0"
"412545","SÃO JOSÉ DAS PALMEIRAS","PR","12/2025","532","176","0"
"412545","SÃO JOSÉ DAS PALMEIRAS","PR","10/2025","516","220","0"
"412545","SÃO JOSÉ DAS PALMEIRAS","PR","05/2025","585","239","0"
"412545","SÃO JOSÉ DAS PALMEIRAS","PR","09/2025","508","251","0"
"412545","SÃO JOSÉ DAS PALMEIRAS","PR","11/2025","502","194","0"
"412545","SÃO JOSÉ DAS PALMEIRAS","PR","03/2025","588","247","0"
"412545","SÃO JOSÉ DAS PALMEIRAS","PR","04/2025","585","239","0"
"412545","SÃO JOSÉ DAS PALMEIRAS","PR","02/2026","533","182","0"
"412545","SÃO JOSÉ DAS PALMEIRAS","PR","03/2026","555","159","0"
"412545","SÃO JOSÉ DAS PALMEIRAS","PR","04/2026","559","166","0"
"412545","SÃO JOSÉ DAS PALMEIRAS","PR","05/2026","543","165","0"
"412545","SÃO JOSÉ DAS PALMEIRAS","PR","06/2026","531","165","0"
"412545","SÃO JOSÉ DAS PALMEIRAS","PR","08/2026","528","153","0"
"412545","SÃO JOSÉ DAS PALMEIRAS","PR","06/2023","595","103","0"
"412550","SÃO JOSÉ DOS PINHAIS","PR","12/2024","34236","11090","0"
"412550","SÃO JOSÉ DOS PINHAIS","PR","08/2026","33891","8634","0"
"412550","SÃO JOSÉ DOS PINHAIS","PR","06/2026","33674","9095","0"
"412550","SÃO JOSÉ DOS PINHAIS","PR","05/2026","32953","9039","0"
"412550","SÃO JOSÉ DOS PINHAIS","PR","04/2026","32761","9248","0"
"412550","SÃO JOSÉ DOS PINHAIS","PR","03/2026","30713","9409","0"
"412550","SÃO JOSÉ DOS PINHAIS","PR","02/2026","31153","9978","0"
"412550","SÃO JOSÉ DOS PINHAIS","PR","03/2025","32728","12389","0"
"412550","SÃO JOSÉ DOS PINHAIS","PR","12/2025","31440","8948","0"
"412550","SÃO JOSÉ DOS PINHAIS","PR","07/2025","31213","10714","0"
"412550","SÃO JOSÉ DOS PINHAIS","PR","09/2025","28992","9997","0"
"412550","SÃO JOSÉ DOS PINHAIS","PR","06/2025","33007","12137","0"
"412550","SÃO JOSÉ DOS PINHAIS","PR","04/2025","32861","12207","0"
"412550","SÃO JOSÉ DOS PINHAIS","PR","05/2025","32873","12131","0"
"412550","SÃO JOSÉ DOS PINHAIS","PR","11/2025","28537","9379","0"
"412550","SÃO JOSÉ DOS PINHAIS","PR","10/2025","28824","9979","0"
"412550","SÃO JOSÉ DOS PINHAIS","PR","02/2025","32277","11634","0"
"412550","SÃO JOSÉ DOS PINHAIS","PR","01/2026","31355","9550","0"
"412550","SÃO JOSÉ DOS PINHAIS","PR","08/2025","29413","10280","0"
"412550","SÃO JOSÉ DOS PINHAIS","PR","04/2024","33854","11149","0"
"412550","SÃO JOSÉ DOS PINHAIS","PR","06/2024","33987","10700","0"
"412550","SÃO JOSÉ DOS PINHAIS","PR","10/2024","34271","11791","0"
"412550","SÃO JOSÉ DOS PINHAIS","PR","09/2024","33701","11048","0"
"412550","SÃO JOSÉ DOS PINHAIS","PR","08/2024","34020","11652","0"
"412550","SÃO JOSÉ DOS PINHAIS","PR","07/2024","34110","11985","0"
"412550","SÃO JOSÉ DOS PINHAIS","PR","05/2024","33978","10903","0"
"412550","SÃO JOSÉ DOS PINHAIS","PR","11/2024","34224","11593","0"
"412550","SÃO JOSÉ DOS PINHAIS","PR","01/2025","32470","11876","0"
"412550","SÃO JOSÉ DOS PINHAIS","PR","03/2024","33638","11327","0"
"412550","SÃO JOSÉ DOS PINHAIS","PR","02/2024","36299","9390","0"
"412550","SÃO JOSÉ DOS PINHAIS","PR","01/2024","37004","9783","0"
"412550","SÃO JOSÉ DOS PINHAIS","PR","07/2023","32797","9265","0"
"412550","SÃO JOSÉ DOS PINHAIS","PR","10/2023","32923","8429","0"
"412550","SÃO JOSÉ DOS PINHAIS","PR","12/2023","37013","9913","0"
"412550","SÃO JOSÉ DOS PINHAIS","PR","04/2023","39980","3029","0"
"412550","SÃO JOSÉ DOS PINHAIS","PR","09/2023","32924","8564","0"
"412550","SÃO JOSÉ DOS PINHAIS","PR","03/2023","40103","3046","0"
"412550","SÃO JOSÉ DOS PINHAIS","PR","05/2023","39810","3089","0"
"412550","SÃO JOSÉ DOS PINHAIS","PR","11/2023","30366","10060","0"
"412550","SÃO JOSÉ DOS PINHAIS","PR","06/2023","39652","3300","0"
"412550","SÃO JOSÉ DOS PINHAIS","PR","08/2023","32878","8827","0"
"412550","SÃO JOSÉ DOS PINHAIS","PR","02/2023","42343","3374","0"
"412555","SÃO MANOEL DO PARANÁ","PR","06/2026","129","51","0"
"412555","SÃO MANOEL DO PARANÁ","PR","05/2026","129","53","0"
"412555","SÃO MANOEL DO PARANÁ","PR","04/2026","157","43","0"
"412555","SÃO MANOEL DO PARANÁ","PR","03/2026","137","49","0"
"412555","SÃO MANOEL DO PARANÁ","PR","02/2026","142","56","0"
"412555","SÃO MANOEL DO PARANÁ","PR","04/2025","134","67","0"
"412555","SÃO MANOEL DO PARANÁ","PR","08/2025","115","53","0"
"412555","SÃO MANOEL DO PARANÁ","PR","11/2025","117","54","0"
"412555","SÃO MANOEL DO PARANÁ","PR","10/2025","120","58","0"
"412555","SÃO MANOEL DO PARANÁ","PR","07/2025","125","48","0"
"412555","SÃO MANOEL DO PARANÁ","PR","01/2026","143","54","0"
"412555","SÃO MANOEL DO PARANÁ","PR","02/2025","132","74","0"
"412555","SÃO MANOEL DO PARANÁ","PR","12/2025","141","56","0"
"412555","SÃO MANOEL DO PARANÁ","PR","09/2025","124","49","0"
"412555","SÃO MANOEL DO PARANÁ","PR","05/2025","134","63","0"
"412555","SÃO MANOEL DO PARANÁ","PR","03/2025","129","68","0"
"412555","SÃO MANOEL DO PARANÁ","PR","06/2025","134","63","0"
"412555","SÃO MANOEL DO PARANÁ","PR","05/2024","135","73","0"
"412555","SÃO MANOEL DO PARANÁ","PR","11/2024","133","68","0"
"412555","SÃO MANOEL DO PARANÁ","PR","10/2024","129","74","0"
"412555","SÃO MANOEL DO PARANÁ","PR","06/2024","133","75","0"
"412555","SÃO MANOEL DO PARANÁ","PR","07/2024","127","82","0"
"412555","SÃO MANOEL DO PARANÁ","PR","03/2024","133","71","0"
"412555","SÃO MANOEL DO PARANÁ","PR","09/2024","133","74","0"
"412555","SÃO MANOEL DO PARANÁ","PR","02/2024","141","67","0"
"412555","SÃO MANOEL DO PARANÁ","PR","12/2024","136","68","0"
"412555","SÃO MANOEL DO PARANÁ","PR","01/2025","130","75","0"
"412555","SÃO MANOEL DO PARANÁ","PR","04/2024","136","75","0"
"412555","SÃO MANOEL DO PARANÁ","PR","08/2024","126","78","0"
"412555","SÃO MANOEL DO PARANÁ","PR","04/2023","177","34","0"
"412555","SÃO MANOEL DO PARANÁ","PR","03/2023","178","36","0"
"412555","SÃO MANOEL DO PARANÁ","PR","11/2023","135","67","0"
"412555","SÃO MANOEL DO PARANÁ","PR","10/2023","142","62","0"
"412555","SÃO MANOEL DO PARANÁ","PR","07/2023","135","58","0"
"412555","SÃO MANOEL DO PARANÁ","PR","01/2024","139","71","0"
"412555","SÃO MANOEL DO PARANÁ","PR","02/2023","194","35","0"
"412555","SÃO MANOEL DO PARANÁ","PR","12/2023","135","71","0"
"412555","SÃO MANOEL DO PARANÁ","PR","09/2023","151","55","0"
"412555","SÃO MANOEL DO PARANÁ","PR","05/2023","162","38","0"
"412555","SÃO MANOEL DO PARANÁ","PR","06/2023","160","38","0"
"412555","SÃO MANOEL DO PARANÁ","PR","08/2023","138","50","0"
"412555","SÃO MANOEL DO PARANÁ","PR","08/2026","146","56","0"
"412560","SÃO MATEUS DO SUL","PR","11/2023","4656","1979","0"
"412560","SÃO MATEUS DO SUL","PR","08/2023","4869","1769","0"
"412560","SÃO MATEUS DO SUL","PR","01/2024","4412","2175","0"
"412560","SÃO MATEUS DO SUL","PR","04/2023","5599","1070","0"
"412560","SÃO MATEUS DO SUL","PR","02/2023","5624","1024","0"
"412560","SÃO MATEUS DO SUL","PR","05/2023","5533","1207","0"
"412560","SÃO MATEUS DO SUL","PR","06/2023","5395","1315","0"
"412560","SÃO MATEUS DO SUL","PR","12/2023","4492","2113","0"
"412560","SÃO MATEUS DO SUL","PR","09/2023","4858","1796","0"
"412560","SÃO MATEUS DO SUL","PR","07/2023","4758","1909","0"
"412560","SÃO MATEUS DO SUL","PR","03/2023","5600","1014","0"
"412560","SÃO MATEUS DO SUL","PR","09/2024","3343","2776","0"
"412560","SÃO MATEUS DO SUL","PR","12/2024","2925","2911","0"
"412560","SÃO MATEUS DO SUL","PR","05/2024","3957","2518","0"
"412560","SÃO MATEUS DO SUL","PR","11/2024","3032","2935","0"
"412560","SÃO MATEUS DO SUL","PR","01/2025","2710","2977","0"
"412560","SÃO MATEUS DO SUL","PR","07/2024","3503","2759","0"
"412560","SÃO MATEUS DO SUL","PR","03/2024","4188","2399","0"
"412560","SÃO MATEUS DO SUL","PR","06/2024","3806","2588","0"
"412560","SÃO MATEUS DO SUL","PR","10/2024","3123","2922","0"
"412560","SÃO MATEUS DO SUL","PR","02/2024","4392","2256","0"
"412560","SÃO MATEUS DO SUL","PR","08/2024","3463","2758","0"
"412560","SÃO MATEUS DO SUL","PR","04/2024","4085","2478","0"
"412560","SÃO MATEUS DO SUL","PR","03/2025","2595","2965","0"
"412560","SÃO MATEUS DO SUL","PR","05/2025","2566","2829","0"
"412560","SÃO MATEUS DO SUL","PR","09/2025","2424","2441","0"
"412560","SÃO MATEUS DO SUL","PR","01/2026","2254","2127","0"
"412560","SÃO MATEUS DO SUL","PR","11/2025","2309","2271","0"
"412560","SÃO MATEUS DO SUL","PR","04/2025","2586","2921","0"
"412560","SÃO MATEUS DO SUL","PR","07/2025","2421","2560","0"
"412560","SÃO MATEUS DO SUL","PR","12/2025","2338","2130","0"
"412560","SÃO MATEUS DO SUL","PR","10/2025","2335","2426","0"
"412560","SÃO MATEUS DO SUL","PR","08/2025","2391","2518","0"
"412560","SÃO MATEUS DO SUL","PR","06/2025","2565","2762","0"
"412560","SÃO MATEUS DO SUL","PR","02/2025","2666","2982","0"
"412560","SÃO MATEUS DO SUL","PR","02/2026","2228","2132","0"
"412560","SÃO MATEUS DO SUL","PR","03/2026","2185","2036","0"
"412560","SÃO MATEUS DO SUL","PR","04/2026","2150","1932","0"
"412560","SÃO MATEUS DO SUL","PR","05/2026","2134","1867","0"
"412560","SÃO MATEUS DO SUL","PR","06/2026","2146","1777","0"
"412560","SÃO MATEUS DO SUL","PR","08/2026","2204","1530","0"
"412560","SÃO MATEUS DO SUL","PR","10/2023","4893","1805","0"
"412570","SÃO MIGUEL DO IGUAÇU","PR","07/2023","2775","1008","0"
"412570","SÃO MIGUEL DO IGUAÇU","PR","08/2023","3019","849","0"
"412570","SÃO MIGUEL DO IGUAÇU","PR","09/2023","3183","760","0"
"412570","SÃO MIGUEL DO IGUAÇU","PR","03/2023","2548","792","0"
"412570","SÃO MIGUEL DO IGUAÇU","PR","05/2023","2773","779","0"
"412570","SÃO MIGUEL DO IGUAÇU","PR","04/2023","2640","777","0"
"412570","SÃO MIGUEL DO IGUAÇU","PR","12/2023","3222","808","0"
"412570","SÃO MIGUEL DO IGUAÇU","PR","01/2025","3620","798","0"
"412570","SÃO MIGUEL DO IGUAÇU","PR","02/2024","3383","739","0"
"412570","SÃO MIGUEL DO IGUAÇU","PR","04/2024","3440","803","0"
"412570","SÃO MIGUEL DO IGUAÇU","PR","12/2024","3700","721","0"
"412570","SÃO MIGUEL DO IGUAÇU","PR","06/2024","3623","708","0"
"412570","SÃO MIGUEL DO IGUAÇU","PR","05/2024","3528","750","0"
"412570","SÃO MIGUEL DO IGUAÇU","PR","03/2024","3320","872","0"
"412570","SÃO MIGUEL DO IGUAÇU","PR","07/2024","3466","843","0"
"412570","SÃO MIGUEL DO IGUAÇU","PR","09/2024","3638","740","0"
"412570","SÃO MIGUEL DO IGUAÇU","PR","10/2024","3663","802","0"
"412570","SÃO MIGUEL DO IGUAÇU","PR","11/2024","3634","745","0"
"412570","SÃO MIGUEL DO IGUAÇU","PR","08/2024","3513","809","0"
"412570","SÃO MIGUEL DO IGUAÇU","PR","08/2025","3282","905","0"
"412570","SÃO MIGUEL DO IGUAÇU","PR","12/2025","3293","953","0"
"412570","SÃO MIGUEL DO IGUAÇU","PR","05/2025","3630","788","0"
"412570","SÃO MIGUEL DO IGUAÇU","PR","03/2025","3621","825","0"
"412570","SÃO MIGUEL DO IGUAÇU","PR","04/2025","3627","796","0"
"412570","SÃO MIGUEL DO IGUAÇU","PR","06/2025","3624","773","0"
"412570","SÃO MIGUEL DO IGUAÇU","PR","09/2025","3244","913","0"
"412570","SÃO MIGUEL DO IGUAÇU","PR","02/2025","3681","771","0"
"412570","SÃO MIGUEL DO IGUAÇU","PR","01/2026","3237","981","0"
"412570","SÃO MIGUEL DO IGUAÇU","PR","07/2025","3388","875","0"
"412570","SÃO MIGUEL DO IGUAÇU","PR","11/2025","3099","950","0"
"412570","SÃO MIGUEL DO IGUAÇU","PR","10/2025","3163","941","0"
"412570","SÃO MIGUEL DO IGUAÇU","PR","02/2026","3229","997","0"
"412570","SÃO MIGUEL DO IGUAÇU","PR","03/2026","3168","955","0"
"412570","SÃO MIGUEL DO IGUAÇU","PR","04/2026","3260","975","0"
"412570","SÃO MIGUEL DO IGUAÇU","PR","05/2026","3226","946","0"
"412570","SÃO MIGUEL DO IGUAÇU","PR","06/2026","3172","964","0"
"412570","SÃO MIGUEL DO IGUAÇU","PR","10/2023","3281","744","0"
"412570","SÃO MIGUEL DO IGUAÇU","PR","08/2026","3200","951","0"
"412570","SÃO MIGUEL DO IGUAÇU","PR","02/2023","2509","865","0"
"412570","SÃO MIGUEL DO IGUAÇU","PR","01/2024","3257","730","0"
"412570","SÃO MIGUEL DO IGUAÇU","PR","06/2023","2741","788","0"
"412570","SÃO MIGUEL DO IGUAÇU","PR","11/2023","3148","824","0"
"412575","SÃO PEDRO DO IGUAÇU","PR","12/2023","1251","340","0"
"412575","SÃO PEDRO DO IGUAÇU","PR","08/2026","1116","264","0"
"412575","SÃO PEDRO DO IGUAÇU","PR","06/2026","1119","298","0"
"412575","SÃO PEDRO DO IGUAÇU","PR","05/2026","1120","283","0"
"412575","SÃO PEDRO DO IGUAÇU","PR","04/2026","1095","298","0"
"412575","SÃO PEDRO DO IGUAÇU","PR","03/2026","1047","308","0"
"412575","SÃO PEDRO DO IGUAÇU","PR","02/2026","1054","329","0"
"412575","SÃO PEDRO DO IGUAÇU","PR","04/2025","1197","361","0"
"412575","SÃO PEDRO DO IGUAÇU","PR","12/2025","1077","317","0"
"412575","SÃO PEDRO DO IGUAÇU","PR","09/2025","1038","329","0"
"412575","SÃO PEDRO DO IGUAÇU","PR","08/2025","1052","336","0"
"412575","SÃO PEDRO DO IGUAÇU","PR","03/2025","1160","381","0"
"412575","SÃO PEDRO DO IGUAÇU","PR","11/2025","1021","326","0"
"412575","SÃO PEDRO DO IGUAÇU","PR","10/2025","1041","332","0"
"412575","SÃO PEDRO DO IGUAÇU","PR","07/2025","1113","332","0"
"412575","SÃO PEDRO DO IGUAÇU","PR","01/2026","1083","312","0"
"412575","SÃO PEDRO DO IGUAÇU","PR","06/2025","1212","358","0"
"412575","SÃO PEDRO DO IGUAÇU","PR","05/2025","1200","354","0"
"412575","SÃO PEDRO DO IGUAÇU","PR","02/2025","1204","358","0"
"412575","SÃO PEDRO DO IGUAÇU","PR","05/2024","1244","310","0"
"412575","SÃO PEDRO DO IGUAÇU","PR","10/2024","1204","366","0"
"412575","SÃO PEDRO DO IGUAÇU","PR","01/2025","1195","358","0"
"412575","SÃO PEDRO DO IGUAÇU","PR","09/2024","1234","305","0"
"412575","SÃO PEDRO DO IGUAÇU","PR","04/2024","1248","321","0"
"412575","SÃO PEDRO DO IGUAÇU","PR","12/2024","1263","310","0"
"412575","SÃO PEDRO DO IGUAÇU","PR","07/2024","1217","327","0"
"412575","SÃO PEDRO DO IGUAÇU","PR","06/2024","1273","291","0"
"412575","SÃO PEDRO DO IGUAÇU","PR","05/2023","1333","108","0"
"412575","SÃO PEDRO DO IGUAÇU","PR","02/2024","1259","298","0"
"412575","SÃO PEDRO DO IGUAÇU","PR","03/2024","1184","345","0"
"412575","SÃO PEDRO DO IGUAÇU","PR","08/2024","1218","326","0"
"412575","SÃO PEDRO DO IGUAÇU","PR","11/2024","1252","335","0"
"412575","SÃO PEDRO DO IGUAÇU","PR","01/2024","1272","318","0"
"412575","SÃO PEDRO DO IGUAÇU","PR","11/2023","1235","371","0"
"412575","SÃO PEDRO DO IGUAÇU","PR","08/2023","1265","303","0"
"412575","SÃO PEDRO DO IGUAÇU","PR","04/2023","1288","96","0"
"412575","SÃO PEDRO DO IGUAÇU","PR","02/2023","1367","140","0"
"412575","SÃO PEDRO DO IGUAÇU","PR","03/2023","1256","131","0"
"412575","SÃO PEDRO DO IGUAÇU","PR","10/2023","1326","274","0"
"412575","SÃO PEDRO DO IGUAÇU","PR","09/2023","1313","281","0"
"412575","SÃO PEDRO DO IGUAÇU","PR","07/2023","1214","314","0"
"412575","SÃO PEDRO DO IGUAÇU","PR","06/2023","1337","108","0"
"412580","SÃO PEDRO DO IVAÍ","PR","05/2026","1371","295","0"
"412580","SÃO PEDRO DO IVAÍ","PR","04/2026","1348","331","0"
"412580","SÃO PEDRO DO IVAÍ","PR","03/2026","1283","341","0"
"412580","SÃO PEDRO DO IVAÍ","PR","02/2026","1292","365","0"
"412580","SÃO PEDRO DO IVAÍ","PR","09/2025","1325","364","0"
"412580","SÃO PEDRO DO IVAÍ","PR","08/2025","1348","378","0"
"412580","SÃO PEDRO DO IVAÍ","PR","11/2025","1333","340","0"
"412580","SÃO PEDRO DO IVAÍ","PR","07/2025","1273","364","0"
"412580","SÃO PEDRO DO IVAÍ","PR","10/2025","1348","350","0"
"412580","SÃO PEDRO DO IVAÍ","PR","12/2025","1340","347","0"
"412580","SÃO PEDRO DO IVAÍ","PR","02/2025","1300","469","0"
"412580","SÃO PEDRO DO IVAÍ","PR","01/2026","1314","348","0"
"412580","SÃO PEDRO DO IVAÍ","PR","06/2025","1345","418","0"
"412580","SÃO PEDRO DO IVAÍ","PR","04/2025","1339","440","0"
"412580","SÃO PEDRO DO IVAÍ","PR","03/2025","1324","462","0"
"412580","SÃO PEDRO DO IVAÍ","PR","05/2025","1342","428","0"
"412580","SÃO PEDRO DO IVAÍ","PR","08/2024","1381","425","0"
"412580","SÃO PEDRO DO IVAÍ","PR","04/2024","1418","395","0"
"412580","SÃO PEDRO DO IVAÍ","PR","05/2024","1393","375","0"
"412580","SÃO PEDRO DO IVAÍ","PR","09/2024","1384","388","0"
"412580","SÃO PEDRO DO IVAÍ","PR","01/2025","1291","471","0"
"412580","SÃO PEDRO DO IVAÍ","PR","07/2024","1371","438","0"
"412580","SÃO PEDRO DO IVAÍ","PR","10/2024","1351","445","0"
"412580","SÃO PEDRO DO IVAÍ","PR","06/2024","1410","371","0"
"412580","SÃO PEDRO DO IVAÍ","PR","02/2024","1468","393","0"
"412580","SÃO PEDRO DO IVAÍ","PR","03/2024","1423","413","0"
"412580","SÃO PEDRO DO IVAÍ","PR","12/2024","1357","422","0"
"412580","SÃO PEDRO DO IVAÍ","PR","11/2024","1358","418","0"
"412580","SÃO PEDRO DO IVAÍ","PR","09/2023","1432","331","0"
"412580","SÃO PEDRO DO IVAÍ","PR","07/2023","1422","368","0"
"412580","SÃO PEDRO DO IVAÍ","PR","04/2023","1744","142","0"
"412580","SÃO PEDRO DO IVAÍ","PR","08/2023","1433","346","0"
"412580","SÃO PEDRO DO IVAÍ","PR","03/2023","1763","143","0"
"412580","SÃO PEDRO DO IVAÍ","PR","02/2023","1885","158","0"
"412580","SÃO PEDRO DO IVAÍ","PR","06/2023","1688","165","0"
"412580","SÃO PEDRO DO IVAÍ","PR","01/2024","1464","400","0"
"412580","SÃO PEDRO DO IVAÍ","PR","12/2023","1465","397","0"
"412580","SÃO PEDRO DO IVAÍ","PR","11/2023","1289","412","0"
"412580","SÃO PEDRO DO IVAÍ","PR","05/2023","1712","150","0"
"412580","SÃO PEDRO DO IVAÍ","PR","10/2023","1412","335","0"
"412580","SÃO PEDRO DO IVAÍ","PR","06/2026","1358","313","0"
"412580","SÃO PEDRO DO IVAÍ","PR","08/2026","1359","294","0"
"412590","SÃO PEDRO DO PARANÁ","PR","05/2024","207","83","0"
"412590","SÃO PEDRO DO PARANÁ","PR","04/2023","196","49","0"
"412590","SÃO PEDRO DO PARANÁ","PR","03/2023","201","50","0"
"412590","SÃO PEDRO DO PARANÁ","PR","02/2023","191","54","0"
"412590","SÃO PEDRO DO PARANÁ","PR","08/2023","171","91","0"
"412590","SÃO PEDRO DO PARANÁ","PR","06/2023","202","66","0"
"412590","SÃO PEDRO DO PARANÁ","PR","09/2023","175","88","0"
"412590","SÃO PEDRO DO PARANÁ","PR","01/2024","189","87","0"
"412590","SÃO PEDRO DO PARANÁ","PR","07/2023","178","101","0"
"412590","SÃO PEDRO DO PARANÁ","PR","11/2023","177","95","0"
"412590","SÃO PEDRO DO PARANÁ","PR","12/2023","180","87","0"
"412590","SÃO PEDRO DO PARANÁ","PR","10/2023","181","87","0"
"412590","SÃO PEDRO DO PARANÁ","PR","05/2023","201","49","0"
"412590","SÃO PEDRO DO PARANÁ","PR","09/2024","211","89","0"
"412590","SÃO PEDRO DO PARANÁ","PR","03/2024","206","86","0"
"412590","SÃO PEDRO DO PARANÁ","PR","02/2024","191","87","0"
"412590","SÃO PEDRO DO PARANÁ","PR","07/2024","200","105","0"
"412590","SÃO PEDRO DO PARANÁ","PR","06/2024","216","79","0"
"412590","SÃO PEDRO DO PARANÁ","PR","10/2024","210","90","0"
"412590","SÃO PEDRO DO PARANÁ","PR","01/2025","208","77","0"
"412590","SÃO PEDRO DO PARANÁ","PR","12/2024","210","87","0"
"412590","SÃO PEDRO DO PARANÁ","PR","04/2024","210","86","0"
"412590","SÃO PEDRO DO PARANÁ","PR","11/2024","218","87","0"
"412590","SÃO PEDRO DO PARANÁ","PR","08/2024","211","98","0"
"412590","SÃO PEDRO DO PARANÁ","PR","08/2025","183","51","0"
"412590","SÃO PEDRO DO PARANÁ","PR","12/2025","208","45","0"
"412590","SÃO PEDRO DO PARANÁ","PR","05/2025","211","79","0"
"412590","SÃO PEDRO DO PARANÁ","PR","02/2025","209","77","0"
"412590","SÃO PEDRO DO PARANÁ","PR","01/2026","202","52","0"
"412590","SÃO PEDRO DO PARANÁ","PR","10/2025","171","44","0"
"412590","SÃO PEDRO DO PARANÁ","PR","07/2025","196","55","0"
"412590","SÃO PEDRO DO PARANÁ","PR","11/2025","169","41","0"
"412590","SÃO PEDRO DO PARANÁ","PR","03/2025","211","83","0"
"412590","SÃO PEDRO DO PARANÁ","PR","06/2025","211","79","0"
"412590","SÃO PEDRO DO PARANÁ","PR","09/2025","172","47","0"
"412590","SÃO PEDRO DO PARANÁ","PR","04/2025","211","79","0"
"412590","SÃO PEDRO DO PARANÁ","PR","02/2026","193","60","0"
"412590","SÃO PEDRO DO PARANÁ","PR","03/2026","187","54","0"
"412590","SÃO PEDRO DO PARANÁ","PR","04/2026","189","56","0"
"412590","SÃO PEDRO DO PARANÁ","PR","05/2026","193","60","0"
"412590","SÃO PEDRO DO PARANÁ","PR","06/2026","187","70","0"
"412590","SÃO PEDRO DO PARANÁ","PR","08/2026","186","46","0"
"412600","SÃO SEBASTIÃO DA AMOREIRA","PR","08/2026","1614","356","0"
"412600","SÃO SEBASTIÃO DA AMOREIRA","PR","06/2026","1667","365","0"
"412600","SÃO SEBASTIÃO DA AMOREIRA","PR","05/2026","1639","384","0"
"412600","SÃO SEBASTIÃO DA AMOREIRA","PR","04/2026","1650","406","0"
"412600","SÃO SEBASTIÃO DA AMOREIRA","PR","03/2026","1671","422","0"
"412600","SÃO SEBASTIÃO DA AMOREIRA","PR","02/2026","1620","481","0"
"412600","SÃO SEBASTIÃO DA AMOREIRA","PR","11/2025","1694","425","0"
"412600","SÃO SEBASTIÃO DA AMOREIRA","PR","10/2025","1731","441","0"
"412600","SÃO SEBASTIÃO DA AMOREIRA","PR","09/2025","1754","414","0"
"412600","SÃO SEBASTIÃO DA AMOREIRA","PR","08/2025","1775","392","0"
"412600","SÃO SEBASTIÃO DA AMOREIRA","PR","07/2025","1748","412","0"
"412600","SÃO SEBASTIÃO DA AMOREIRA","PR","01/2026","1635","473","0"
"412600","SÃO SEBASTIÃO DA AMOREIRA","PR","06/2025","1831","515","0"
"412600","SÃO SEBASTIÃO DA AMOREIRA","PR","12/2025","1658","428","0"
"412600","SÃO SEBASTIÃO DA AMOREIRA","PR","02/2025","1871","500","0"
"412600","SÃO SEBASTIÃO DA AMOREIRA","PR","05/2025","1828","523","0"
"412600","SÃO SEBASTIÃO DA AMOREIRA","PR","03/2025","1832","534","0"
"412600","SÃO SEBASTIÃO DA AMOREIRA","PR","04/2025","1828","528","0"
"412600","SÃO SEBASTIÃO DA AMOREIRA","PR","08/2024","1986","466","0"
"412600","SÃO SEBASTIÃO DA AMOREIRA","PR","10/2024","1907","472","0"
"412600","SÃO SEBASTIÃO DA AMOREIRA","PR","09/2024","1966","468","0"
"412600","SÃO SEBASTIÃO DA AMOREIRA","PR","05/2024","1886","430","0"
"412600","SÃO SEBASTIÃO DA AMOREIRA","PR","07/2024","2008","462","0"
"412600","SÃO SEBASTIÃO DA AMOREIRA","PR","03/2024","1852","477","0"
"412600","SÃO SEBASTIÃO DA AMOREIRA","PR","01/2025","1867","505","0"
"412600","SÃO SEBASTIÃO DA AMOREIRA","PR","06/2024","1871","417","0"
"412600","SÃO SEBASTIÃO DA AMOREIRA","PR","04/2024","1872","450","0"
"412600","SÃO SEBASTIÃO DA AMOREIRA","PR","12/2024","1925","454","0"
"412600","SÃO SEBASTIÃO DA AMOREIRA","PR","11/2024","1911","459","0"
"412600","SÃO SEBASTIÃO DA AMOREIRA","PR","02/2024","1919","417","0"
"412600","SÃO SEBASTIÃO DA AMOREIRA","PR","08/2023","2063","368","0"
"412600","SÃO SEBASTIÃO DA AMOREIRA","PR","10/2023","2067","355","0"
"412600","SÃO SEBASTIÃO DA AMOREIRA","PR","04/2023","2398","106","0"
"412600","SÃO SEBASTIÃO DA AMOREIRA","PR","07/2023","2056","391","0"
"412600","SÃO SEBASTIÃO DA AMOREIRA","PR","02/2023","2517","111","0"
"412600","SÃO SEBASTIÃO DA AMOREIRA","PR","03/2023","2428","106","0"
"412600","SÃO SEBASTIÃO DA AMOREIRA","PR","01/2024","1916","420","0"
"412600","SÃO SEBASTIÃO DA AMOREIRA","PR","09/2023","2052","359","0"
"412600","SÃO SEBASTIÃO DA AMOREIRA","PR","12/2023","1928","415","0"
"412600","SÃO SEBASTIÃO DA AMOREIRA","PR","06/2023","2370","111","0"
"412600","SÃO SEBASTIÃO DA AMOREIRA","PR","11/2023","1925","420","0"
"412600","SÃO SEBASTIÃO DA AMOREIRA","PR","05/2023","2375","109","0"
"412610","SÃO TOMÉ","PR","05/2024","463","274","0"
"412610","SÃO TOMÉ","PR","04/2023","711","105","0"
"412610","SÃO TOMÉ","PR","01/2024","564","245","0"
"412610","SÃO TOMÉ","PR","06/2023","696","118","0"
"412610","SÃO TOMÉ","PR","07/2023","573","216","0"
"412610","SÃO TOMÉ","PR","05/2023","697","111","0"
"412610","SÃO TOMÉ","PR","08/2023","578","189","0"
"412610","SÃO TOMÉ","PR","10/2023","590","186","0"
"412610","SÃO TOMÉ","PR","11/2023","541","222","0"
"412610","SÃO TOMÉ","PR","03/2023","707","107","0"
"412610","SÃO TOMÉ","PR","02/2023","793","141","0"
"412610","SÃO TOMÉ","PR","09/2023","575","190","0"
"412610","SÃO TOMÉ","PR","12/2023","619","207","0"
"412610","SÃO TOMÉ","PR","04/2024","480","284","0"
"412610","SÃO TOMÉ","PR","03/2024","487","306","0"
"412610","SÃO TOMÉ","PR","09/2024","495","255","0"
"412610","SÃO TOMÉ","PR","10/2024","496","279","0"
"412610","SÃO TOMÉ","PR","12/2024","501","248","0"
"412610","SÃO TOMÉ","PR","02/2024","566","246","0"
"412610","SÃO TOMÉ","PR","07/2024","472","277","0"
"412610","SÃO TOMÉ","PR","06/2024","473","265","0"
"412610","SÃO TOMÉ","PR","01/2025","476","258","0"
"412610","SÃO TOMÉ","PR","11/2024","495","262","0"
"412610","SÃO TOMÉ","PR","08/2024","491","262","0"
"412610","SÃO TOMÉ","PR","10/2025","412","188","0"
"412610","SÃO TOMÉ","PR","09/2025","421","208","0"
"412610","SÃO TOMÉ","PR","11/2025","424","171","0"
"412610","SÃO TOMÉ","PR","07/2025","433","222","0"
"412610","SÃO TOMÉ","PR","01/2026","496","132","0"
"412610","SÃO TOMÉ","PR","02/2025","484","248","0"
"412610","SÃO TOMÉ","PR","05/2025","473","244","0"
"412610","SÃO TOMÉ","PR","03/2025","478","254","0"
"412610","SÃO TOMÉ","PR","04/2025","470","244","0"
"412610","SÃO TOMÉ","PR","08/2025","420","216","0"
"412610","SÃO TOMÉ","PR","12/2025","482","164","0"
"412610","SÃO TOMÉ","PR","06/2025","473","244","0"
"412610","SÃO TOMÉ","PR","02/2026","486","135","0"
"412610","SÃO TOMÉ","PR","03/2026","442","136","0"
"412610","SÃO TOMÉ","PR","04/2026","475","111","0"
"412610","SÃO TOMÉ","PR","05/2026","493","103","0"
"412610","SÃO TOMÉ","PR","06/2026","508","96","0"
"412610","SÃO TOMÉ","PR","08/2026","542","85","0"
"412620","SAPOPEMA","PR","04/2024","1756","305","0"
"412620","SAPOPEMA","PR","11/2023","1634","298","0"
"412620","SAPOPEMA","PR","02/2023","1625","148","0"
"412620","SAPOPEMA","PR","05/2023","1661","132","0"
"412620","SAPOPEMA","PR","06/2023","1653","127","0"
"412620","SAPOPEMA","PR","03/2023","1600","129","0"
"412620","SAPOPEMA","PR","08/2023","1595","260","0"
"412620","SAPOPEMA","PR","07/2023","1568","317","0"
"412620","SAPOPEMA","PR","09/2023","1658","242","0"
"412620","SAPOPEMA","PR","04/2023","1623","135","0"
"412620","SAPOPEMA","PR","12/2023","1636","299","0"
"412620","SAPOPEMA","PR","10/2023","1697","241","0"
"412620","SAPOPEMA","PR","01/2024","1644","282","0"
"412620","SAPOPEMA","PR","02/2024","1689","274","0"
"412620","SAPOPEMA","PR","11/2024","1575","402","0"
"412620","SAPOPEMA","PR","12/2024","1599","380","0"
"412620","SAPOPEMA","PR","01/2025","1506","426","0"
"412620","SAPOPEMA","PR","06/2024","1785","288","0"
"412620","SAPOPEMA","PR","05/2024","1748","296","0"
"412620","SAPOPEMA","PR","07/2024","1622","372","0"
"412620","SAPOPEMA","PR","09/2024","1612","352","0"
"412620","SAPOPEMA","PR","10/2024","1549","403","0"
"412620","SAPOPEMA","PR","03/2024","1696","313","0"
"412620","SAPOPEMA","PR","08/2024","1614","369","0"
"412620","SAPOPEMA","PR","08/2025","1396","378","0"
"412620","SAPOPEMA","PR","09/2025","1451","354","0"
"412620","SAPOPEMA","PR","04/2025","1514","438","0"
"412620","SAPOPEMA","PR","06/2025","1520","440","0"
"412620","SAPOPEMA","PR","01/2026","1375","343","0"
"412620","SAPOPEMA","PR","12/2025","1382","346","0"
"412620","SAPOPEMA","PR","10/2025","1396","388","0"
"412620","SAPOPEMA","PR","05/2025","1509","436","0"
"412620","SAPOPEMA","PR","11/2025","1371","363","0"
"412620","SAPOPEMA","PR","03/2025","1522","436","0"
"412620","SAPOPEMA","PR","02/2025","1523","421","0"
"412620","SAPOPEMA","PR","07/2025","1445","381","0"
"412620","SAPOPEMA","PR","02/2026","1351","337","0"
"412620","SAPOPEMA","PR","03/2026","1379","324","0"
"412620","SAPOPEMA","PR","04/2026","1382","329","0"
"412620","SAPOPEMA","PR","05/2026","1377","317","0"
"412620","SAPOPEMA","PR","06/2026","1381","332","0"
"412620","SAPOPEMA","PR","08/2026","1433","254","0"
"412625","SARANDI","PR","08/2026","7316","2692","0"
"412625","SARANDI","PR","11/2023","7840","2043","0"
"412625","SARANDI","PR","05/2023","6365","902","0"
"412625","SARANDI","PR","06/2023","6424","907","0"
"412625","SARANDI","PR","04/2023","5927","839","0"
"412625","SARANDI","PR","10/2023","8050","1667","0"
"412625","SARANDI","PR","02/2023","5480","909","0"
"412625","SARANDI","PR","08/2023","6390","1716","0"
"412625","SARANDI","PR","09/2023","7289","1671","0"
"412625","SARANDI","PR","03/2023","5624","858","0"
"412625","SARANDI","PR","07/2023","6002","1856","0"
"412625","SARANDI","PR","01/2024","8359","2013","0"
"412625","SARANDI","PR","12/2023","8210","2035","0"
"412625","SARANDI","PR","01/2025","7201","3169","0"
"412625","SARANDI","PR","02/2024","8776","1935","0"
"412625","SARANDI","PR","11/2024","7743","2960","0"
"412625","SARANDI","PR","12/2024","7689","2923","0"
"412625","SARANDI","PR","05/2024","8381","2439","0"
"412625","SARANDI","PR","03/2024","8240","2485","0"
"412625","SARANDI","PR","04/2024","8386","2439","0"
"412625","SARANDI","PR","06/2026","7423","2817","0"
"412625","SARANDI","PR","08/2024","7966","2878","0"
"412625","SARANDI","PR","07/2024","8058","2866","0"
"412625","SARANDI","PR","06/2024","8498","2460","0"
"412625","SARANDI","PR","09/2024","7963","2862","0"
"412625","SARANDI","PR","10/2024","7736","3033","0"
"412625","SARANDI","PR","01/2026","6659","2855","0"
"412625","SARANDI","PR","02/2025","7191","3177","0"
"412625","SARANDI","PR","12/2025","6702","2739","0"
"412625","SARANDI","PR","03/2025","7284","3306","0"
"412625","SARANDI","PR","10/2025","6532","3047","0"
"412625","SARANDI","PR","07/2025","6934","3057","0"
"412625","SARANDI","PR","11/2025","6442","2883","0"
"412625","SARANDI","PR","09/2025","6566","3050","0"
"412625","SARANDI","PR","08/2025","6642","3080","0"
"412625","SARANDI","PR","06/2025","7318","3250","0"
"412625","SARANDI","PR","05/2025","7278","3241","0"
"412625","SARANDI","PR","04/2025","7277","3274","0"
"412625","SARANDI","PR","02/2026","6615","2971","0"
"412625","SARANDI","PR","03/2026","6478","2779","0"
"412625","SARANDI","PR","04/2026","7137","2779","0"
"412625","SARANDI","PR","05/2026","7170","2812","0"
"412627","SAUDADE DO IGUAÇU","PR","04/2024","898","441","0"
"412627","SAUDADE DO IGUAÇU","PR","08/2026","786","211","0"
"412627","SAUDADE DO IGUAÇU","PR","06/2026","793","235","0"
"412627","SAUDADE DO IGUAÇU","PR","05/2026","802","222","0"
"412627","SAUDADE DO IGUAÇU","PR","04/2026","834","259","0"
"412627","SAUDADE DO IGUAÇU","PR","03/2026","737","258","0"
"412627","SAUDADE DO IGUAÇU","PR","02/2026","726","284","0"
"412627","SAUDADE DO IGUAÇU","PR","04/2025","735","423","0"
"412627","SAUDADE DO IGUAÇU","PR","02/2025","753","408","0"
"412627","SAUDADE DO IGUAÇU","PR","05/2025","728","420","0"
"412627","SAUDADE DO IGUAÇU","PR","11/2025","678","277","0"
"412627","SAUDADE DO IGUAÇU","PR","10/2025","672","286","0"
"412627","SAUDADE DO IGUAÇU","PR","06/2025","733","428","0"
"412627","SAUDADE DO IGUAÇU","PR","12/2025","733","272","0"
"412627","SAUDADE DO IGUAÇU","PR","03/2025","723","430","0"
"412627","SAUDADE DO IGUAÇU","PR","08/2025","717","283","0"
"412627","SAUDADE DO IGUAÇU","PR","01/2026","726","281","0"
"412627","SAUDADE DO IGUAÇU","PR","09/2025","700","289","0"
"412627","SAUDADE DO IGUAÇU","PR","07/2025","682","303","0"
"412627","SAUDADE DO IGUAÇU","PR","08/2024","879","427","0"
"412627","SAUDADE DO IGUAÇU","PR","09/2024","862","389","0"
"412627","SAUDADE DO IGUAÇU","PR","02/2024","927","395","0"
"412627","SAUDADE DO IGUAÇU","PR","12/2024","811","419","0"
"412627","SAUDADE DO IGUAÇU","PR","01/2025","773","409","0"
"412627","SAUDADE DO IGUAÇU","PR","07/2024","884","432","0"
"412627","SAUDADE DO IGUAÇU","PR","10/2024","763","449","0"
"412627","SAUDADE DO IGUAÇU","PR","06/2024","942","397","0"
"412627","SAUDADE DO IGUAÇU","PR","05/2024","906","408","0"
"412627","SAUDADE DO IGUAÇU","PR","11/2024","765","436","0"
"412627","SAUDADE DO IGUAÇU","PR","03/2024","886","450","0"
"412627","SAUDADE DO IGUAÇU","PR","10/2023","947","409","0"
"412627","SAUDADE DO IGUAÇU","PR","03/2023","1068","175","0"
"412627","SAUDADE DO IGUAÇU","PR","07/2023","890","418","0"
"412627","SAUDADE DO IGUAÇU","PR","01/2024","886","427","0"
"412627","SAUDADE DO IGUAÇU","PR","02/2023","1084","204","0"
"412627","SAUDADE DO IGUAÇU","PR","12/2023","880","447","0"
"412627","SAUDADE DO IGUAÇU","PR","09/2023","914","402","0"
"412627","SAUDADE DO IGUAÇU","PR","08/2023","906","389","0"
"412627","SAUDADE DO IGUAÇU","PR","06/2023","1132","159","0"
"412627","SAUDADE DO IGUAÇU","PR","04/2023","1131","167","0"
"412627","SAUDADE DO IGUAÇU","PR","05/2023","1130","165","0"
"412627","SAUDADE DO IGUAÇU","PR","11/2023","863","456","0"
"412630","SENGÉS","PR","08/2026","2153","408","0"
"412630","SENGÉS","PR","05/2023","2197","797","0"
"412630","SENGÉS","PR","04/2023","2202","791","0"
"412630","SENGÉS","PR","12/2023","1893","1035","0"
"412630","SENGÉS","PR","06/2023","2157","828","0"
"412630","SENGÉS","PR","09/2023","2046","943","0"
"412630","SENGÉS","PR","01/2024","1912","1027","0"
"412630","SENGÉS","PR","10/2023","2067","948","0"
"412630","SENGÉS","PR","03/2023","2169","795","0"
"412630","SENGÉS","PR","07/2023","1884","1156","0"
"412630","SENGÉS","PR","02/2023","2277","833","0"
"412630","SENGÉS","PR","08/2023","1970","993","0"
"412630","SENGÉS","PR","11/2023","1909","1017","0"
"412630","SENGÉS","PR","10/2024","1744","931","0"
"412630","SENGÉS","PR","05/2024","1861","966","0"
"412630","SENGÉS","PR","12/2024","1779","880","0"
"412630","SENGÉS","PR","01/2025","1785","854","0"
"412630","SENGÉS","PR","02/2024","1878","1007","0"
"412630","SENGÉS","PR","06/2024","1872","958","0"
"412630","SENGÉS","PR","04/2024","1832","1019","0"
"412630","SENGÉS","PR","07/2024","1758","984","0"
"412630","SENGÉS","PR","03/2024","1790","1058","0"
"412630","SENGÉS","PR","09/2024","1763","918","0"
"412630","SENGÉS","PR","11/2024","1790","898","0"
"412630","SENGÉS","PR","08/2024","1760","932","0"
"412630","SENGÉS","PR","09/2025","1974","650","0"
"412630","SENGÉS","PR","12/2025","1992","582","0"
"412630","SENGÉS","PR","06/2025","1870","778","0"
"412630","SENGÉS","PR","02/2025","1837","834","0"
"412630","SENGÉS","PR","01/2026","1984","561","0"
"412630","SENGÉS","PR","11/2025","1910","612","0"
"412630","SENGÉS","PR","03/2025","1829","834","0"
"412630","SENGÉS","PR","07/2025","1957","694","0"
"412630","SENGÉS","PR","10/2025","1940","662","0"
"412630","SENGÉS","PR","04/2025","1854","806","0"
"412630","SENGÉS","PR","08/2025","1925","677","0"
"412630","SENGÉS","PR","05/2025","1859","784","0"
"412630","SENGÉS","PR","02/2026","1964","567","0"
"412630","SENGÉS","PR","03/2026","2055","541","0"
"412630","SENGÉS","PR","04/2026","2065","558","0"
"412630","SENGÉS","PR","05/2026","2107","524","0"
"412630","SENGÉS","PR","06/2026","2153","508","0"
"412635","SERRANÓPOLIS DO IGUAÇU","PR","08/2026","334","113","0"
"412635","SERRANÓPOLIS DO IGUAÇU","PR","06/2026","335","112","0"
"412635","SERRANÓPOLIS DO IGUAÇU","PR","05/2026","347","108","0"
"412635","SERRANÓPOLIS DO IGUAÇU","PR","04/2026","341","115","0"
"412635","SERRANÓPOLIS DO IGUAÇU","PR","03/2026","352","103","0"
"412635","SERRANÓPOLIS DO IGUAÇU","PR","02/2026","340","126","0"
"412635","SERRANÓPOLIS DO IGUAÇU","PR","03/2025","374","129","0"
"412635","SERRANÓPOLIS DO IGUAÇU","PR","08/2025","354","138","0"
"412635","SERRANÓPOLIS DO IGUAÇU","PR","04/2025","385","127","0"
"412635","SERRANÓPOLIS DO IGUAÇU","PR","07/2025","359","131","0"
"412635","SERRANÓPOLIS DO IGUAÇU","PR","11/2025","332","126","0"
"412635","SERRANÓPOLIS DO IGUAÇU","PR","10/2025","352","129","0"
"412635","SERRANÓPOLIS DO IGUAÇU","PR","12/2025","348","122","0"
"412635","SERRANÓPOLIS DO IGUAÇU","PR","02/2025","387","117","0"
"412635","SERRANÓPOLIS DO IGUAÇU","PR","01/2026","351","118","0"
"412635","SERRANÓPOLIS DO IGUAÇU","PR","06/2025","385","122","0"
"412635","SERRANÓPOLIS DO IGUAÇU","PR","05/2025","385","125","0"
"412635","SERRANÓPOLIS DO IGUAÇU","PR","09/2025","362","125","0"
"412635","SERRANÓPOLIS DO IGUAÇU","PR","08/2024","355","137","0"
"412635","SERRANÓPOLIS DO IGUAÇU","PR","11/2024","359","125","0"
"412635","SERRANÓPOLIS DO IGUAÇU","PR","10/2024","355","135","0"
"412635","SERRANÓPOLIS DO IGUAÇU","PR","04/2023","328","69","0"
"412635","SERRANÓPOLIS DO IGUAÇU","PR","06/2024","367","131","0"
"412635","SERRANÓPOLIS DO IGUAÇU","PR","05/2024","368","120","0"
"412635","SERRANÓPOLIS DO IGUAÇU","PR","01/2025","378","115","0"
"412635","SERRANÓPOLIS DO IGUAÇU","PR","07/2024","354","135","0"
"412635","SERRANÓPOLIS DO IGUAÇU","PR","04/2024","361","116","0"
"412635","SERRANÓPOLIS DO IGUAÇU","PR","02/2024","363","103","0"
"412635","SERRANÓPOLIS DO IGUAÇU","PR","12/2024","380","114","0"
"412635","SERRANÓPOLIS DO IGUAÇU","PR","09/2024","358","131","0"
"412635","SERRANÓPOLIS DO IGUAÇU","PR","03/2024","348","124","0"
"412635","SERRANÓPOLIS DO IGUAÇU","PR","08/2023","338","94","0"
"412635","SERRANÓPOLIS DO IGUAÇU","PR","09/2023","308","129","0"
"412635","SERRANÓPOLIS DO IGUAÇU","PR","10/2023","315","130","0"
"412635","SERRANÓPOLIS DO IGUAÇU","PR","07/2023","314","113","0"
"412635","SERRANÓPOLIS DO IGUAÇU","PR","01/2024","341","108","0"
"412635","SERRANÓPOLIS DO IGUAÇU","PR","03/2023","315","72","0"
"412635","SERRANÓPOLIS DO IGUAÇU","PR","02/2023","310","77","0"
"412635","SERRANÓPOLIS DO IGUAÇU","PR","12/2023","348","110","0"
"412635","SERRANÓPOLIS DO IGUAÇU","PR","06/2023","324","70","0"
"412635","SERRANÓPOLIS DO IGUAÇU","PR","05/2023","338","71","0"
"412635","SERRANÓPOLIS DO IGUAÇU","PR","11/2023","319","115","0"
"412640","SERTANEJA","PR","08/2026","449","154","0"
"412640","SERTANEJA","PR","06/2026","471","159","0"
"412640","SERTANEJA","PR","11/2023","446","261","0"
"412640","SERTANEJA","PR","06/2023","467","194","0"
"412640","SERTANEJA","PR","10/2023","469","253","0"
"412640","SERTANEJA","PR","04/2023","488","159","0"
"412640","SERTANEJA","PR","02/2023","491","160","0"
"412640","SERTANEJA","PR","07/2023","440","257","0"
"412640","SERTANEJA","PR","03/2023","488","138","0"
"412640","SERTANEJA","PR","05/2023","487","175","0"
"412640","SERTANEJA","PR","09/2023","462","252","0"
"412640","SERTANEJA","PR","12/2023","453","253","0"
"412640","SERTANEJA","PR","08/2023","460","244","0"
"412640","SERTANEJA","PR","04/2024","462","251","0"
"412640","SERTANEJA","PR","12/2024","505","179","0"
"412640","SERTANEJA","PR","11/2024","472","196","0"
"412640","SERTANEJA","PR","03/2024","430","270","0"
"412640","SERTANEJA","PR","02/2024","461","250","0"
"412640","SERTANEJA","PR","07/2024","442","249","0"
"412640","SERTANEJA","PR","05/2024","459","252","0"
"412640","SERTANEJA","PR","10/2024","460","205","0"
"412640","SERTANEJA","PR","01/2025","490","186","0"
"412640","SERTANEJA","PR","09/2024","453","212","0"
"412640","SERTANEJA","PR","06/2024","475","248","0"
"412640","SERTANEJA","PR","08/2024","445","225","0"
"412640","SERTANEJA","PR","10/2025","485","147","0"
"412640","SERTANEJA","PR","01/2024","457","251","0"
"412640","SERTANEJA","PR","02/2025","500","183","0"
"412640","SERTANEJA","PR","09/2025","479","150","0"
"412640","SERTANEJA","PR","05/2025","483","172","0"
"412640","SERTANEJA","PR","06/2025","483","165","0"
"412640","SERTANEJA","PR","11/2025","480","138","0"
"412640","SERTANEJA","PR","07/2025","421","171","0"
"412640","SERTANEJA","PR","01/2026","475","140","0"
"412640","SERTANEJA","PR","03/2025","485","194","0"
"412640","SERTANEJA","PR","12/2025","483","138","0"
"412640","SERTANEJA","PR","08/2025","464","170","0"
"412640","SERTANEJA","PR","04/2025","483","183","0"
"412640","SERTANEJA","PR","02/2026","461","141","0"
"412640","SERTANEJA","PR","03/2026","489","148","0"
"412640","SERTANEJA","PR","04/2026","479","149","0"
"412640","SERTANEJA","PR","05/2026","478","155","0"
"412650","SERTANÓPOLIS","PR","08/2026","1450","512","0"
"412650","SERTANÓPOLIS","PR","06/2026","1473","506","0"
"412650","SERTANÓPOLIS","PR","05/2026","1486","496","0"
"412650","SERTANÓPOLIS","PR","04/2026","1483","499","0"
"412650","SERTANÓPOLIS","PR","03/2026","1392","505","0"
"412650","SERTANÓPOLIS","PR","02/2026","1384","566","0"
"412650","SERTANÓPOLIS","PR","06/2025","1483","629","0"
"412650","SERTANÓPOLIS","PR","03/2025","1491","623","0"
"412650","SERTANÓPOLIS","PR","04/2025","1481","631","0"
"412650","SERTANÓPOLIS","PR","11/2025","1364","513","0"
"412650","SERTANÓPOLIS","PR","10/2025","1397","534","0"
"412650","SERTANÓPOLIS","PR","12/2025","1419","494","0"
"412650","SERTANÓPOLIS","PR","08/2025","1360","531","0"
"412650","SERTANÓPOLIS","PR","07/2025","1434","535","0"
"412650","SERTANÓPOLIS","PR","01/2026","1398","533","0"
"412650","SERTANÓPOLIS","PR","09/2025","1426","537","0"
"412650","SERTANÓPOLIS","PR","05/2025","1481","626","0"
"412650","SERTANÓPOLIS","PR","02/2025","1521","599","0"
"412650","SERTANÓPOLIS","PR","10/2024","1487","584","0"
"412650","SERTANÓPOLIS","PR","06/2024","1657","515","0"
"412650","SERTANÓPOLIS","PR","07/2024","1513","561","0"
"412650","SERTANÓPOLIS","PR","09/2024","1475","549","0"
"412650","SERTANÓPOLIS","PR","01/2025","1505","602","0"
"412650","SERTANÓPOLIS","PR","08/2024","1490","566","0"
"412650","SERTANÓPOLIS","PR","05/2024","1624","506","0"
"412650","SERTANÓPOLIS","PR","11/2024","1493","570","0"
"412650","SERTANÓPOLIS","PR","12/2024","1563","553","0"
"412650","SERTANÓPOLIS","PR","03/2024","1560","527","0"
"412650","SERTANÓPOLIS","PR","04/2024","1552","537","0"
"412650","SERTANÓPOLIS","PR","02/2024","1670","434","0"
"412650","SERTANÓPOLIS","PR","06/2023","1865","185","0"
"412650","SERTANÓPOLIS","PR","01/2024","1654","456","0"
"412650","SERTANÓPOLIS","PR","12/2023","1671","486","0"
"412650","SERTANÓPOLIS","PR","10/2023","1756","419","0"
"412650","SERTANÓPOLIS","PR","07/2023","1548","462","0"
"412650","SERTANÓPOLIS","PR","03/2023","1834","162","0"
"412650","SERTANÓPOLIS","PR","09/2023","1724","404","0"
"412650","SERTANÓPOLIS","PR","08/2023","1657","424","0"
"412650","SERTANÓPOLIS","PR","11/2023","1668","496","0"
"412650","SERTANÓPOLIS","PR","04/2023","1845","161","0"
"412650","SERTANÓPOLIS","PR","05/2023","1883","172","0"
"412650","SERTANÓPOLIS","PR","02/2023","1923","190","0"
"412660","SIQUEIRA CAMPOS","PR","08/2026","2130","549","0"
"412660","SIQUEIRA CAMPOS","PR","03/2023","2549","286","0"
"412660","SIQUEIRA CAMPOS","PR","05/2023","2704","269","0"
"412660","SIQUEIRA CAMPOS","PR","11/2023","2347","678","0"
"412660","SIQUEIRA CAMPOS","PR","12/2023","2335","668","0"
"412660","SIQUEIRA CAMPOS","PR","06/2023","2664","286","0"
"412660","SIQUEIRA CAMPOS","PR","02/2023","2532","301","0"
"412660","SIQUEIRA CAMPOS","PR","08/2023","2473","528","0"
"412660","SIQUEIRA CAMPOS","PR","07/2023","2444","578","0"
"412660","SIQUEIRA CAMPOS","PR","01/2024","2356","662","0"
"412660","SIQUEIRA CAMPOS","PR","09/2023","2493","530","0"
"412660","SIQUEIRA CAMPOS","PR","04/2023","2637","266","0"
"412660","SIQUEIRA CAMPOS","PR","10/2023","2481","539","0"
"412660","SIQUEIRA CAMPOS","PR","11/2024","2070","837","0"
"412660","SIQUEIRA CAMPOS","PR","04/2024","2310","677","0"
"412660","SIQUEIRA CAMPOS","PR","01/2025","2053","876","0"
"412660","SIQUEIRA CAMPOS","PR","03/2024","2356","673","0"
"412660","SIQUEIRA CAMPOS","PR","09/2024","2097","799","0"
"412660","SIQUEIRA CAMPOS","PR","12/2024","2138","814","0"
"412660","SIQUEIRA CAMPOS","PR","05/2024","2335","642","0"
"412660","SIQUEIRA CAMPOS","PR","02/2024","2421","640","0"
"412660","SIQUEIRA CAMPOS","PR","06/2024","2336","636","0"
"412660","SIQUEIRA CAMPOS","PR","10/2024","2063","839","0"
"412660","SIQUEIRA CAMPOS","PR","08/2024","2115","780","0"
"412660","SIQUEIRA CAMPOS","PR","07/2024","2138","776","0"
"412660","SIQUEIRA CAMPOS","PR","10/2025","1965","744","0"
"412660","SIQUEIRA CAMPOS","PR","05/2025","2059","891","0"
"412660","SIQUEIRA CAMPOS","PR","08/2025","2012","779","0"
"412660","SIQUEIRA CAMPOS","PR","04/2025","2061","894","0"
"412660","SIQUEIRA CAMPOS","PR","12/2025","1993","697","0"
"412660","SIQUEIRA CAMPOS","PR","01/2026","2001","706","0"
"412660","SIQUEIRA CAMPOS","PR","06/2025","2063","882","0"
"412660","SIQUEIRA CAMPOS","PR","03/2025","2032","933","0"
"412660","SIQUEIRA CAMPOS","PR","11/2025","1947","688","0"
"412660","SIQUEIRA CAMPOS","PR","02/2025","2062","886","0"
"412660","SIQUEIRA CAMPOS","PR","09/2025","1984","765","0"
"412660","SIQUEIRA CAMPOS","PR","07/2025","1947","778","0"
"412660","SIQUEIRA CAMPOS","PR","02/2026","1977","728","0"
"412660","SIQUEIRA CAMPOS","PR","03/2026","1967","678","0"
"412660","SIQUEIRA CAMPOS","PR","04/2026","2087","659","0"
"412660","SIQUEIRA CAMPOS","PR","05/2026","2112","629","0"
"412660","SIQUEIRA CAMPOS","PR","06/2026","2169","594","0"
"412665","SULINA","PR","08/2023","400","131","0"
"412665","SULINA","PR","11/2023","390","132","0"
"412665","SULINA","PR","08/2026","259","80","0"
"412665","SULINA","PR","06/2026","283","88","0"
"412665","SULINA","PR","05/2026","280","87","0"
"412665","SULINA","PR","04/2026","279","91","0"
"412665","SULINA","PR","03/2026","275","96","0"
"412665","SULINA","PR","02/2026","284","95","0"
"412665","SULINA","PR","04/2025","346","112","0"
"412665","SULINA","PR","07/2025","301","106","0"
"412665","SULINA","PR","08/2025","306","91","0"
"412665","SULINA","PR","11/2025","291","89","0"
"412665","SULINA","PR","10/2025","300","97","0"
"412665","SULINA","PR","06/2025","348","109","0"
"412665","SULINA","PR","01/2026","280","95","0"
"412665","SULINA","PR","12/2025","302","85","0"
"412665","SULINA","PR","02/2025","331","117","0"
"412665","SULINA","PR","05/2025","348","109","0"
"412665","SULINA","PR","03/2025","338","117","0"
"412665","SULINA","PR","09/2025","304","96","0"
"412665","SULINA","PR","08/2024","331","143","0"
"412665","SULINA","PR","11/2024","345","134","0"
"412665","SULINA","PR","10/2024","335","140","0"
"412665","SULINA","PR","02/2024","389","124","0"
"412665","SULINA","PR","07/2024","334","153","0"
"412665","SULINA","PR","09/2024","322","134","0"
"412665","SULINA","PR","01/2025","318","120","0"
"412665","SULINA","PR","12/2024","344","118","0"
"412665","SULINA","PR","06/2024","386","118","0"
"412665","SULINA","PR","03/2024","383","134","0"
"412665","SULINA","PR","05/2024","388","130","0"
"412665","SULINA","PR","04/2024","383","131","0"
"412665","SULINA","PR","01/2024","383","132","0"
"412665","SULINA","PR","05/2023","430","70","0"
"412665","SULINA","PR","09/2023","414","124","0"
"412665","SULINA","PR","04/2023","443","74","0"
"412665","SULINA","PR","02/2023","458","87","0"
"412665","SULINA","PR","03/2023","432","73","0"
"412665","SULINA","PR","07/2023","387","131","0"
"412665","SULINA","PR","12/2023","382","132","0"
"412665","SULINA","PR","10/2023","415","123","0"
"412665","SULINA","PR","06/2023","432","72","0"
"412667","TAMARANA","PR","02/2023","2036","194","0"
"412667","TAMARANA","PR","08/2026","1774","318","0"
"412667","TAMARANA","PR","06/2026","1774","338","0"
"412667","TAMARANA","PR","05/2026","1777","335","0"
"412667","TAMARANA","PR","04/2026","1785","321","0"
"412667","TAMARANA","PR","03/2026","1725","315","0"
"412667","TAMARANA","PR","02/2026","1728","347","0"
"412667","TAMARANA","PR","02/2025","1667","510","0"
"412667","TAMARANA","PR","03/2025","1675","495","0"
"412667","TAMARANA","PR","11/2025","1624","314","0"
"412667","TAMARANA","PR","04/2025","1688","458","0"
"412667","TAMARANA","PR","10/2025","1633","334","0"
"412667","TAMARANA","PR","12/2025","1738","323","0"
"412667","TAMARANA","PR","08/2025","1612","365","0"
"412667","TAMARANA","PR","07/2025","1639","372","0"
"412667","TAMARANA","PR","01/2026","1745","324","0"
"412667","TAMARANA","PR","06/2025","1688","445","0"
"412667","TAMARANA","PR","09/2025","1605","346","0"
"412667","TAMARANA","PR","05/2025","1688","456","0"
"412667","TAMARANA","PR","06/2024","1787","372","0"
"412667","TAMARANA","PR","10/2024","1672","459","0"
"412667","TAMARANA","PR","07/2024","1667","468","0"
"412667","TAMARANA","PR","09/2024","1700","448","0"
"412667","TAMARANA","PR","03/2024","1740","391","0"
"412667","TAMARANA","PR","12/2024","1716","451","0"
"412667","TAMARANA","PR","11/2024","1678","463","0"
"412667","TAMARANA","PR","08/2024","1688","464","0"
"412667","TAMARANA","PR","05/2024","1752","362","0"
"412667","TAMARANA","PR","02/2024","1804","342","0"
"412667","TAMARANA","PR","01/2025","1655","514","0"
"412667","TAMARANA","PR","04/2024","1738","378","0"
"412667","TAMARANA","PR","01/2024","1808","362","0"
"412667","TAMARANA","PR","10/2023","1887","344","0"
"412667","TAMARANA","PR","09/2023","1853","347","0"
"412667","TAMARANA","PR","07/2023","1855","375","0"
"412667","TAMARANA","PR","06/2023","1941","219","0"
"412667","TAMARANA","PR","04/2023","1988","207","0"
"412667","TAMARANA","PR","11/2023","1792","389","0"
"412667","TAMARANA","PR","12/2023","1783","383","0"
"412667","TAMARANA","PR","05/2023","2002","199","0"
"412667","TAMARANA","PR","03/2023","1984","197","0"
"412667","TAMARANA","PR","08/2023","1858","349","0"
"412670","TAMBOARA","PR","08/2026","341","252","0"
"412670","TAMBOARA","PR","12/2023","721","205","0"
"412670","TAMBOARA","PR","09/2023","722","139","0"
"412670","TAMBOARA","PR","11/2023","705","211","0"
"412670","TAMBOARA","PR","03/2023","915","47","0"
"412670","TAMBOARA","PR","06/2023","898","41","0"
"412670","TAMBOARA","PR","07/2023","735","154","0"
"412670","TAMBOARA","PR","10/2023","704","144","0"
"412670","TAMBOARA","PR","02/2023","885","63","0"
"412670","TAMBOARA","PR","04/2023","906","45","0"
"412670","TAMBOARA","PR","01/2024","714","201","0"
"412670","TAMBOARA","PR","05/2023","899","40","0"
"412670","TAMBOARA","PR","08/2023","740","150","0"
"412670","TAMBOARA","PR","06/2024","638","264","0"
"412670","TAMBOARA","PR","04/2024","633","282","0"
"412670","TAMBOARA","PR","05/2024","645","259","0"
"412670","TAMBOARA","PR","10/2024","592","288","0"
"412670","TAMBOARA","PR","12/2024","589","285","0"
"412670","TAMBOARA","PR","07/2024","620","285","0"
"412670","TAMBOARA","PR","03/2024","655","269","0"
"412670","TAMBOARA","PR","01/2025","553","282","0"
"412670","TAMBOARA","PR","09/2024","604","292","0"
"412670","TAMBOARA","PR","11/2024","600","288","0"
"412670","TAMBOARA","PR","02/2024","705","214","0"
"412670","TAMBOARA","PR","08/2024","622","293","0"
"412670","TAMBOARA","PR","01/2026","495","275","0"
"412670","TAMBOARA","PR","09/2025","494","284","0"
"412670","TAMBOARA","PR","07/2025","519","269","0"
"412670","TAMBOARA","PR","12/2025","495","271","0"
"412670","TAMBOARA","PR","03/2025","561","285","0"
"412670","TAMBOARA","PR","04/2025","562","289","0"
"412670","TAMBOARA","PR","06/2025","558","284","0"
"412670","TAMBOARA","PR","11/2025","464","266","0"
"412670","TAMBOARA","PR","05/2025","562","286","0"
"412670","TAMBOARA","PR","10/2025","475","282","0"
"412670","TAMBOARA","PR","02/2025","573","282","0"
"412670","TAMBOARA","PR","08/2025","516","265","0"
"412670","TAMBOARA","PR","02/2026","479","284","0"
"412670","TAMBOARA","PR","03/2026","438","276","0"
"412670","TAMBOARA","PR","04/2026","416","251","0"
"412670","TAMBOARA","PR","05/2026","401","244","0"
"412670","TAMBOARA","PR","06/2026","376","245","0"
"412680","TAPEJARA","PR","02/2023","1533","376","0"
"412680","TAPEJARA","PR","11/2023","1462","591","0"
"412680","TAPEJARA","PR","01/2024","1515","531","0"
"412680","TAPEJARA","PR","12/2023","1493","564","0"
"412680","TAPEJARA","PR","08/2023","1462","510","0"
"412680","TAPEJARA","PR","03/2023","1453","336","0"
"412680","TAPEJARA","PR","07/2023","1351","580","0"
"412680","TAPEJARA","PR","09/2023","1502","521","0"
"412680","TAPEJARA","PR","10/2023","1541","522","0"
"412680","TAPEJARA","PR","05/2023","1525","332","0"
"412680","TAPEJARA","PR","04/2023","1488","334","0"
"412680","TAPEJARA","PR","06/2023","1533","330","0"
"412680","TAPEJARA","PR","03/2024","1472","587","0"
"412680","TAPEJARA","PR","11/2024","1455","594","0"
"412680","TAPEJARA","PR","02/2024","1541","517","0"
"412680","TAPEJARA","PR","12/2024","1441","572","0"
"412680","TAPEJARA","PR","01/2025","1366","577","0"
"412680","TAPEJARA","PR","07/2024","1494","581","0"
"412680","TAPEJARA","PR","04/2024","1514","586","0"
"412680","TAPEJARA","PR","10/2024","1449","615","0"
"412680","TAPEJARA","PR","05/2024","1537","573","0"
"412680","TAPEJARA","PR","06/2024","1568","522","0"
"412680","TAPEJARA","PR","09/2024","1536","552","0"
"412680","TAPEJARA","PR","08/2024","1509","569","0"
"412680","TAPEJARA","PR","02/2025","1362","580","0"
"412680","TAPEJARA","PR","12/2025","1444","375","0"
"412680","TAPEJARA","PR","09/2025","1326","474","0"
"412680","TAPEJARA","PR","06/2025","1395","587","0"
"412680","TAPEJARA","PR","01/2026","1438","389","0"
"412680","TAPEJARA","PR","11/2025","1314","403","0"
"412680","TAPEJARA","PR","07/2025","1296","520","0"
"412680","TAPEJARA","PR","10/2025","1302","481","0"
"412680","TAPEJARA","PR","05/2025","1385","600","0"
"412680","TAPEJARA","PR","03/2025","1401","621","0"
"412680","TAPEJARA","PR","08/2025","1279","532","0"
"412680","TAPEJARA","PR","04/2025","1387","603","0"
"412680","TAPEJARA","PR","02/2026","1427","399","0"
"412680","TAPEJARA","PR","03/2026","1440","306","0"
"412680","TAPEJARA","PR","04/2026","1442","295","0"
"412680","TAPEJARA","PR","05/2026","1528","290","0"
"412680","TAPEJARA","PR","06/2026","1639","291","0"
"412680","TAPEJARA","PR","08/2026","1649","296","0"
"412690","TAPIRA","PR","12/2024","690","323","0"
"412690","TAPIRA","PR","06/2026","593","273","0"
"412690","TAPIRA","PR","05/2026","582","264","0"
"412690","TAPIRA","PR","04/2026","600","267","0"
"412690","TAPIRA","PR","03/2026","615","243","0"
"412690","TAPIRA","PR","02/2026","605","260","0"
"412690","TAPIRA","PR","06/2025","653","323","0"
"412690","TAPIRA","PR","04/2025","648","323","0"
"412690","TAPIRA","PR","05/2025","640","323","0"
"412690","TAPIRA","PR","11/2025","551","255","0"
"412690","TAPIRA","PR","10/2025","563","269","0"
"412690","TAPIRA","PR","01/2026","612","259","0"
"412690","TAPIRA","PR","12/2025","619","253","0"
"412690","TAPIRA","PR","09/2025","561","270","0"
"412690","TAPIRA","PR","02/2025","642","347","0"
"412690","TAPIRA","PR","08/2025","585","268","0"
"412690","TAPIRA","PR","03/2025","634","341","0"
"412690","TAPIRA","PR","07/2025","608","284","0"
"412690","TAPIRA","PR","10/2024","716","330","0"
"412690","TAPIRA","PR","04/2024","847","297","0"
"412690","TAPIRA","PR","01/2025","641","346","0"
"412690","TAPIRA","PR","08/2026","611","260","0"
"412690","TAPIRA","PR","07/2024","790","306","0"
"412690","TAPIRA","PR","02/2024","889","268","0"
"412690","TAPIRA","PR","06/2024","882","269","0"
"412690","TAPIRA","PR","03/2024","820","328","0"
"412690","TAPIRA","PR","05/2024","829","277","0"
"412690","TAPIRA","PR","08/2024","796","292","0"
"412690","TAPIRA","PR","11/2024","712","324","0"
"412690","TAPIRA","PR","09/2024","776","285","0"
"412690","TAPIRA","PR","06/2023","1013","100","0"
"412690","TAPIRA","PR","05/2023","1019","101","0"
"412690","TAPIRA","PR","04/2023","1034","98","0"
"412690","TAPIRA","PR","07/2023","863","235","0"
"412690","TAPIRA","PR","10/2023","951","219","0"
"412690","TAPIRA","PR","02/2023","1093","110","0"
"412690","TAPIRA","PR","03/2023","1043","97","0"
"412690","TAPIRA","PR","09/2023","936","213","0"
"412690","TAPIRA","PR","12/2023","885","268","0"
"412690","TAPIRA","PR","08/2023","930","226","0"
"412690","TAPIRA","PR","11/2023","873","270","0"
"412690","TAPIRA","PR","01/2024","877","267","0"
"412700","TEIXEIRA SOARES","PR","06/2023","2407","176","0"
"412700","TEIXEIRA SOARES","PR","05/2023","2427","163","0"
"412700","TEIXEIRA SOARES","PR","09/2023","2307","319","0"
"412700","TEIXEIRA SOARES","PR","03/2023","2559","172","0"
"412700","TEIXEIRA SOARES","PR","04/2023","2520","156","0"
"412700","TEIXEIRA SOARES","PR","12/2023","2222","417","0"
"412700","TEIXEIRA SOARES","PR","10/2023","2325","313","0"
"412700","TEIXEIRA SOARES","PR","07/2023","2256","358","0"
"412700","TEIXEIRA SOARES","PR","01/2024","2221","401","0"
"412700","TEIXEIRA SOARES","PR","02/2023","2682","178","0"
"412700","TEIXEIRA SOARES","PR","08/2023","2260","342","0"
"412700","TEIXEIRA SOARES","PR","11/2023","2227","403","0"
"412700","TEIXEIRA SOARES","PR","12/2024","2055","434","0"
"412700","TEIXEIRA SOARES","PR","04/2024","2129","430","0"
"412700","TEIXEIRA SOARES","PR","02/2024","2186","387","0"
"412700","TEIXEIRA SOARES","PR","05/2024","2165","414","0"
"412700","TEIXEIRA SOARES","PR","09/2024","2062","449","0"
"412700","TEIXEIRA SOARES","PR","11/2024","2014","468","0"
"412700","TEIXEIRA SOARES","PR","03/2024","2099","451","0"
"412700","TEIXEIRA SOARES","PR","07/2024","2029","492","0"
"412700","TEIXEIRA SOARES","PR","01/2025","1966","483","0"
"412700","TEIXEIRA SOARES","PR","10/2024","2026","505","0"
"412700","TEIXEIRA SOARES","PR","08/2024","2035","474","0"
"412700","TEIXEIRA SOARES","PR","06/2024","2182","389","0"
"412700","TEIXEIRA SOARES","PR","04/2025","1984","469","0"
"412700","TEIXEIRA SOARES","PR","02/2025","1978","467","0"
"412700","TEIXEIRA SOARES","PR","10/2025","1866","356","0"
"412700","TEIXEIRA SOARES","PR","01/2026","1924","311","0"
"412700","TEIXEIRA SOARES","PR","07/2025","1881","420","0"
"412700","TEIXEIRA SOARES","PR","11/2025","1869","337","0"
"412700","TEIXEIRA SOARES","PR","06/2025","1992","466","0"
"412700","TEIXEIRA SOARES","PR","09/2025","1871","384","0"
"412700","TEIXEIRA SOARES","PR","12/2025","1923","314","0"
"412700","TEIXEIRA SOARES","PR","08/2025","1814","421","0"
"412700","TEIXEIRA SOARES","PR","05/2025","1982","460","0"
"412700","TEIXEIRA SOARES","PR","03/2025","1972","489","0"
"412700","TEIXEIRA SOARES","PR","02/2026","1916","324","0"
"412700","TEIXEIRA SOARES","PR","03/2026","1963","301","0"
"412700","TEIXEIRA SOARES","PR","04/2026","1976","301","0"
"412700","TEIXEIRA SOARES","PR","05/2026","1971","298","0"
"412700","TEIXEIRA SOARES","PR","06/2026","1992","303","0"
"412700","TEIXEIRA SOARES","PR","08/2026","2074","249","0"
"412710","TELÊMACO BORBA","PR","06/2024","4499","1281","0"
"412710","TELÊMACO BORBA","PR","08/2026","4030","1032","0"
"412710","TELÊMACO BORBA","PR","06/2026","3934","1130","0"
"412710","TELÊMACO BORBA","PR","05/2026","3972","1142","0"
"412710","TELÊMACO BORBA","PR","04/2026","3950","1225","0"
"412710","TELÊMACO BORBA","PR","03/2026","3950","1218","0"
"412710","TELÊMACO BORBA","PR","02/2026","3931","1267","0"
"412710","TELÊMACO BORBA","PR","04/2025","3960","1519","0"
"412710","TELÊMACO BORBA","PR","08/2025","3915","1415","0"
"412710","TELÊMACO BORBA","PR","11/2025","3669","1334","0"
"412710","TELÊMACO BORBA","PR","10/2025","3727","1409","0"
"412710","TELÊMACO BORBA","PR","12/2025","3833","1248","0"
"412710","TELÊMACO BORBA","PR","07/2025","3920","1412","0"
"412710","TELÊMACO BORBA","PR","01/2026","3735","1224","0"
"412710","TELÊMACO BORBA","PR","06/2025","3923","1486","0"
"412710","TELÊMACO BORBA","PR","09/2025","3824","1373","0"
"412710","TELÊMACO BORBA","PR","03/2025","4025","1526","0"
"412710","TELÊMACO BORBA","PR","02/2025","4093","1528","0"
"412710","TELÊMACO BORBA","PR","05/2025","3946","1504","0"
"412710","TELÊMACO BORBA","PR","10/2024","4262","1462","0"
"412710","TELÊMACO BORBA","PR","11/2024","4236","1444","0"
"412710","TELÊMACO BORBA","PR","12/2024","4185","1456","0"
"412710","TELÊMACO BORBA","PR","08/2024","4326","1372","0"
"412710","TELÊMACO BORBA","PR","03/2024","4529","1362","0"
"412710","TELÊMACO BORBA","PR","04/2024","4520","1324","0"
"412710","TELÊMACO BORBA","PR","07/2024","4408","1432","0"
"412710","TELÊMACO BORBA","PR","09/2024","4200","1412","0"
"412710","TELÊMACO BORBA","PR","02/2024","4677","1286","0"
"412710","TELÊMACO BORBA","PR","05/2024","4525","1278","0"
"412710","TELÊMACO BORBA","PR","01/2025","4021","1575","0"
"412710","TELÊMACO BORBA","PR","11/2023","4405","1376","0"
"412710","TELÊMACO BORBA","PR","02/2023","4539","1232","0"
"412710","TELÊMACO BORBA","PR","09/2023","4393","1317","0"
"412710","TELÊMACO BORBA","PR","08/2023","4344","1339","0"
"412710","TELÊMACO BORBA","PR","07/2023","4215","1461","0"
"412710","TELÊMACO BORBA","PR","01/2024","4634","1287","0"
"412710","TELÊMACO BORBA","PR","06/2023","4341","1071","0"
"412710","TELÊMACO BORBA","PR","05/2023","4448","1077","0"
"412710","TELÊMACO BORBA","PR","04/2023","4350","1082","0"
"412710","TELÊMACO BORBA","PR","10/2023","4514","1285","0"
"412710","TELÊMACO BORBA","PR","12/2023","4542","1334","0"
"412710","TELÊMACO BORBA","PR","03/2023","4235","1167","0"
"412720","TERRA BOA","PR","12/2023","1054","533","0"
"412720","TERRA BOA","PR","06/2023","1255","275","0"
"412720","TERRA BOA","PR","05/2023","1259","255","0"
"412720","TERRA BOA","PR","02/2023","1289","217","0"
"412720","TERRA BOA","PR","07/2023","1136","479","0"
"412720","TERRA BOA","PR","03/2023","1250","209","0"
"412720","TERRA BOA","PR","09/2023","1145","472","0"
"412720","TERRA BOA","PR","04/2023","1261","221","0"
"412720","TERRA BOA","PR","08/2023","1137","462","0"
"412720","TERRA BOA","PR","11/2023","1072","528","0"
"412720","TERRA BOA","PR","01/2024","1026","533","0"
"412720","TERRA BOA","PR","02/2024","1007","561","0"
"412720","TERRA BOA","PR","04/2024","888","623","0"
"412720","TERRA BOA","PR","01/2025","659","717","0"
"412720","TERRA BOA","PR","03/2024","907","618","0"
"412720","TERRA BOA","PR","11/2024","694","718","0"
"412720","TERRA BOA","PR","06/2024","846","675","0"
"412720","TERRA BOA","PR","05/2024","859","660","0"
"412720","TERRA BOA","PR","12/2024","702","720","0"
"412720","TERRA BOA","PR","10/2024","692","716","0"
"412720","TERRA BOA","PR","07/2024","782","723","0"
"412720","TERRA BOA","PR","10/2023","1156","490","0"
"412720","TERRA BOA","PR","09/2024","726","717","0"
"412720","TERRA BOA","PR","08/2024","752","713","0"
"412720","TERRA BOA","PR","12/2025","792","478","0"
"412720","TERRA BOA","PR","02/2025","659","726","0"
"412720","TERRA BOA","PR","01/2026","761","500","0"
"412720","TERRA BOA","PR","04/2025","697","718","0"
"412720","TERRA BOA","PR","10/2025","665","500","0"
"412720","TERRA BOA","PR","06/2025","706","685","0"
"412720","TERRA BOA","PR","08/2025","668","564","0"
"412720","TERRA BOA","PR","11/2025","675","483","0"
"412720","TERRA BOA","PR","03/2025","658","748","0"
"412720","TERRA BOA","PR","09/2025","670","530","0"
"412720","TERRA BOA","PR","07/2025","681","579","0"
"412720","TERRA BOA","PR","05/2025","702","700","0"
"412720","TERRA BOA","PR","02/2026","753","498","0"
"412720","TERRA BOA","PR","03/2026","756","427","0"
"412720","TERRA BOA","PR","04/2026","884","409","0"
"412720","TERRA BOA","PR","05/2026","913","351","0"
"412720","TERRA BOA","PR","06/2026","889","373","0"
"412720","TERRA BOA","PR","08/2026","906","349","0"
"412730","TERRA RICA","PR","12/2023","2511","567","0"
"412730","TERRA RICA","PR","11/2023","2521","563","0"
"412730","TERRA RICA","PR","03/2023","2991","214","0"
"412730","TERRA RICA","PR","09/2023","2669","455","0"
"412730","TERRA RICA","PR","07/2023","2629","544","0"
"412730","TERRA RICA","PR","01/2024","2538","558","0"
"412730","TERRA RICA","PR","02/2023","2997","243","0"
"412730","TERRA RICA","PR","05/2023","3012","201","0"
"412730","TERRA RICA","PR","04/2023","2997","203","0"
"412730","TERRA RICA","PR","10/2023","2699","438","0"
"412730","TERRA RICA","PR","06/2023","3013","203","0"
"412730","TERRA RICA","PR","08/2023","2659","498","0"
"412730","TERRA RICA","PR","02/2024","2504","525","0"
"412730","TERRA RICA","PR","04/2024","2397","639","0"
"412730","TERRA RICA","PR","12/2024","2463","652","0"
"412730","TERRA RICA","PR","01/2025","2338","729","0"
"412730","TERRA RICA","PR","09/2024","2517","611","0"
"412730","TERRA RICA","PR","10/2024","2440","688","0"
"412730","TERRA RICA","PR","05/2024","2392","612","0"
"412730","TERRA RICA","PR","06/2024","2389","596","0"
"412730","TERRA RICA","PR","07/2024","2530","645","0"
"412730","TERRA RICA","PR","11/2024","2434","666","0"
"412730","TERRA RICA","PR","03/2024","2406","643","0"
"412730","TERRA RICA","PR","08/2024","2530","637","0"
"412730","TERRA RICA","PR","09/2025","2229","545","0"
"412730","TERRA RICA","PR","02/2025","2337","712","0"
"412730","TERRA RICA","PR","06/2025","2391","693","0"
"412730","TERRA RICA","PR","10/2025","2185","553","0"
"412730","TERRA RICA","PR","01/2026","2344","544","0"
"412730","TERRA RICA","PR","11/2025","2162","523","0"
"412730","TERRA RICA","PR","04/2025","2383","697","0"
"412730","TERRA RICA","PR","08/2025","2219","585","0"
"412730","TERRA RICA","PR","03/2025","2386","707","0"
"412730","TERRA RICA","PR","12/2025","2344","538","0"
"412730","TERRA RICA","PR","07/2025","2284","589","0"
"412730","TERRA RICA","PR","05/2025","2383","697","0"
"412730","TERRA RICA","PR","02/2026","2306","553","0"
"412730","TERRA RICA","PR","03/2026","2270","502","0"
"412730","TERRA RICA","PR","04/2026","2250","497","0"
"412730","TERRA RICA","PR","05/2026","2342","493","0"
"412730","TERRA RICA","PR","06/2026","2390","475","0"
"412730","TERRA RICA","PR","08/2026","2382","415","0"
"412740","TERRA ROXA","PR","10/2024","1297","523","0"
"412740","TERRA ROXA","PR","10/2023","1502","321","0"
"412740","TERRA ROXA","PR","11/2023","1451","376","0"
"412740","TERRA ROXA","PR","04/2023","1467","198","0"
"412740","TERRA ROXA","PR","01/2024","1506","369","0"
"412740","TERRA ROXA","PR","03/2023","1456","215","0"
"412740","TERRA ROXA","PR","06/2023","1485","214","0"
"412740","TERRA ROXA","PR","02/2023","1469","223","0"
"412740","TERRA ROXA","PR","09/2023","1437","323","0"
"412740","TERRA ROXA","PR","07/2023","1354","387","0"
"412740","TERRA ROXA","PR","05/2023","1491","199","0"
"412740","TERRA ROXA","PR","08/2023","1391","333","0"
"412740","TERRA ROXA","PR","12/2023","1477","365","0"
"412740","TERRA ROXA","PR","11/2024","1297","527","0"
"412740","TERRA ROXA","PR","12/2024","1381","485","0"
"412740","TERRA ROXA","PR","04/2024","1416","446","0"
"412740","TERRA ROXA","PR","01/2025","1362","523","0"
"412740","TERRA ROXA","PR","05/2024","1434","426","0"
"412740","TERRA ROXA","PR","02/2024","1528","365","0"
"412740","TERRA ROXA","PR","09/2024","1345","481","0"
"412740","TERRA ROXA","PR","03/2024","1415","446","0"
"412740","TERRA ROXA","PR","08/2024","1325","525","0"
"412740","TERRA ROXA","PR","06/2024","1444","415","0"
"412740","TERRA ROXA","PR","07/2024","1299","534","0"
"412740","TERRA ROXA","PR","07/2025","1427","501","0"
"412740","TERRA ROXA","PR","02/2025","1404","523","0"
"412740","TERRA ROXA","PR","09/2025","1379","495","0"
"412740","TERRA ROXA","PR","04/2025","1425","540","0"
"412740","TERRA ROXA","PR","12/2025","1500","433","0"
"412740","TERRA ROXA","PR","01/2026","1508","438","0"
"412740","TERRA ROXA","PR","10/2025","1378","478","0"
"412740","TERRA ROXA","PR","11/2025","1346","441","0"
"412740","TERRA ROXA","PR","03/2025","1408","556","0"
"412740","TERRA ROXA","PR","08/2025","1388","497","0"
"412740","TERRA ROXA","PR","06/2025","1434","537","0"
"412740","TERRA ROXA","PR","05/2025","1427","533","0"
"412740","TERRA ROXA","PR","02/2026","1497","452","0"
"412740","TERRA ROXA","PR","03/2026","1461","457","0"
"412740","TERRA ROXA","PR","04/2026","1405","481","0"
"412740","TERRA ROXA","PR","05/2026","1449","466","0"
"412740","TERRA ROXA","PR","06/2026","1454","466","0"
"412740","TERRA ROXA","PR","08/2026","1518","436","0"
"412750","TIBAGI","PR","03/2023","5611","541","0"
"412750","TIBAGI","PR","06/2023","5665","578","0"
"412750","TIBAGI","PR","08/2023","5094","1260","0"
"412750","TIBAGI","PR","09/2023","5299","1183","0"
"412750","TIBAGI","PR","04/2023","5661","526","0"
"412750","TIBAGI","PR","05/2023","5705","549","0"
"412750","TIBAGI","PR","12/2023","5155","1345","0"
"412750","TIBAGI","PR","11/2023","5099","1361","0"
"412750","TIBAGI","PR","10/2023","5446","1147","0"
"412750","TIBAGI","PR","07/2023","4928","1317","0"
"412750","TIBAGI","PR","02/2023","5924","592","0"
"412750","TIBAGI","PR","01/2024","5204","1291","0"
"412750","TIBAGI","PR","01/2025","4566","1396","0"
"412750","TIBAGI","PR","06/2024","5226","1249","0"
"412750","TIBAGI","PR","02/2024","5286","1262","0"
"412750","TIBAGI","PR","07/2024","4862","1422","0"
"412750","TIBAGI","PR","03/2024","4996","1442","0"
"412750","TIBAGI","PR","04/2024","5058","1382","0"
"412750","TIBAGI","PR","10/2024","4635","1458","0"
"412750","TIBAGI","PR","12/2024","4729","1333","0"
"412750","TIBAGI","PR","05/2024","5224","1302","0"
"412750","TIBAGI","PR","08/2026","4271","1049","0"
"412750","TIBAGI","PR","09/2024","4848","1299","0"
"412750","TIBAGI","PR","11/2024","4653","1409","0"
"412750","TIBAGI","PR","08/2024","4842","1380","0"
"412750","TIBAGI","PR","05/2025","4641","1319","0"
"412750","TIBAGI","PR","09/2025","4372","1245","0"
"412750","TIBAGI","PR","01/2026","4213","1225","0"
"412750","TIBAGI","PR","07/2025","4327","1152","0"
"412750","TIBAGI","PR","06/2025","4631","1310","0"
"412750","TIBAGI","PR","02/2025","4576","1366","0"
"412750","TIBAGI","PR","10/2025","4263","1233","0"
"412750","TIBAGI","PR","11/2025","4175","1168","0"
"412750","TIBAGI","PR","03/2025","4581","1400","0"
"412750","TIBAGI","PR","12/2025","4246","1176","0"
"412750","TIBAGI","PR","08/2025","4386","1234","0"
"412750","TIBAGI","PR","04/2025","4640","1339","0"
"412750","TIBAGI","PR","02/2026","4108","1226","0"
"412750","TIBAGI","PR","03/2026","4230","1158","0"
"412750","TIBAGI","PR","04/2026","4242","1165","0"
"412750","TIBAGI","PR","05/2026","4274","1113","0"
"412750","TIBAGI","PR","06/2026","4279","1112","0"
"412760","TIJUCAS DO SUL","PR","11/2023","4326","906","0"
"412760","TIJUCAS DO SUL","PR","08/2026","3942","681","0"
"412760","TIJUCAS DO SUL","PR","06/2026","3920","738","0"
"412760","TIJUCAS DO SUL","PR","05/2026","3789","740","0"
"412760","TIJUCAS DO SUL","PR","04/2026","3556","789","0"
"412760","TIJUCAS DO SUL","PR","03/2026","3588","788","0"
"412760","TIJUCAS DO SUL","PR","02/2026","3579","856","0"
"412760","TIJUCAS DO SUL","PR","10/2025","3404","957","0"
"412760","TIJUCAS DO SUL","PR","04/2025","3807","1124","0"
"412760","TIJUCAS DO SUL","PR","07/2025","3638","987","0"
"412760","TIJUCAS DO SUL","PR","03/2025","3807","1132","0"
"412760","TIJUCAS DO SUL","PR","11/2025","3369","891","0"
"412760","TIJUCAS DO SUL","PR","12/2025","3604","837","0"
"412760","TIJUCAS DO SUL","PR","06/2025","3798","1083","0"
"412760","TIJUCAS DO SUL","PR","01/2026","3606","835","0"
"412760","TIJUCAS DO SUL","PR","02/2025","3911","1070","0"
"412760","TIJUCAS DO SUL","PR","09/2025","3436","962","0"
"412760","TIJUCAS DO SUL","PR","08/2025","3480","987","0"
"412760","TIJUCAS DO SUL","PR","05/2025","3800","1113","0"
"412760","TIJUCAS DO SUL","PR","08/2024","4131","982","0"
"412760","TIJUCAS DO SUL","PR","10/2024","4053","1031","0"
"412760","TIJUCAS DO SUL","PR","09/2024","4079","956","0"
"412760","TIJUCAS DO SUL","PR","07/2024","4117","998","0"
"412760","TIJUCAS DO SUL","PR","03/2024","4156","989","0"
"412760","TIJUCAS DO SUL","PR","05/2024","4118","960","0"
"412760","TIJUCAS DO SUL","PR","12/2024","4097","966","0"
"412760","TIJUCAS DO SUL","PR","11/2024","4064","1017","0"
"412760","TIJUCAS DO SUL","PR","06/2024","4095","938","0"
"412760","TIJUCAS DO SUL","PR","01/2025","3916","1069","0"
"412760","TIJUCAS DO SUL","PR","04/2024","4167","963","0"
"412760","TIJUCAS DO SUL","PR","02/2024","4399","806","0"
"412760","TIJUCAS DO SUL","PR","05/2023","4798","192","0"
"412760","TIJUCAS DO SUL","PR","04/2023","4849","185","0"
"412760","TIJUCAS DO SUL","PR","03/2023","4879","185","0"
"412760","TIJUCAS DO SUL","PR","07/2023","4123","793","0"
"412760","TIJUCAS DO SUL","PR","02/2023","5065","223","0"
"412760","TIJUCAS DO SUL","PR","08/2023","4146","740","0"
"412760","TIJUCAS DO SUL","PR","12/2023","4398","877","0"
"412760","TIJUCAS DO SUL","PR","06/2023","4765","219","0"
"412760","TIJUCAS DO SUL","PR","09/2023","4523","698","0"
"412760","TIJUCAS DO SUL","PR","01/2024","4433","853","0"
"412760","TIJUCAS DO SUL","PR","10/2023","4555","696","0"
"412770","TOLEDO","PR","05/2023","6900","1494","0"
"412770","TOLEDO","PR","06/2023","6787","1594","0"
"412770","TOLEDO","PR","03/2023","6653","1513","0"
"412770","TOLEDO","PR","07/2023","6252","2773","0"
"412770","TOLEDO","PR","08/2023","6506","2663","0"
"412770","TOLEDO","PR","10/2023","7164","2619","0"
"412770","TOLEDO","PR","09/2023","6873","2588","0"
"412770","TOLEDO","PR","02/2023","6649","1688","0"
"412770","TOLEDO","PR","01/2024","6804","2998","0"
"412770","TOLEDO","PR","04/2023","6800","1444","0"
"412770","TOLEDO","PR","12/2023","6827","3034","0"
"412770","TOLEDO","PR","11/2024","6735","3524","0"
"412770","TOLEDO","PR","12/2024","6955","3494","0"
"412770","TOLEDO","PR","01/2025","6783","3581","0"
"412770","TOLEDO","PR","02/2024","7243","3004","0"
"412770","TOLEDO","PR","05/2024","7030","3095","0"
"412770","TOLEDO","PR","07/2024","6677","3439","0"
"412770","TOLEDO","PR","03/2024","6671","3235","0"
"412770","TOLEDO","PR","10/2024","6754","3548","0"
"412770","TOLEDO","PR","09/2024","6622","3349","0"
"412770","TOLEDO","PR","08/2024","6650","3344","0"
"412770","TOLEDO","PR","04/2024","6920","3140","0"
"412770","TOLEDO","PR","06/2024","7146","3123","0"
"412770","TOLEDO","PR","05/2025","6922","3625","0"
"412770","TOLEDO","PR","09/2025","5895","3230","0"
"412770","TOLEDO","PR","02/2025","7072","3585","0"
"412770","TOLEDO","PR","04/2025","6932","3673","0"
"412770","TOLEDO","PR","11/2025","5601","3037","0"
"412770","TOLEDO","PR","01/2026","6172","2962","0"
"412770","TOLEDO","PR","07/2025","6428","3286","0"
"412770","TOLEDO","PR","10/2025","5759","3214","0"
"412770","TOLEDO","PR","03/2025","6947","3734","0"
"412770","TOLEDO","PR","08/2025","6145","3218","0"
"412770","TOLEDO","PR","12/2025","6299","2877","0"
"412770","TOLEDO","PR","06/2025","6920","3557","0"
"412770","TOLEDO","PR","02/2026","6184","2985","0"
"412770","TOLEDO","PR","03/2026","6099","2804","0"
"412770","TOLEDO","PR","04/2026","6653","2804","0"
"412770","TOLEDO","PR","05/2026","6592","2835","0"
"412770","TOLEDO","PR","06/2026","6636","2858","0"
"412770","TOLEDO","PR","08/2026","6831","2639","0"
"412770","TOLEDO","PR","11/2023","6685","2983","0"
"412780","TOMAZINA","PR","08/2026","1164","218","0"
"412780","TOMAZINA","PR","06/2026","1137","224","0"
"412780","TOMAZINA","PR","05/2026","1120","223","0"
"412780","TOMAZINA","PR","04/2026","1103","231","0"
"412780","TOMAZINA","PR","03/2026","1088","259","0"
"412780","TOMAZINA","PR","02/2026","1017","307","0"
"412780","TOMAZINA","PR","04/2025","1014","424","0"
"412780","TOMAZINA","PR","12/2025","1030","293","0"
"412780","TOMAZINA","PR","10/2025","999","313","0"
"412780","TOMAZINA","PR","02/2025","1033","428","0"
"412780","TOMAZINA","PR","03/2025","1012","437","0"
"412780","TOMAZINA","PR","01/2026","1017","300","0"
"412780","TOMAZINA","PR","11/2025","984","296","0"
"412780","TOMAZINA","PR","08/2025","1013","364","0"
"412780","TOMAZINA","PR","06/2025","1014","418","0"
"412780","TOMAZINA","PR","09/2025","997","351","0"
"412780","TOMAZINA","PR","07/2025","1016","387","0"
"412780","TOMAZINA","PR","05/2025","1011","421","0"
"412780","TOMAZINA","PR","05/2024","1157","428","0"
"412780","TOMAZINA","PR","08/2024","1118","405","0"
"412780","TOMAZINA","PR","06/2024","1152","430","0"
"412780","TOMAZINA","PR","04/2024","1156","426","0"
"412780","TOMAZINA","PR","10/2024","1036","418","0"
"412780","TOMAZINA","PR","09/2024","1101","396","0"
"412780","TOMAZINA","PR","01/2025","1033","426","0"
"412780","TOMAZINA","PR","12/2024","1074","413","0"
"412780","TOMAZINA","PR","07/2024","1112","403","0"
"412780","TOMAZINA","PR","11/2024","1049","419","0"
"412780","TOMAZINA","PR","02/2024","1257","345","0"
"412780","TOMAZINA","PR","03/2024","1175","403","0"
"412780","TOMAZINA","PR","08/2023","1302","326","0"
"412780","TOMAZINA","PR","07/2023","1291","348","0"
"412780","TOMAZINA","PR","10/2023","1290","333","0"
"412780","TOMAZINA","PR","02/2023","1484","205","0"
"412780","TOMAZINA","PR","04/2023","1429","185","0"
"412780","TOMAZINA","PR","05/2023","1426","189","0"
"412780","TOMAZINA","PR","09/2023","1284","333","0"
"412780","TOMAZINA","PR","03/2023","1428","184","0"
"412780","TOMAZINA","PR","01/2024","1246","349","0"
"412780","TOMAZINA","PR","06/2023","1391","213","0"
"412780","TOMAZINA","PR","12/2023","1231","374","0"
"412780","TOMAZINA","PR","11/2023","1215","381","0"
"412785","TRÊS BARRAS DO PARANÁ","PR","12/2025","1722","534","0"
"412785","TRÊS BARRAS DO PARANÁ","PR","12/2023","2522","514","0"
"412785","TRÊS BARRAS DO PARANÁ","PR","07/2023","2631","421","0"
"412785","TRÊS BARRAS DO PARANÁ","PR","11/2023","2526","530","0"
"412785","TRÊS BARRAS DO PARANÁ","PR","06/2023","2884","112","0"
"412785","TRÊS BARRAS DO PARANÁ","PR","09/2023","2653","379","0"
"412785","TRÊS BARRAS DO PARANÁ","PR","02/2023","2966","102","0"
"412785","TRÊS BARRAS DO PARANÁ","PR","10/2023","2721","373","0"
"412785","TRÊS BARRAS DO PARANÁ","PR","01/2024","2523","486","0"
"412785","TRÊS BARRAS DO PARANÁ","PR","03/2023","2864","89","0"
"412785","TRÊS BARRAS DO PARANÁ","PR","04/2023","2887","96","0"
"412785","TRÊS BARRAS DO PARANÁ","PR","08/2023","2631","400","0"
"412785","TRÊS BARRAS DO PARANÁ","PR","11/2024","2206","599","0"
"412785","TRÊS BARRAS DO PARANÁ","PR","12/2024","2246","585","0"
"412785","TRÊS BARRAS DO PARANÁ","PR","05/2024","2399","534","0"
"412785","TRÊS BARRAS DO PARANÁ","PR","10/2024","2225","630","0"
"412785","TRÊS BARRAS DO PARANÁ","PR","03/2024","2381","592","0"
"412785","TRÊS BARRAS DO PARANÁ","PR","04/2024","2390","565","0"
"412785","TRÊS BARRAS DO PARANÁ","PR","07/2024","2236","645","0"
"412785","TRÊS BARRAS DO PARANÁ","PR","09/2024","2210","589","0"
"412785","TRÊS BARRAS DO PARANÁ","PR","02/2024","2533","477","0"
"412785","TRÊS BARRAS DO PARANÁ","PR","06/2024","2417","536","0"
"412785","TRÊS BARRAS DO PARANÁ","PR","01/2025","2185","634","0"
"412785","TRÊS BARRAS DO PARANÁ","PR","08/2024","2218","636","0"
"412785","TRÊS BARRAS DO PARANÁ","PR","05/2025","2092","646","0"
"412785","TRÊS BARRAS DO PARANÁ","PR","09/2025","1867","608","0"
"412785","TRÊS BARRAS DO PARANÁ","PR","02/2025","2183","623","0"
"412785","TRÊS BARRAS DO PARANÁ","PR","07/2025","1990","571","0"
"412785","TRÊS BARRAS DO PARANÁ","PR","01/2026","1681","547","0"
"412785","TRÊS BARRAS DO PARANÁ","PR","10/2025","1833","611","0"
"412785","TRÊS BARRAS DO PARANÁ","PR","06/2025","2092","645","0"
"412785","TRÊS BARRAS DO PARANÁ","PR","03/2025","2089","673","0"
"412785","TRÊS BARRAS DO PARANÁ","PR","11/2025","1757","556","0"
"412785","TRÊS BARRAS DO PARANÁ","PR","08/2025","1903","601","0"
"412785","TRÊS BARRAS DO PARANÁ","PR","04/2025","2095","656","0"
"412785","TRÊS BARRAS DO PARANÁ","PR","02/2026","1655","564","0"
"412785","TRÊS BARRAS DO PARANÁ","PR","03/2026","1608","527","0"
"412785","TRÊS BARRAS DO PARANÁ","PR","04/2026","1573","526","0"
"412785","TRÊS BARRAS DO PARANÁ","PR","05/2026","1557","523","0"
"412785","TRÊS BARRAS DO PARANÁ","PR","06/2026","1544","538","0"
"412785","TRÊS BARRAS DO PARANÁ","PR","08/2026","1481","522","0"
"412785","TRÊS BARRAS DO PARANÁ","PR","05/2023","2907","108","0"
"412788","TUNAS DO PARANÁ","PR","03/2024","1839","542","0"
"412788","TUNAS DO PARANÁ","PR","08/2026","1730","355","0"
"412788","TUNAS DO PARANÁ","PR","06/2026","1750","378","0"
"412788","TUNAS DO PARANÁ","PR","05/2026","1702","390","0"
"412788","TUNAS DO PARANÁ","PR","04/2026","1655","374","0"
"412788","TUNAS DO PARANÁ","PR","03/2026","1665","376","0"
"412788","TUNAS DO PARANÁ","PR","02/2026","1683","392","0"
"412788","TUNAS DO PARANÁ","PR","07/2025","1764","393","0"
"412788","TUNAS DO PARANÁ","PR","03/2025","1774","484","0"
"412788","TUNAS DO PARANÁ","PR","05/2025","1799","467","0"
"412788","TUNAS DO PARANÁ","PR","02/2025","1824","451","0"
"412788","TUNAS DO PARANÁ","PR","12/2025","1713","342","0"
"412788","TUNAS DO PARANÁ","PR","11/2025","1601","355","0"
"412788","TUNAS DO PARANÁ","PR","01/2026","1698","381","0"
"412788","TUNAS DO PARANÁ","PR","06/2025","1822","464","0"
"412788","TUNAS DO PARANÁ","PR","10/2025","1621","391","0"
"412788","TUNAS DO PARANÁ","PR","09/2025","1659","391","0"
"412788","TUNAS DO PARANÁ","PR","04/2025","1795","470","0"
"412788","TUNAS DO PARANÁ","PR","08/2025","1684","390","0"
"412788","TUNAS DO PARANÁ","PR","11/2024","1862","491","0"
"412788","TUNAS DO PARANÁ","PR","10/2024","1858","494","0"
"412788","TUNAS DO PARANÁ","PR","02/2024","1926","462","0"
"412788","TUNAS DO PARANÁ","PR","04/2024","1866","520","0"
"412788","TUNAS DO PARANÁ","PR","09/2024","1850","471","0"
"412788","TUNAS DO PARANÁ","PR","07/2024","1836","508","0"
"412788","TUNAS DO PARANÁ","PR","05/2024","1860","488","0"
"412788","TUNAS DO PARANÁ","PR","06/2024","1922","464","0"
"412788","TUNAS DO PARANÁ","PR","01/2025","1778","472","0"
"412788","TUNAS DO PARANÁ","PR","08/2024","1847","484","0"
"412788","TUNAS DO PARANÁ","PR","12/2024","1832","462","0"
"412788","TUNAS DO PARANÁ","PR","11/2023","1861","565","0"
"412788","TUNAS DO PARANÁ","PR","09/2023","1928","477","0"
"412788","TUNAS DO PARANÁ","PR","04/2023","2045","270","0"
"412788","TUNAS DO PARANÁ","PR","10/2023","1961","465","0"
"412788","TUNAS DO PARANÁ","PR","07/2023","1853","518","0"
"412788","TUNAS DO PARANÁ","PR","03/2023","2034","269","0"
"412788","TUNAS DO PARANÁ","PR","01/2024","1924","486","0"
"412788","TUNAS DO PARANÁ","PR","12/2023","1871","538","0"
"412788","TUNAS DO PARANÁ","PR","06/2023","2036","267","0"
"412788","TUNAS DO PARANÁ","PR","02/2023","2077","279","0"
"412788","TUNAS DO PARANÁ","PR","08/2023","1888","499","0"
"412788","TUNAS DO PARANÁ","PR","05/2023","2025","269","0"
"412790","TUNEIRAS DO OESTE","PR","08/2026","876","228","0"
"412790","TUNEIRAS DO OESTE","PR","05/2026","886","262","0"
"412790","TUNEIRAS DO OESTE","PR","04/2026","855","264","0"
"412790","TUNEIRAS DO OESTE","PR","03/2026","844","296","0"
"412790","TUNEIRAS DO OESTE","PR","02/2026","809","340","0"
"412790","TUNEIRAS DO OESTE","PR","09/2025","866","314","0"
"412790","TUNEIRAS DO OESTE","PR","03/2025","1017","349","0"
"412790","TUNEIRAS DO OESTE","PR","11/2025","741","338","0"
"412790","TUNEIRAS DO OESTE","PR","08/2025","895","339","0"
"412790","TUNEIRAS DO OESTE","PR","07/2025","947","309","0"
"412790","TUNEIRAS DO OESTE","PR","01/2026","828","322","0"
"412790","TUNEIRAS DO OESTE","PR","10/2025","806","335","0"
"412790","TUNEIRAS DO OESTE","PR","06/2025","1025","348","0"
"412790","TUNEIRAS DO OESTE","PR","12/2025","838","330","0"
"412790","TUNEIRAS DO OESTE","PR","04/2025","1020","343","0"
"412790","TUNEIRAS DO OESTE","PR","05/2025","1009","343","0"
"412790","TUNEIRAS DO OESTE","PR","02/2025","1037","339","0"
"412790","TUNEIRAS DO OESTE","PR","08/2024","1070","364","0"
"412790","TUNEIRAS DO OESTE","PR","10/2024","1077","342","0"
"412790","TUNEIRAS DO OESTE","PR","01/2025","984","334","0"
"412790","TUNEIRAS DO OESTE","PR","09/2024","1087","325","0"
"412790","TUNEIRAS DO OESTE","PR","06/2024","1111","356","0"
"412790","TUNEIRAS DO OESTE","PR","03/2024","1055","362","0"
"412790","TUNEIRAS DO OESTE","PR","07/2024","1051","428","0"
"412790","TUNEIRAS DO OESTE","PR","05/2024","1089","372","0"
"412790","TUNEIRAS DO OESTE","PR","12/2024","1039","318","0"
"412790","TUNEIRAS DO OESTE","PR","04/2024","1107","369","0"
"412790","TUNEIRAS DO OESTE","PR","02/2024","1086","323","0"
"412790","TUNEIRAS DO OESTE","PR","11/2024","1069","339","0"
"412790","TUNEIRAS DO OESTE","PR","01/2024","1072","364","0"
"412790","TUNEIRAS DO OESTE","PR","05/2023","1310","102","0"
"412790","TUNEIRAS DO OESTE","PR","03/2023","1208","133","0"
"412790","TUNEIRAS DO OESTE","PR","07/2023","1099","328","0"
"412790","TUNEIRAS DO OESTE","PR","08/2023","1109","317","0"
"412790","TUNEIRAS DO OESTE","PR","04/2023","1269","103","0"
"412790","TUNEIRAS DO OESTE","PR","11/2023","1046","392","0"
"412790","TUNEIRAS DO OESTE","PR","02/2023","1243","131","0"
"412790","TUNEIRAS DO OESTE","PR","10/2023","1144","321","0"
"412790","TUNEIRAS DO OESTE","PR","09/2023","1112","325","0"
"412790","TUNEIRAS DO OESTE","PR","12/2023","1077","376","0"
"412790","TUNEIRAS DO OESTE","PR","06/2023","1297","103","0"
"412790","TUNEIRAS DO OESTE","PR","06/2026","883","285","0"
"412795","TUPÃSSI","PR","06/2025","665","263","0"
"412795","TUPÃSSI","PR","08/2026","615","174","0"
"412795","TUPÃSSI","PR","06/2026","626","191","0"
"412795","TUPÃSSI","PR","05/2026","617","195","0"
"412795","TUPÃSSI","PR","04/2026","614","192","0"
"412795","TUPÃSSI","PR","03/2026","623","182","0"
"412795","TUPÃSSI","PR","02/2026","576","209","0"
"412795","TUPÃSSI","PR","08/2025","560","263","0"
"412795","TUPÃSSI","PR","02/2025","641","304","0"
"412795","TUPÃSSI","PR","11/2025","590","198","0"
"412795","TUPÃSSI","PR","03/2025","659","278","0"
"412795","TUPÃSSI","PR","05/2025","665","263","0"
"412795","TUPÃSSI","PR","10/2025","598","214","0"
"412795","TUPÃSSI","PR","12/2025","578","213","0"
"412795","TUPÃSSI","PR","07/2025","598","268","0"
"412795","TUPÃSSI","PR","01/2026","579","212","0"
"412795","TUPÃSSI","PR","09/2025","603","226","0"
"412795","TUPÃSSI","PR","04/2025","660","273","0"
"412795","TUPÃSSI","PR","02/2024","701","280","0"
"412795","TUPÃSSI","PR","01/2025","598","317","0"
"412795","TUPÃSSI","PR","04/2024","657","318","0"
"412795","TUPÃSSI","PR","12/2024","563","334","0"
"412795","TUPÃSSI","PR","10/2024","522","340","0"
"412795","TUPÃSSI","PR","07/2024","549","319","0"
"412795","TUPÃSSI","PR","06/2024","639","273","0"
"412795","TUPÃSSI","PR","05/2024","654","286","0"
"412795","TUPÃSSI","PR","08/2024","544","300","0"
"412795","TUPÃSSI","PR","09/2024","568","292","0"
"412795","TUPÃSSI","PR","11/2024","534","336","0"
"412795","TUPÃSSI","PR","03/2024","632","318","0"
"412795","TUPÃSSI","PR","01/2024","661","285","0"
"412795","TUPÃSSI","PR","10/2023","674","247","0"
"412795","TUPÃSSI","PR","05/2023","718","100","0"
"412795","TUPÃSSI","PR","03/2023","640","95","0"
"412795","TUPÃSSI","PR","04/2023","704","89","0"
"412795","TUPÃSSI","PR","07/2023","639","221","0"
"412795","TUPÃSSI","PR","02/2023","622","93","0"
"412795","TUPÃSSI","PR","09/2023","642","235","0"
"412795","TUPÃSSI","PR","11/2023","637","291","0"
"412795","TUPÃSSI","PR","08/2023","659","203","0"
"412795","TUPÃSSI","PR","12/2023","663","297","0"
"412795","TUPÃSSI","PR","06/2023","704","110","0"
"412796","TURVO","PR","02/2023","2849","267","0"
"412796","TURVO","PR","08/2023","2409","719","0"
"412796","TURVO","PR","01/2024","2399","723","0"
"412796","TURVO","PR","03/2023","2700","282","0"
"412796","TURVO","PR","09/2023","2449","714","0"
"412796","TURVO","PR","06/2023","2665","375","0"
"412796","TURVO","PR","11/2023","2400","742","0"
"412796","TURVO","PR","10/2023","2553","705","0"
"412796","TURVO","PR","04/2023","2708","299","0"
"412796","TURVO","PR","07/2023","2413","761","0"
"412796","TURVO","PR","12/2023","2424","718","0"
"412796","TURVO","PR","03/2024","2311","807","0"
"412796","TURVO","PR","01/2025","2115","829","0"
"412796","TURVO","PR","05/2024","2418","766","0"
"412796","TURVO","PR","02/2024","2442","700","0"
"412796","TURVO","PR","04/2024","2348","787","0"
"412796","TURVO","PR","09/2024","2308","806","0"
"412796","TURVO","PR","10/2024","2324","842","0"
"412796","TURVO","PR","12/2024","2234","810","0"
"412796","TURVO","PR","06/2024","2457","758","0"
"412796","TURVO","PR","11/2024","2308","832","0"
"412796","TURVO","PR","08/2024","2310","849","0"
"412796","TURVO","PR","07/2024","2315","850","0"
"412796","TURVO","PR","05/2025","2182","776","0"
"412796","TURVO","PR","04/2025","2190","804","0"
"412796","TURVO","PR","02/2025","2141","820","0"
"412796","TURVO","PR","06/2025","2191","758","0"
"412796","TURVO","PR","01/2026","2110","614","0"
"412796","TURVO","PR","07/2025","2108","686","0"
"412796","TURVO","PR","10/2025","2019","688","0"
"412796","TURVO","PR","11/2025","2018","667","0"
"412796","TURVO","PR","08/2025","2054","694","0"
"412796","TURVO","PR","03/2025","2175","826","0"
"412796","TURVO","PR","12/2025","2102","640","0"
"412796","TURVO","PR","09/2025","2044","692","0"
"412796","TURVO","PR","02/2026","2084","626","0"
"412796","TURVO","PR","03/2026","2025","605","0"
"412796","TURVO","PR","04/2026","2168","624","0"
"412796","TURVO","PR","05/2026","2142","625","0"
"412796","TURVO","PR","06/2026","2193","658","0"
"412796","TURVO","PR","08/2026","2136","641","0"
"412796","TURVO","PR","05/2023","2713","329","0"
"412800","UBIRATÃ","PR","05/2026","3177","900","0"
"412800","UBIRATÃ","PR","04/2026","2929","900","0"
"412800","UBIRATÃ","PR","03/2026","2978","884","0"
"412800","UBIRATÃ","PR","02/2026","3024","913","0"
"412800","UBIRATÃ","PR","04/2025","3453","1132","0"
"412800","UBIRATÃ","PR","12/2025","3074","847","0"
"412800","UBIRATÃ","PR","03/2025","3462","1144","0"
"412800","UBIRATÃ","PR","11/2025","2961","832","0"
"412800","UBIRATÃ","PR","10/2025","3020","869","0"
"412800","UBIRATÃ","PR","02/2025","3567","1080","0"
"412800","UBIRATÃ","PR","07/2025","3323","891","0"
"412800","UBIRATÃ","PR","01/2026","3048","912","0"
"412800","UBIRATÃ","PR","06/2025","3469","1114","0"
"412800","UBIRATÃ","PR","09/2025","3094","863","0"
"412800","UBIRATÃ","PR","08/2026","3074","889","0"
"412800","UBIRATÃ","PR","08/2025","3171","844","0"
"412800","UBIRATÃ","PR","05/2025","3453","1124","0"
"412800","UBIRATÃ","PR","01/2025","3570","1095","0"
"412800","UBIRATÃ","PR","10/2024","3779","1101","0"
"412800","UBIRATÃ","PR","05/2024","3912","956","0"
"412800","UBIRATÃ","PR","09/2024","4017","987","0"
"412800","UBIRATÃ","PR","08/2024","3953","1042","0"
"412800","UBIRATÃ","PR","07/2024","3917","1078","0"
"412800","UBIRATÃ","PR","06/2024","4213","930","0"
"412800","UBIRATÃ","PR","11/2024","3763","1080","0"
"412800","UBIRATÃ","PR","02/2024","4060","924","0"
"412800","UBIRATÃ","PR","04/2024","3909","1030","0"
"412800","UBIRATÃ","PR","12/2024","3777","1018","0"
"412800","UBIRATÃ","PR","03/2024","3879","1068","0"
"412800","UBIRATÃ","PR","06/2023","4262","259","0"
"412800","UBIRATÃ","PR","05/2023","4272","245","0"
"412800","UBIRATÃ","PR","09/2023","4063","784","0"
"412800","UBIRATÃ","PR","03/2023","4333","234","0"
"412800","UBIRATÃ","PR","07/2023","3564","865","0"
"412800","UBIRATÃ","PR","04/2023","4340","218","0"
"412800","UBIRATÃ","PR","08/2023","3932","825","0"
"412800","UBIRATÃ","PR","06/2026","3182","903","0"
"412800","UBIRATÃ","PR","02/2023","4527","273","0"
"412800","UBIRATÃ","PR","01/2024","3949","947","0"
"412800","UBIRATÃ","PR","12/2023","3893","980","0"
"412800","UBIRATÃ","PR","11/2023","3823","1029","0"
"412800","UBIRATÃ","PR","10/2023","4124","764","0"
"412810","UMUARAMA","PR","06/2023","12053","1249","0"
"412810","UMUARAMA","PR","08/2026","9559","2971","0"
"412810","UMUARAMA","PR","06/2026","9482","3159","0"
"412810","UMUARAMA","PR","05/2026","9523","3137","0"
"412810","UMUARAMA","PR","04/2026","9600","3122","0"
"412810","UMUARAMA","PR","03/2026","8944","3142","0"
"412810","UMUARAMA","PR","02/2026","9168","3344","0"
"412810","UMUARAMA","PR","07/2025","8779","3328","0"
"412810","UMUARAMA","PR","10/2025","8146","3279","0"
"412810","UMUARAMA","PR","12/2025","9419","3068","0"
"412810","UMUARAMA","PR","05/2025","9553","3655","0"
"412810","UMUARAMA","PR","09/2025","8319","3255","0"
"412810","UMUARAMA","PR","08/2025","8463","3249","0"
"412810","UMUARAMA","PR","01/2026","9312","3174","0"
"412810","UMUARAMA","PR","06/2025","9446","3679","0"
"412810","UMUARAMA","PR","04/2025","9700","3712","0"
"412810","UMUARAMA","PR","11/2025","8051","3164","0"
"412810","UMUARAMA","PR","02/2025","9924","3580","0"
"412810","UMUARAMA","PR","03/2025","9731","3764","0"
"412810","UMUARAMA","PR","06/2024","11434","3142","0"
"412810","UMUARAMA","PR","08/2024","10637","3423","0"
"412810","UMUARAMA","PR","10/2024","10364","3581","0"
"412810","UMUARAMA","PR","09/2024","10541","3328","0"
"412810","UMUARAMA","PR","03/2024","10581","3321","0"
"412810","UMUARAMA","PR","07/2024","10664","3597","0"
"412810","UMUARAMA","PR","12/2024","10411","3343","0"
"412810","UMUARAMA","PR","11/2024","10319","3454","0"
"412810","UMUARAMA","PR","02/2024","11466","2832","0"
"412810","UMUARAMA","PR","05/2024","10992","3207","0"
"412810","UMUARAMA","PR","04/2024","10445","3268","0"
"412810","UMUARAMA","PR","01/2025","9712","3596","0"
"412810","UMUARAMA","PR","04/2023","11440","1195","0"
"412810","UMUARAMA","PR","10/2023","11932","2608","0"
"412810","UMUARAMA","PR","11/2023","11280","3129","0"
"412810","UMUARAMA","PR","09/2023","11707","2631","0"
"412810","UMUARAMA","PR","08/2023","11314","2666","0"
"412810","UMUARAMA","PR","07/2023","10083","2902","0"
"412810","UMUARAMA","PR","02/2023","11875","1285","0"
"412810","UMUARAMA","PR","12/2023","11374","3024","0"
"412810","UMUARAMA","PR","01/2024","11351","2918","0"
"412810","UMUARAMA","PR","05/2023","12082","1239","0"
"412810","UMUARAMA","PR","03/2023","11552","1189","0"
"412820","UNIÃO DA VITÓRIA","PR","08/2026","5153","1521","0"
"412820","UNIÃO DA VITÓRIA","PR","06/2026","5131","1664","0"
"412820","UNIÃO DA VITÓRIA","PR","05/2026","5057","1722","0"
"412820","UNIÃO DA VITÓRIA","PR","04/2026","4973","1756","0"
"412820","UNIÃO DA VITÓRIA","PR","03/2026","4915","1831","0"
"412820","UNIÃO DA VITÓRIA","PR","10/2023","6047","1635","0"
"412820","UNIÃO DA VITÓRIA","PR","02/2026","4600","1952","0"
"412820","UNIÃO DA VITÓRIA","PR","04/2025","4817","2476","0"
"412820","UNIÃO DA VITÓRIA","PR","08/2025","4624","2100","0"
"412820","UNIÃO DA VITÓRIA","PR","06/2025","4866","2473","0"
"412820","UNIÃO DA VITÓRIA","PR","10/2025","4587","2005","0"
"412820","UNIÃO DA VITÓRIA","PR","03/2025","4804","2510","0"
"412820","UNIÃO DA VITÓRIA","PR","11/2025","4541","1885","0"
"412820","UNIÃO DA VITÓRIA","PR","05/2025","4814","2464","0"
"412820","UNIÃO DA VITÓRIA","PR","09/2025","4629","2021","0"
"412820","UNIÃO DA VITÓRIA","PR","07/2025","4648","2227","0"
"412820","UNIÃO DA VITÓRIA","PR","01/2026","4647","1875","0"
"412820","UNIÃO DA VITÓRIA","PR","12/2025","4713","1789","0"
"412820","UNIÃO DA VITÓRIA","PR","02/2025","5007","2334","0"
"412820","UNIÃO DA VITÓRIA","PR","04/2024","5403","2052","0"
"412820","UNIÃO DA VITÓRIA","PR","08/2024","5144","2298","0"
"412820","UNIÃO DA VITÓRIA","PR","10/2024","5074","2391","0"
"412820","UNIÃO DA VITÓRIA","PR","01/2025","4934","2352","0"
"412820","UNIÃO DA VITÓRIA","PR","09/2024","5157","2227","0"
"412820","UNIÃO DA VITÓRIA","PR","07/2024","5130","2351","0"
"412820","UNIÃO DA VITÓRIA","PR","06/2024","5607","1921","0"
"412820","UNIÃO DA VITÓRIA","PR","02/2024","5502","1849","0"
"412820","UNIÃO DA VITÓRIA","PR","05/2024","5484","1975","0"
"412820","UNIÃO DA VITÓRIA","PR","12/2024","5191","2237","0"
"412820","UNIÃO DA VITÓRIA","PR","03/2024","5227","2090","0"
"412820","UNIÃO DA VITÓRIA","PR","11/2024","5071","2375","0"
"412820","UNIÃO DA VITÓRIA","PR","12/2023","5554","2022","0"
"412820","UNIÃO DA VITÓRIA","PR","04/2023","6573","746","0"
"412820","UNIÃO DA VITÓRIA","PR","09/2023","5912","1683","0"
"412820","UNIÃO DA VITÓRIA","PR","05/2023","6633","757","0"
"412820","UNIÃO DA VITÓRIA","PR","01/2024","5552","1981","0"
"412820","UNIÃO DA VITÓRIA","PR","07/2023","5746","1788","0"
"412820","UNIÃO DA VITÓRIA","PR","03/2023","6451","770","0"
"412820","UNIÃO DA VITÓRIA","PR","06/2023","6570","811","0"
"412820","UNIÃO DA VITÓRIA","PR","02/2023","6723","849","0"
"412820","UNIÃO DA VITÓRIA","PR","08/2023","5840","1690","0"
"412820","UNIÃO DA VITÓRIA","PR","11/2023","5616","2061","0"
"412830","UNIFLOR","PR","02/2026","276","60","0"
"412830","UNIFLOR","PR","11/2023","288","98","0"
"412830","UNIFLOR","PR","06/2023","259","49","0"
"412830","UNIFLOR","PR","02/2023","255","64","0"
"412830","UNIFLOR","PR","09/2023","299","67","0"
"412830","UNIFLOR","PR","03/2023","263","54","0"
"412830","UNIFLOR","PR","01/2024","297","88","0"
"412830","UNIFLOR","PR","10/2023","316","66","0"
"412830","UNIFLOR","PR","04/2023","269","48","0"
"412830","UNIFLOR","PR","08/2023","269","67","0"
"412830","UNIFLOR","PR","12/2023","295","89","0"
"412830","UNIFLOR","PR","05/2023","266","39","0"
"412830","UNIFLOR","PR","07/2023","239","67","0"
"412830","UNIFLOR","PR","04/2024","284","94","0"
"412830","UNIFLOR","PR","08/2024","287","100","0"
"412830","UNIFLOR","PR","10/2024","283","114","0"
"412830","UNIFLOR","PR","05/2024","281","97","0"
"412830","UNIFLOR","PR","01/2025","268","116","0"
"412830","UNIFLOR","PR","07/2024","282","106","0"
"412830","UNIFLOR","PR","12/2024","281","105","0"
"412830","UNIFLOR","PR","06/2024","272","99","0"
"412830","UNIFLOR","PR","09/2024","292","101","0"
"412830","UNIFLOR","PR","11/2024","279","114","0"
"412830","UNIFLOR","PR","02/2024","297","85","0"
"412830","UNIFLOR","PR","03/2024","281","102","0"
"412830","UNIFLOR","PR","03/2025","267","107","0"
"412830","UNIFLOR","PR","09/2025","252","87","0"
"412830","UNIFLOR","PR","02/2025","257","118","0"
"412830","UNIFLOR","PR","12/2025","273","59","0"
"412830","UNIFLOR","PR","01/2026","278","58","0"
"412830","UNIFLOR","PR","11/2025","257","67","0"
"412830","UNIFLOR","PR","08/2025","250","86","0"
"412830","UNIFLOR","PR","05/2025","261","104","0"
"412830","UNIFLOR","PR","04/2025","261","104","0"
"412830","UNIFLOR","PR","07/2025","268","80","0"
"412830","UNIFLOR","PR","10/2025","254","79","0"
"412830","UNIFLOR","PR","06/2025","261","96","0"
"412830","UNIFLOR","PR","03/2026","265","65","0"
"412830","UNIFLOR","PR","04/2026","265","62","0"
"412830","UNIFLOR","PR","05/2026","269","64","0"
"412830","UNIFLOR","PR","06/2026","291","60","0"
"412830","UNIFLOR","PR","08/2026","299","60","0"
"412840","URAÍ","PR","10/2023","2181","252","0"
"412840","URAÍ","PR","08/2026","1408","420","0"
"412840","URAÍ","PR","06/2026","1454","424","0"
"412840","URAÍ","PR","05/2026","1477","409","0"
"412840","URAÍ","PR","04/2026","1495","415","0"
"412840","URAÍ","PR","03/2026","1497","410","0"
"412840","URAÍ","PR","02/2026","1525","401","0"
"412840","URAÍ","PR","08/2025","1679","352","0"
"412840","URAÍ","PR","03/2025","1774","447","0"
"412840","URAÍ","PR","05/2025","1756","442","0"
"412840","URAÍ","PR","11/2025","1622","332","0"
"412840","URAÍ","PR","10/2025","1656","363","0"
"412840","URAÍ","PR","07/2025","1700","365","0"
"412840","URAÍ","PR","01/2026","1581","332","0"
"412840","URAÍ","PR","06/2025","1758","442","0"
"412840","URAÍ","PR","04/2025","1765","442","0"
"412840","URAÍ","PR","02/2025","1811","437","0"
"412840","URAÍ","PR","12/2025","1563","319","0"
"412840","URAÍ","PR","09/2025","1686","348","0"
"412840","URAÍ","PR","08/2024","1909","353","0"
"412840","URAÍ","PR","01/2025","1815","441","0"
"412840","URAÍ","PR","09/2024","1921","351","0"
"412840","URAÍ","PR","10/2024","1856","410","0"
"412840","URAÍ","PR","07/2024","1929","358","0"
"412840","URAÍ","PR","06/2024","2011","329","0"
"412840","URAÍ","PR","02/2024","2071","309","0"
"412840","URAÍ","PR","05/2024","2026","335","0"
"412840","URAÍ","PR","04/2024","1988","353","0"
"412840","URAÍ","PR","12/2024","1849","424","0"
"412840","URAÍ","PR","03/2024","1981","353","0"
"412840","URAÍ","PR","11/2024","1865","411","0"
"412840","URAÍ","PR","11/2023","2033","349","0"
"412840","URAÍ","PR","01/2024","2039","317","0"
"412840","URAÍ","PR","05/2023","2275","75","0"
"412840","URAÍ","PR","08/2023","2116","264","0"
"412840","URAÍ","PR","04/2023","2299","75","0"
"412840","URAÍ","PR","07/2023","1996","291","0"
"412840","URAÍ","PR","03/2023","2309","81","0"
"412840","URAÍ","PR","12/2023","2012","343","0"
"412840","URAÍ","PR","02/2023","2319","95","0"
"412840","URAÍ","PR","09/2023","2151","256","0"
"412840","URAÍ","PR","06/2023","2268","73","0"
"412850","WENCESLAU BRAZ","PR","06/2026","3668","618","0"
"412850","WENCESLAU BRAZ","PR","03/2023","3519","228","0"
"412850","WENCESLAU BRAZ","PR","11/2023","3498","426","0"
"412850","WENCESLAU BRAZ","PR","06/2023","3499","281","0"
"412850","WENCESLAU BRAZ","PR","12/2023","3516","434","0"
"412850","WENCESLAU BRAZ","PR","02/2023","3558","237","0"
"412850","WENCESLAU BRAZ","PR","08/2023","3471","452","0"
"412850","WENCESLAU BRAZ","PR","09/2023","3513","448","0"
"412850","WENCESLAU BRAZ","PR","07/2023","3408","479","0"
"412850","WENCESLAU BRAZ","PR","05/2023","3610","199","0"
"412850","WENCESLAU BRAZ","PR","04/2023","3611","217","0"
"412850","WENCESLAU BRAZ","PR","01/2024","3535","405","0"
"412850","WENCESLAU BRAZ","PR","10/2023","3616","424","0"
"412850","WENCESLAU BRAZ","PR","12/2024","3798","650","0"
"412850","WENCESLAU BRAZ","PR","04/2024","3686","454","0"
"412850","WENCESLAU BRAZ","PR","07/2024","3685","608","0"
"412850","WENCESLAU BRAZ","PR","11/2024","3701","696","0"
"412850","WENCESLAU BRAZ","PR","10/2024","3672","707","0"
"412850","WENCESLAU BRAZ","PR","01/2025","3616","729","0"
"412850","WENCESLAU BRAZ","PR","05/2024","3785","414","0"
"412850","WENCESLAU BRAZ","PR","06/2024","3843","401","0"
"412850","WENCESLAU BRAZ","PR","09/2024","3710","584","0"
"412850","WENCESLAU BRAZ","PR","02/2024","3633","391","0"
"412850","WENCESLAU BRAZ","PR","03/2024","3586","458","0"
"412850","WENCESLAU BRAZ","PR","08/2024","3693","600","0"
"412850","WENCESLAU BRAZ","PR","12/2025","3489","611","0"
"412850","WENCESLAU BRAZ","PR","05/2025","3640","677","0"
"412850","WENCESLAU BRAZ","PR","03/2025","3614","723","0"
"412850","WENCESLAU BRAZ","PR","04/2025","3639","687","0"
"412850","WENCESLAU BRAZ","PR","01/2026","3469","646","0"
"412850","WENCESLAU BRAZ","PR","06/2025","3643","644","0"
"412850","WENCESLAU BRAZ","PR","09/2025","3273","691","0"
"412850","WENCESLAU BRAZ","PR","02/2025","3637","712","0"
"412850","WENCESLAU BRAZ","PR","11/2025","3213","635","0"
"412850","WENCESLAU BRAZ","PR","07/2025","3386","738","0"
"412850","WENCESLAU BRAZ","PR","10/2025","3250","656","0"
"412850","WENCESLAU BRAZ","PR","08/2025","3332","689","0"
"412850","WENCESLAU BRAZ","PR","02/2026","3440","678","0"
"412850","WENCESLAU BRAZ","PR","03/2026","3428","645","0"
"412850","WENCESLAU BRAZ","PR","04/2026","3428","625","0"
"412850","WENCESLAU BRAZ","PR","05/2026","3549","636","0"
"412850","WENCESLAU BRAZ","PR","08/2026","3667","570","0"
"412853","VENTANIA","PR","09/2024","1899","323","0"
"412853","VENTANIA","PR","06/2026","1667","274","0"
"412853","VENTANIA","PR","05/2026","1668","274","0"
"412853","VENTANIA","PR","04/2026","1677","288","0"
"412853","VENTANIA","PR","03/2026","1623","297","0"
"412853","VENTANIA","PR","02/2026","1635","298","0"
"412853","VENTANIA","PR","04/2025","1747","430","0"
"412853","VENTANIA","PR","08/2026","1598","289","0"
"412853","VENTANIA","PR","01/2026","1637","294","0"
"412853","VENTANIA","PR","06/2025","1755","422","0"
"412853","VENTANIA","PR","02/2025","1756","421","0"
"412853","VENTANIA","PR","08/2025","1534","367","0"
"412853","VENTANIA","PR","11/2025","1551","269","0"
"412853","VENTANIA","PR","03/2025","1732","447","0"
"412853","VENTANIA","PR","07/2025","1642","422","0"
"412853","VENTANIA","PR","12/2025","1641","272","0"
"412853","VENTANIA","PR","09/2025","1536","344","0"
"412853","VENTANIA","PR","05/2025","1744","426","0"
"412853","VENTANIA","PR","10/2025","1547","318","0"
"412853","VENTANIA","PR","01/2025","1710","421","0"
"412853","VENTANIA","PR","05/2024","1984","295","0"
"412853","VENTANIA","PR","04/2024","1970","314","0"
"412853","VENTANIA","PR","03/2024","1902","323","0"
"412853","VENTANIA","PR","10/2024","1847","380","0"
"412853","VENTANIA","PR","08/2024","1885","346","0"
"412853","VENTANIA","PR","07/2024","1894","370","0"
"412853","VENTANIA","PR","02/2024","1988","264","0"
"412853","VENTANIA","PR","12/2024","1808","389","0"
"412853","VENTANIA","PR","06/2024","2001","286","0"
"412853","VENTANIA","PR","11/2024","1834","390","0"
"412853","VENTANIA","PR","01/2024","1982","290","0"
"412853","VENTANIA","PR","11/2023","1944","339","0"
"412853","VENTANIA","PR","06/2023","2076","118","0"
"412853","VENTANIA","PR","12/2023","1956","318","0"
"412853","VENTANIA","PR","07/2023","1945","283","0"
"412853","VENTANIA","PR","02/2023","2099","112","0"
"412853","VENTANIA","PR","08/2023","1970","270","0"
"412853","VENTANIA","PR","03/2023","1982","100","0"
"412853","VENTANIA","PR","10/2023","2047","265","0"
"412853","VENTANIA","PR","05/2023","2091","95","0"
"412853","VENTANIA","PR","09/2023","2042","258","0"
"412853","VENTANIA","PR","04/2023","2024","90","0"
"412855","VERA CRUZ DO OESTE","PR","08/2026","504","215","0"
"412855","VERA CRUZ DO OESTE","PR","09/2023","635","334","0"
"412855","VERA CRUZ DO OESTE","PR","03/2023","643","291","0"
"412855","VERA CRUZ DO OESTE","PR","07/2023","592","376","0"
"412855","VERA CRUZ DO OESTE","PR","10/2023","647","334","0"
"412855","VERA CRUZ DO OESTE","PR","02/2023","638","317","0"
"412855","VERA CRUZ DO OESTE","PR","04/2023","649","288","0"
"412855","VERA CRUZ DO OESTE","PR","05/2023","627","296","0"
"412855","VERA CRUZ DO OESTE","PR","11/2023","608","345","0"
"412855","VERA CRUZ DO OESTE","PR","12/2023","585","361","0"
"412855","VERA CRUZ DO OESTE","PR","08/2023","603","341","0"
"412855","VERA CRUZ DO OESTE","PR","01/2024","601","335","0"
"412855","VERA CRUZ DO OESTE","PR","04/2024","559","372","0"
"412855","VERA CRUZ DO OESTE","PR","01/2025","512","396","0"
"412855","VERA CRUZ DO OESTE","PR","12/2024","539","374","0"
"412855","VERA CRUZ DO OESTE","PR","09/2024","540","372","0"
"412855","VERA CRUZ DO OESTE","PR","03/2024","548","393","0"
"412855","VERA CRUZ DO OESTE","PR","05/2024","559","369","0"
"412855","VERA CRUZ DO OESTE","PR","07/2024","546","391","0"
"412855","VERA CRUZ DO OESTE","PR","06/2024","569","376","0"
"412855","VERA CRUZ DO OESTE","PR","06/2023","603","309","0"
"412855","VERA CRUZ DO OESTE","PR","02/2024","591","353","0"
"412855","VERA CRUZ DO OESTE","PR","10/2024","503","397","0"
"412855","VERA CRUZ DO OESTE","PR","11/2024","511","395","0"
"412855","VERA CRUZ DO OESTE","PR","08/2024","542","383","0"
"412855","VERA CRUZ DO OESTE","PR","09/2025","444","342","0"
"412855","VERA CRUZ DO OESTE","PR","05/2025","497","420","0"
"412855","VERA CRUZ DO OESTE","PR","12/2025","507","252","0"
"412855","VERA CRUZ DO OESTE","PR","02/2025","526","400","0"
"412855","VERA CRUZ DO OESTE","PR","06/2025","496","401","0"
"412855","VERA CRUZ DO OESTE","PR","01/2026","481","266","0"
"412855","VERA CRUZ DO OESTE","PR","03/2025","495","430","0"
"412855","VERA CRUZ DO OESTE","PR","10/2025","450","322","0"
"412855","VERA CRUZ DO OESTE","PR","11/2025","462","272","0"
"412855","VERA CRUZ DO OESTE","PR","08/2025","476","336","0"
"412855","VERA CRUZ DO OESTE","PR","07/2025","461","343","0"
"412855","VERA CRUZ DO OESTE","PR","04/2025","497","434","0"
"412855","VERA CRUZ DO OESTE","PR","02/2026","476","269","0"
"412855","VERA CRUZ DO OESTE","PR","03/2026","503","247","0"
"412855","VERA CRUZ DO OESTE","PR","04/2026","489","251","0"
"412855","VERA CRUZ DO OESTE","PR","05/2026","497","244","0"
"412855","VERA CRUZ DO OESTE","PR","06/2026","491","253","0"
"412860","VERÊ","PR","05/2023","770","138","0"
"412860","VERÊ","PR","04/2023","737","133","0"
"412860","VERÊ","PR","11/2023","689","210","0"
"412860","VERÊ","PR","08/2023","752","185","0"
"412860","VERÊ","PR","06/2023","742","146","0"
"412860","VERÊ","PR","10/2023","775","195","0"
"412860","VERÊ","PR","09/2023","782","181","0"
"412860","VERÊ","PR","01/2024","676","183","0"
"412860","VERÊ","PR","03/2023","705","138","0"
"412860","VERÊ","PR","02/2023","720","145","0"
"412860","VERÊ","PR","07/2023","730","200","0"
"412860","VERÊ","PR","12/2023","702","201","0"
"412860","VERÊ","PR","09/2024","577","161","0"
"412860","VERÊ","PR","06/2024","649","120","0"
"412860","VERÊ","PR","12/2024","569","153","0"
"412860","VERÊ","PR","11/2024","564","155","0"
"412860","VERÊ","PR","10/2024","585","157","0"
"412860","VERÊ","PR","01/2025","546","158","0"
"412860","VERÊ","PR","05/2024","637","123","0"
"412860","VERÊ","PR","03/2024","643","149","0"
"412860","VERÊ","PR","02/2024","683","180","0"
"412860","VERÊ","PR","07/2024","581","156","0"
"412860","VERÊ","PR","08/2024","576","157","0"
"412860","VERÊ","PR","04/2024","638","122","0"
"412860","VERÊ","PR","04/2025","575","127","0"
"412860","VERÊ","PR","10/2025","418","186","0"
"412860","VERÊ","PR","05/2025","575","127","0"
"412860","VERÊ","PR","08/2025","452","156","0"
"412860","VERÊ","PR","09/2025","419","176","0"
"412860","VERÊ","PR","02/2025","544","149","0"
"412860","VERÊ","PR","12/2025","442","177","0"
"412860","VERÊ","PR","01/2026","433","169","0"
"412860","VERÊ","PR","11/2025","404","196","0"
"412860","VERÊ","PR","03/2025","570","144","0"
"412860","VERÊ","PR","07/2025","490","143","0"
"412860","VERÊ","PR","06/2025","559","120","0"
"412860","VERÊ","PR","02/2026","433","160","0"
"412860","VERÊ","PR","03/2026","410","163","0"
"412860","VERÊ","PR","04/2026","415","159","0"
"412860","VERÊ","PR","05/2026","400","147","0"
"412860","VERÊ","PR","06/2026","368","142","0"
"412860","VERÊ","PR","08/2026","334","142","0"
"412862","ALTO PARAÍSO","PR","08/2026","648","213","0"
"412862","ALTO PARAÍSO","PR","04/2023","675","114","0"
"412862","ALTO PARAÍSO","PR","02/2023","646","127","0"
"412862","ALTO PARAÍSO","PR","12/2023","698","175","0"
"412862","ALTO PARAÍSO","PR","06/2023","684","110","0"
"412862","ALTO PARAÍSO","PR","03/2023","668","127","0"
"412862","ALTO PARAÍSO","PR","10/2023","699","157","0"
"412862","ALTO PARAÍSO","PR","01/2024","703","164","0"
"412862","ALTO PARAÍSO","PR","09/2023","678","169","0"
"412862","ALTO PARAÍSO","PR","05/2023","687","110","0"
"412862","ALTO PARAÍSO","PR","07/2023","623","210","0"
"412862","ALTO PARAÍSO","PR","08/2023","639","191","0"
"412862","ALTO PARAÍSO","PR","11/2023","686","184","0"
"412862","ALTO PARAÍSO","PR","11/2024","731","186","0"
"412862","ALTO PARAÍSO","PR","02/2024","724","160","0"
"412862","ALTO PARAÍSO","PR","12/2024","722","191","0"
"412862","ALTO PARAÍSO","PR","10/2024","721","193","0"
"412862","ALTO PARAÍSO","PR","03/2024","718","179","0"
"412862","ALTO PARAÍSO","PR","08/2024","735","171","0"
"412862","ALTO PARAÍSO","PR","05/2024","751","156","0"
"412862","ALTO PARAÍSO","PR","09/2024","754","147","0"
"412862","ALTO PARAÍSO","PR","04/2024","726","166","0"
"412862","ALTO PARAÍSO","PR","01/2025","695","209","0"
"412862","ALTO PARAÍSO","PR","06/2024","776","141","0"
"412862","ALTO PARAÍSO","PR","07/2024","730","176","0"
"412862","ALTO PARAÍSO","PR","05/2025","680","226","0"
"412862","ALTO PARAÍSO","PR","12/2025","565","263","0"
"412862","ALTO PARAÍSO","PR","04/2025","678","226","0"
"412862","ALTO PARAÍSO","PR","06/2025","684","226","0"
"412862","ALTO PARAÍSO","PR","07/2025","606","237","0"
"412862","ALTO PARAÍSO","PR","01/2026","583","257","0"
"412862","ALTO PARAÍSO","PR","08/2025","606","239","0"
"412862","ALTO PARAÍSO","PR","09/2025","567","249","0"
"412862","ALTO PARAÍSO","PR","10/2025","548","265","0"
"412862","ALTO PARAÍSO","PR","11/2025","528","265","0"
"412862","ALTO PARAÍSO","PR","03/2025","683","229","0"
"412862","ALTO PARAÍSO","PR","02/2025","692","203","0"
"412862","ALTO PARAÍSO","PR","02/2026","575","256","0"
"412862","ALTO PARAÍSO","PR","03/2026","572","264","0"
"412862","ALTO PARAÍSO","PR","04/2026","562","257","0"
"412862","ALTO PARAÍSO","PR","05/2026","614","249","0"
"412862","ALTO PARAÍSO","PR","06/2026","617","244","0"
"412863","DOUTOR ULYSSES","PR","05/2023","2240","438","0"
"412863","DOUTOR ULYSSES","PR","08/2026","1770","488","0"
"412863","DOUTOR ULYSSES","PR","06/2026","1828","519","0"
"412863","DOUTOR ULYSSES","PR","05/2026","1851","517","0"
"412863","DOUTOR ULYSSES","PR","04/2026","1863","445","0"
"412863","DOUTOR ULYSSES","PR","03/2026","1889","438","0"
"412863","DOUTOR ULYSSES","PR","02/2026","1895","451","0"
"412863","DOUTOR ULYSSES","PR","08/2025","1838","425","0"
"412863","DOUTOR ULYSSES","PR","03/2025","1959","588","0"
"412863","DOUTOR ULYSSES","PR","05/2025","1966","536","0"
"412863","DOUTOR ULYSSES","PR","11/2025","1717","448","0"
"412863","DOUTOR ULYSSES","PR","10/2025","1763","463","0"
"412863","DOUTOR ULYSSES","PR","02/2025","1906","609","0"
"412863","DOUTOR ULYSSES","PR","01/2026","1904","440","0"
"412863","DOUTOR ULYSSES","PR","06/2025","1945","526","0"
"412863","DOUTOR ULYSSES","PR","12/2025","1922","429","0"
"412863","DOUTOR ULYSSES","PR","07/2025","1858","428","0"
"412863","DOUTOR ULYSSES","PR","04/2025","1976","568","0"
"412863","DOUTOR ULYSSES","PR","09/2025","1819","438","0"
"412863","DOUTOR ULYSSES","PR","08/2024","2245","407","0"
"412863","DOUTOR ULYSSES","PR","11/2024","2223","420","0"
"412863","DOUTOR ULYSSES","PR","09/2024","2205","400","0"
"412863","DOUTOR ULYSSES","PR","07/2024","2239","441","0"
"412863","DOUTOR ULYSSES","PR","03/2024","2205","482","0"
"412863","DOUTOR ULYSSES","PR","05/2024","2274","456","0"
"412863","DOUTOR ULYSSES","PR","12/2024","2211","406","0"
"412863","DOUTOR ULYSSES","PR","06/2024","2314","425","0"
"412863","DOUTOR ULYSSES","PR","02/2024","2253","431","0"
"412863","DOUTOR ULYSSES","PR","01/2025","1907","615","0"
"412863","DOUTOR ULYSSES","PR","10/2024","2208","427","0"
"412863","DOUTOR ULYSSES","PR","04/2024","2242","475","0"
"412863","DOUTOR ULYSSES","PR","07/2023","2067","666","0"
"412863","DOUTOR ULYSSES","PR","11/2023","2114","495","0"
"412863","DOUTOR ULYSSES","PR","09/2023","2165","537","0"
"412863","DOUTOR ULYSSES","PR","02/2023","2220","412","0"
"412863","DOUTOR ULYSSES","PR","04/2023","2235","407","0"
"412863","DOUTOR ULYSSES","PR","12/2023","2147","453","0"
"412863","DOUTOR ULYSSES","PR","01/2024","2183","439","0"
"412863","DOUTOR ULYSSES","PR","10/2023","2235","524","0"
"412863","DOUTOR ULYSSES","PR","03/2023","2198","414","0"
"412863","DOUTOR ULYSSES","PR","06/2023","2216","451","0"
"412863","DOUTOR ULYSSES","PR","08/2023","2100","564","0"
"412865","VIRMOND","PR","01/2025","475","160","0"
"412865","VIRMOND","PR","08/2026","377","150","0"
"412865","VIRMOND","PR","06/2026","369","159","0"
"412865","VIRMOND","PR","05/2026","385","153","0"
"412865","VIRMOND","PR","04/2026","391","174","0"
"412865","VIRMOND","PR","03/2026","358","175","0"
"412865","VIRMOND","PR","02/2026","368","184","0"
"412865","VIRMOND","PR","06/2025","451","159","0"
"412865","VIRMOND","PR","07/2025","425","159","0"
"412865","VIRMOND","PR","04/2025","461","164","0"
"412865","VIRMOND","PR","11/2025","375","174","0"
"412865","VIRMOND","PR","03/2025","462","168","0"
"412865","VIRMOND","PR","08/2025","396","163","0"
"412865","VIRMOND","PR","12/2025","386","170","0"
"412865","VIRMOND","PR","10/2025","398","169","0"
"412865","VIRMOND","PR","01/2026","378","174","0"
"412865","VIRMOND","PR","02/2025","462","158","0"
"412865","VIRMOND","PR","09/2025","405","169","0"
"412865","VIRMOND","PR","05/2025","451","154","0"
"412865","VIRMOND","PR","09/2024","498","125","0"
"412865","VIRMOND","PR","06/2024","511","112","0"
"412865","VIRMOND","PR","03/2024","443","148","0"
"412865","VIRMOND","PR","02/2024","467","112","0"
"412865","VIRMOND","PR","10/2024","488","160","0"
"412865","VIRMOND","PR","07/2024","479","143","0"
"412865","VIRMOND","PR","08/2024","487","136","0"
"412865","VIRMOND","PR","05/2024","497","114","0"
"412865","VIRMOND","PR","04/2024","462","124","0"
"412865","VIRMOND","PR","12/2024","497","146","0"
"412865","VIRMOND","PR","11/2024","482","158","0"
"412865","VIRMOND","PR","01/2024","470","107","0"
"412865","VIRMOND","PR","09/2023","554","128","0"
"412865","VIRMOND","PR","10/2023","568","135","0"
"412865","VIRMOND","PR","08/2023","530","122","0"
"412865","VIRMOND","PR","07/2023","534","127","0"
"412865","VIRMOND","PR","06/2023","544","86","0"
"412865","VIRMOND","PR","11/2023","520","134","0"
"412865","VIRMOND","PR","05/2023","569","71","0"
"412865","VIRMOND","PR","12/2023","516","128","0"
"412865","VIRMOND","PR","03/2023","624","68","0"
"412865","VIRMOND","PR","02/2023","654","50","0"
"412865","VIRMOND","PR","04/2023","621","73","0"
"412870","VITORINO","PR","08/2026","1172","255","0"
"412870","VITORINO","PR","06/2026","1111","304","0"
"412870","VITORINO","PR","05/2026","1135","273","0"
"412870","VITORINO","PR","04/2026","1149","260","0"
"412870","VITORINO","PR","03/2026","1076","259","0"
"412870","VITORINO","PR","02/2026","1124","253","0"
"412870","VITORINO","PR","04/2025","1136","360","0"
"412870","VITORINO","PR","08/2025","1072","306","0"
"412870","VITORINO","PR","06/2025","1133","345","0"
"412870","VITORINO","PR","03/2025","1126","364","0"
"412870","VITORINO","PR","11/2025","1049","226","0"
"412870","VITORINO","PR","10/2025","1077","243","0"
"412870","VITORINO","PR","01/2026","1137","228","0"
"412870","VITORINO","PR","07/2025","1094","329","0"
"412870","VITORINO","PR","02/2025","1061","382","0"
"412870","VITORINO","PR","12/2025","1135","224","0"
"412870","VITORINO","PR","09/2025","1070","285","0"
"412870","VITORINO","PR","05/2025","1131","353","0"
"412870","VITORINO","PR","09/2024","1130","324","0"
"412870","VITORINO","PR","08/2024","1135","335","0"
"412870","VITORINO","PR","07/2024","1138","345","0"
"412870","VITORINO","PR","11/2023","1024","312","0"
"412870","VITORINO","PR","03/2024","1088","304","0"
"412870","VITORINO","PR","01/2025","1047","384","0"
"412870","VITORINO","PR","05/2024","1198","291","0"
"412870","VITORINO","PR","06/2024","1200","270","0"
"412870","VITORINO","PR","04/2024","1153","303","0"
"412870","VITORINO","PR","02/2024","1120","274","0"
"412870","VITORINO","PR","12/2024","1105","347","0"
"412870","VITORINO","PR","10/2024","1069","383","0"
"412870","VITORINO","PR","11/2024","1083","372","0"
"412870","VITORINO","PR","10/2023","1136","227","0"
"412870","VITORINO","PR","05/2023","1143","103","0"
"412870","VITORINO","PR","08/2023","1048","240","0"
"412870","VITORINO","PR","04/2023","1124","101","0"
"412870","VITORINO","PR","03/2023","1132","104","0"
"412870","VITORINO","PR","07/2023","1013","251","0"
"412870","VITORINO","PR","09/2023","1097","230","0"
"412870","VITORINO","PR","01/2024","1095","281","0"
"412870","VITORINO","PR","06/2023","1131","104","0"
"412870","VITORINO","PR","02/2023","1187","133","0"
"412870","VITORINO","PR","12/2023","1057","302","0"
"412880","XAMBRÊ","PR","08/2026","1076","179","0"
"412880","XAMBRÊ","PR","11/2023","1010","326","0"
"412880","XAMBRÊ","PR","02/2023","1094","77","0"
"412880","XAMBRÊ","PR","01/2024","1054","310","0"
"412880","XAMBRÊ","PR","03/2023","1053","94","0"
"412880","XAMBRÊ","PR","07/2023","976","282","0"
"412880","XAMBRÊ","PR","04/2023","1074","98","0"
"412880","XAMBRÊ","PR","10/2023","1037","277","0"
"412880","XAMBRÊ","PR","08/2023","979","278","0"
"412880","XAMBRÊ","PR","09/2023","997","279","0"
"412880","XAMBRÊ","PR","12/2023","1031","318","0"
"412880","XAMBRÊ","PR","05/2023","1090","107","0"
"412880","XAMBRÊ","PR","06/2023","1080","116","0"
"412880","XAMBRÊ","PR","11/2024","1012","356","0"
"412880","XAMBRÊ","PR","03/2024","1050","353","0"
"412880","XAMBRÊ","PR","02/2024","1087","309","0"
"412880","XAMBRÊ","PR","01/2025","998","344","0"
"412880","XAMBRÊ","PR","04/2024","1047","362","0"
"412880","XAMBRÊ","PR","09/2024","1049","344","0"
"412880","XAMBRÊ","PR","12/2024","1036","332","0"
"412880","XAMBRÊ","PR","05/2024","1080","342","0"
"412880","XAMBRÊ","PR","06/2024","1089","330","0"
"412880","XAMBRÊ","PR","07/2024","1054","368","0"
"412880","XAMBRÊ","PR","10/2024","1018","352","0"
"412880","XAMBRÊ","PR","08/2024","1044","353","0"
"412880","XAMBRÊ","PR","09/2025","911","231","0"
"412880","XAMBRÊ","PR","04/2025","991","303","0"
"412880","XAMBRÊ","PR","02/2025","991","344","0"
"412880","XAMBRÊ","PR","01/2026","985","200","0"
"412880","XAMBRÊ","PR","05/2025","991","298","0"
"412880","XAMBRÊ","PR","11/2025","905","214","0"
"412880","XAMBRÊ","PR","03/2025","993","310","0"
"412880","XAMBRÊ","PR","07/2025","943","228","0"
"412880","XAMBRÊ","PR","08/2025","914","238","0"
"412880","XAMBRÊ","PR","10/2025","907","237","0"
"412880","XAMBRÊ","PR","12/2025","1000","195","0"
"412880","XAMBRÊ","PR","06/2025","995","288","0"
"412880","XAMBRÊ","PR","02/2026","970","206","0"
"412880","XAMBRÊ","PR","03/2026","980","191","0"
"412880","XAMBRÊ","PR","04/2026","1011","223","0"
"412880","XAMBRÊ","PR","05/2026","1045","202","0"
"412880","XAMBRÊ","PR","06/2026","1088","201","0"
